experiment,dataset,corruption_type,stress_level,objective,baseline,eval_trustworthiness_n,eval_trustworthiness_mean_diff,eval_trustworthiness_wilcoxon_stat,eval_trustworthiness_wilcoxon_p,eval_trustworthiness_cliffs_delta,eval_trustworthiness_positive_seed_count,eval_trustworthiness_negative_seed_count,eval_trustworthiness_tie_seed_count,eval_trustworthiness_direction_consistency,eval_neighborhood_recall_n,eval_neighborhood_recall_mean_diff,eval_neighborhood_recall_wilcoxon_stat,eval_neighborhood_recall_wilcoxon_p,eval_neighborhood_recall_cliffs_delta,eval_neighborhood_recall_positive_seed_count,eval_neighborhood_recall_negative_seed_count,eval_neighborhood_recall_tie_seed_count,eval_neighborhood_recall_direction_consistency,eval_silhouette_n,eval_silhouette_mean_diff,eval_silhouette_wilcoxon_stat,eval_silhouette_wilcoxon_p,eval_silhouette_cliffs_delta,eval_silhouette_positive_seed_count,eval_silhouette_negative_seed_count,eval_silhouette_tie_seed_count,eval_silhouette_direction_consistency,eval_knn_accuracy_n,eval_knn_accuracy_mean_diff,eval_knn_accuracy_wilcoxon_stat,eval_knn_accuracy_wilcoxon_p,eval_knn_accuracy_cliffs_delta,eval_knn_accuracy_positive_seed_count,eval_knn_accuracy_negative_seed_count,eval_knn_accuracy_tie_seed_count,eval_knn_accuracy_direction_consistency,eval_local_label_purity_n,eval_local_label_purity_mean_diff,eval_local_label_purity_wilcoxon_stat,eval_local_label_purity_wilcoxon_p,eval_local_label_purity_cliffs_delta,eval_local_label_purity_positive_seed_count,eval_local_label_purity_negative_seed_count,eval_local_label_purity_tie_seed_count,eval_local_label_purity_direction_consistency,eval_corrupted_edge_preservation_n,eval_corrupted_edge_preservation_mean_diff,eval_corrupted_edge_preservation_wilcoxon_stat,eval_corrupted_edge_preservation_wilcoxon_p,eval_corrupted_edge_preservation_cliffs_delta,eval_corrupted_edge_preservation_positive_seed_count,eval_corrupted_edge_preservation_negative_seed_count,eval_corrupted_edge_preservation_tie_seed_count,eval_corrupted_edge_preservation_direction_consistency,eval_corrupted_edge_q_mass_n,eval_corrupted_edge_q_mass_mean_diff,eval_corrupted_edge_q_mass_wilcoxon_stat,eval_corrupted_edge_q_mass_wilcoxon_p,eval_corrupted_edge_q_mass_cliffs_delta,eval_corrupted_edge_q_mass_positive_seed_count,eval_corrupted_edge_q_mass_negative_seed_count,eval_corrupted_edge_q_mass_tie_seed_count,eval_corrupted_edge_q_mass_direction_consistency
knn_graph,digits,block,0.0,fisher_rao,kl,10,-0.007536496777973067,1.0,0.00390625,-0.78,1,9,0,0.9,10,-0.026866666666666705,0.0,0.001953125,-1.0,0,10,0,1.0,10,-0.09970680624246597,0.0,0.001953125,-0.92,0,10,0,1.0,10,-0.015555555555555545,8.0,0.1953125,-0.38,3,5,2,0.5,10,-0.01026666666666668,14.0,0.193359375,-0.34,4,6,0,0.6,10,0.0,0.0,1.0,0.0,0,0,10,1.0,10,0.0,0.0,1.0,0.0,0,0,10,1.0
knn_graph,digits,block,0.0,hellinger,kl,10,-0.005648506151142374,2.0,0.005859375,-0.74,1,9,0,0.9,10,-0.027733333333333377,0.0,0.001953125,-1.0,0,10,0,1.0,10,-0.10329566150903702,0.0,0.001953125,-0.88,0,10,0,1.0,10,-0.015555555555555522,12.5,0.26953125,-0.41,3,6,1,0.6,10,-0.01043333333333336,9.0,0.064453125,-0.56,2,8,0,0.8,10,0.0,0.0,1.0,0.0,0,0,10,1.0,10,0.0,0.0,1.0,0.0,0,0,10,1.0
knn_graph,digits,block,0.0,jensen_shannon,kl,10,-0.01090415934387815,0.0,0.001953125,-0.88,0,10,0,1.0,10,-0.027633333333333343,0.0,0.001953125,-0.98,0,10,0,1.0,10,-0.1298518717288971,0.0,0.001953125,-0.94,0,10,0,1.0,10,-0.02666666666666666,2.5,0.015625,-0.59,1,8,1,0.8,10,-0.025566666666666682,2.0,0.005859375,-0.92,1,9,0,0.9,10,0.0,0.0,1.0,0.0,0,0,10,1.0,10,0.0,0.0,1.0,0.0,0,0,10,1.0
knn_graph,digits,block,0.0,kl_capped,kl,10,0.0,0.0,1.0,0.0,0,0,10,1.0,10,0.0,0.0,1.0,0.0,0,0,10,1.0,10,0.0,0.0,1.0,0.0,0,0,10,1.0,10,0.0,0.0,1.0,0.0,0,0,10,1.0,10,0.0,0.0,1.0,0.0,0,0,10,1.0,10,0.0,0.0,1.0,0.0,0,0,10,1.0,10,0.0,0.0,1.0,0.0,0,0,10,1.0
knn_graph,digits,block,0.0,kl_smoothed,kl,10,7.955477445811265e-05,3.0,0.009765625,0.08,9,1,0,0.9,10,-3.333333333336297e-05,8.0,0.65625,-0.03,3,3,4,0.4,10,-7.489025592803955e-05,3.0,0.009765625,-0.08,1,9,0,0.9,10,0.0,0.0,1.0,0.0,0,0,10,1.0,10,3.333333333332966e-05,2.0,1.0,0.02,2,1,7,0.7,10,0.0,0.0,1.0,0.0,0,0,10,1.0,10,0.0,0.0,1.0,0.0,0,0,10,1.0
knn_graph,digits,block,0.1,fisher_rao,kl,10,-0.015120562390158165,0.0,0.001953125,-0.94,0,10,0,1.0,10,-0.03383333333333334,0.0,0.001953125,-1.0,0,10,0,1.0,10,-0.12413873374462128,0.0,0.001953125,-0.94,0,10,0,1.0,10,-0.0311111111111111,0.0,0.00390625,-0.59,0,9,1,0.9,10,-0.022666666666666647,0.0,0.001953125,-0.68,0,10,0,1.0,10,-0.023999999999999994,12.5,0.140625,-0.32,2,8,0,0.8,10,-0.0034680549520999192,0.0,0.001953125,-0.5,0,10,0,1.0
knn_graph,digits,block,0.1,hellinger,kl,10,-0.014301698886936132,0.0,0.001953125,-0.94,0,10,0,1.0,10,-0.033400000000000006,0.0,0.001953125,-1.0,0,10,0,1.0,10,-0.12267530262470246,0.0,0.001953125,-0.9,0,10,0,1.0,10,-0.03222222222222221,0.0,0.001953125,-0.6,0,10,0,1.0,10,-0.022133333333333338,0.0,0.001953125,-0.68,0,10,0,1.0,10,-0.01933333333333333,18.0,0.375,-0.19,3,7,0,0.7,10,-0.003595060110092163,0.0,0.001953125,-0.48,0,10,0,1.0
knn_graph,digits,block,0.1,jensen_shannon,kl,10,-0.017138488576449906,0.0,0.001953125,-0.96,0,10,0,1.0,10,-0.0353666666666667,0.0,0.001953125,-1.0,0,10,0,1.0,10,-0.1580436959862709,0.0,0.001953125,-0.96,0,10,0,1.0,10,-0.03777777777777776,1.0,0.0078125,-0.61,1,8,1,0.8,10,-0.031866666666666675,1.0,0.00390625,-0.64,1,9,0,0.9,10,-0.03133333333333333,10.0,0.083984375,-0.42,2,8,0,0.8,10,-0.0023662587627768517,6.0,0.02734375,-0.28,2,8,0,0.8
knn_graph,digits,block,0.1,kl_capped,kl,10,0.0,0.0,1.0,0.0,0,0,10,1.0,10,0.0,0.0,1.0,0.0,0,0,10,1.0,10,0.0,0.0,1.0,0.0,0,0,10,1.0,10,0.0,0.0,1.0,0.0,0,0,10,1.0,10,0.0,0.0,1.0,0.0,0,0,10,1.0,10,0.0,0.0,1.0,0.0,0,0,10,1.0,10,0.0,0.0,1.0,0.0,0,0,10,1.0
knn_graph,digits,block,0.1,kl_smoothed,kl,10,7.685998828353968e-05,10.5,0.17578125,0.03,6,3,1,0.6,10,0.00030000000000000024,6.5,0.125,0.06,5,3,2,0.5,10,-9.292662143707275e-05,16.0,0.275390625,-0.02,4,6,0,0.6,10,0.0,0.0,1.0,0.0,0,0,10,1.0,10,-0.00020000000000001129,6.0,0.125,-0.06,2,6,2,0.6,10,-0.001333333333333335,0.0,0.5,-0.02,0,2,8,0.8,10,-2.8175301849842073e-06,8.0,0.048828125,-0.08,1,9,0,0.9
knn_graph,digits,block,0.2,fisher_rao,kl,10,-0.03018429994141768,0.0,0.001953125,-1.0,0,10,0,1.0,10,-0.049333333333333326,0.0,0.001953125,-1.0,0,10,0,1.0,10,-0.16202790588140487,0.0,0.001953125,-0.96,0,10,0,1.0,10,-0.0611111111111111,0.0,0.00390625,-0.71,0,9,1,0.9,10,-0.0549666666666667,0.0,0.001953125,-0.96,0,10,0,1.0,10,0.03166666666666665,5.5,0.021484375,0.43,8,2,0,0.8,10,0.010438917204737663,0.0,0.001953125,0.52,10,0,0,1.0
knn_graph,digits,block,0.2,hellinger,kl,10,-0.03020714704159343,0.0,0.001953125,-1.0,0,10,0,1.0,10,-0.048299999999999975,0.0,0.001953125,-1.0,0,10,0,1.0,10,-0.17020976915955544,0.0,0.001953125,-1.0,0,10,0,1.0,10,-0.05111111111111111,1.0,0.00390625,-0.62,1,9,0,0.9,10,-0.04603333333333335,0.0,0.001953125,-0.9,0,10,0,1.0,10,0.030666666666666665,5.0,0.017578125,0.38,8,2,0,0.8,10,0.010775607824325562,0.0,0.001953125,0.56,10,0,0,1.0
knn_graph,digits,block,0.2,jensen_shannon,kl,10,-0.0389574692442882,0.0,0.001953125,-1.0,0,10,0,1.0,10,-0.05896666666666665,0.0,0.001953125,-1.0,0,10,0,1.0,10,-0.23575435671955347,0.0,0.001953125,-1.0,0,10,0,1.0,10,-0.08333333333333334,0.0,0.001953125,-0.84,0,10,0,1.0,10,-0.08253333333333333,0.0,0.001953125,-0.94,0,10,0,1.0,10,0.02599999999999999,11.0,0.099609375,0.36,7,3,0,0.7,10,0.014081607386469842,0.0,0.001953125,0.62,10,0,0,1.0
knn_graph,digits,block,0.2,kl_capped,kl,10,0.0,0.0,1.0,0.0,0,0,10,1.0,10,0.0,0.0,1.0,0.0,0,0,10,1.0,10,0.0,0.0,1.0,0.0,0,0,10,1.0,10,0.0,0.0,1.0,0.0,0,0,10,1.0,10,0.0,0.0,1.0,0.0,0,0,10,1.0,10,0.0,0.0,1.0,0.0,0,0,10,1.0,10,0.0,0.0,1.0,0.0,0,0,10,1.0
knn_graph,digits,block,0.2,kl_smoothed,kl,10,0.0001957820738137217,8.0,0.048828125,0.06,7,3,0,0.7,10,-9.999999999998343e-05,10.0,0.9375,0.02,3,3,4,0.4,10,-7.069706916809081e-05,5.0,0.01953125,-0.08,1,9,0,0.9,10,0.0,0.0,1.0,0.0,0,0,10,1.0,10,0.0002999999999999892,11.5,0.3984375,0.04,6,2,2,0.6,10,-0.000666666666666671,1.0,0.5,-0.01,1,2,7,0.7,10,-1.4755502343177796e-05,10.0,0.083984375,-0.06,2,8,0,0.8
knn_graph,digits,block,0.3,fisher_rao,kl,10,-0.04481335676625662,0.0,0.001953125,-0.98,0,10,0,1.0,10,-0.06723333333333337,0.0,0.001953125,-1.0,0,10,0,1.0,10,-0.2236610648687929,0.0,0.001953125,-1.0,0,10,0,1.0,10,-0.08,0.0,0.001953125,-0.83,0,10,0,1.0,10,-0.07966666666666669,0.0,0.001953125,-0.9,0,10,0,1.0,10,0.032888888888888884,0.0,0.001953125,0.65,10,0,0,1.0,10,0.025248727202415465,0.0,0.001953125,0.7,10,0,0,1.0
knn_graph,digits,block,0.3,hellinger,kl,10,-0.047603046280023445,0.0,0.001953125,-1.0,0,10,0,1.0,10,-0.06843333333333332,0.0,0.001953125,-1.0,0,10,0,1.0,10,-0.21362977474927902,0.0,0.001953125,-1.0,0,10,0,1.0,10,-0.07444444444444445,0.0,0.00390625,-0.8,0,9,1,0.9,10,-0.07866666666666669,0.0,0.001953125,-0.98,0,10,0,1.0,10,0.03666666666666667,0.0,0.001953125,0.63,10,0,0,1.0,10,0.02650914862751961,0.0,0.001953125,0.72,10,0,0,1.0
knn_graph,digits,block,0.3,jensen_shannon,kl,10,-0.061752196836555376,0.0,0.001953125,-1.0,0,10,0,1.0,10,-0.09046666666666667,0.0,0.001953125,-1.0,0,10,0,1.0,10,-0.26623189807869496,0.0,0.001953125,-1.0,0,10,0,1.0,10,-0.09444444444444446,0.0,0.001953125,-0.92,0,10,0,1.0,10,-0.10940000000000003,0.0,0.001953125,-1.0,0,10,0,1.0,10,0.03711111111111111,0.0,0.001953125,0.64,10,0,0,1.0,10,0.03335979804396629,0.0,0.001953125,0.88,10,0,0,1.0
knn_graph,digits,block,0.3,kl_capped,kl,10,0.0,0.0,1.0,0.0,0,0,10,1.0,10,0.0,0.0,1.0,0.0,0,0,10,1.0,10,0.0,0.0,1.0,0.0,0,0,10,1.0,10,0.0,0.0,1.0,0.0,0,0,10,1.0,10,0.0,0.0,1.0,0.0,0,0,10,1.0,10,0.0,0.0,1.0,0.0,0,0,10,1.0,10,0.0,0.0,1.0,0.0,0,0,10,1.0
knn_graph,digits,block,0.3,kl_smoothed,kl,10,-0.0002434680726420946,18.0,0.375,-0.04,4,6,0,0.6,10,-0.0004999999999999949,18.5,0.388671875,-0.03,4,6,0,0.6,10,-0.0006056070327758789,3.0,0.009765625,-0.08,2,8,0,0.8,10,-0.0011111111111111183,1.5,0.75,-0.03,1,2,7,0.7,10,3.333333333332966e-05,14.5,0.6796875,0.02,5,3,2,0.5,10,-0.0006666666666666655,0.0,0.25,-0.04,0,3,7,0.7,10,-1.1091679334640503e-05,5.0,0.01953125,-0.08,1,9,0,0.9
knn_graph,digits,hub,0.0,fisher_rao,kl,10,-0.007536496777973067,1.0,0.00390625,-0.78,1,9,0,0.9,10,-0.026866666666666705,0.0,0.001953125,-1.0,0,10,0,1.0,10,-0.09970680624246597,0.0,0.001953125,-0.92,0,10,0,1.0,10,-0.015555555555555545,8.0,0.1953125,-0.38,3,5,2,0.5,10,-0.01026666666666668,14.0,0.193359375,-0.34,4,6,0,0.6,10,0.0,0.0,1.0,0.0,0,0,10,1.0,10,0.0,0.0,1.0,0.0,0,0,10,1.0
knn_graph,digits,hub,0.0,hellinger,kl,10,-0.005648506151142374,2.0,0.005859375,-0.74,1,9,0,0.9,10,-0.027733333333333377,0.0,0.001953125,-1.0,0,10,0,1.0,10,-0.10329566150903702,0.0,0.001953125,-0.88,0,10,0,1.0,10,-0.015555555555555522,12.5,0.26953125,-0.41,3,6,1,0.6,10,-0.01043333333333336,9.0,0.064453125,-0.56,2,8,0,0.8,10,0.0,0.0,1.0,0.0,0,0,10,1.0,10,0.0,0.0,1.0,0.0,0,0,10,1.0
knn_graph,digits,hub,0.0,jensen_shannon,kl,10,-0.01090415934387815,0.0,0.001953125,-0.88,0,10,0,1.0,10,-0.027633333333333343,0.0,0.001953125,-0.98,0,10,0,1.0,10,-0.1298518717288971,0.0,0.001953125,-0.94,0,10,0,1.0,10,-0.02666666666666666,2.5,0.015625,-0.59,1,8,1,0.8,10,-0.025566666666666682,2.0,0.005859375,-0.92,1,9,0,0.9,10,0.0,0.0,1.0,0.0,0,0,10,1.0,10,0.0,0.0,1.0,0.0,0,0,10,1.0
knn_graph,digits,hub,0.0,kl_capped,kl,10,0.0,0.0,1.0,0.0,0,0,10,1.0,10,0.0,0.0,1.0,0.0,0,0,10,1.0,10,0.0,0.0,1.0,0.0,0,0,10,1.0,10,0.0,0.0,1.0,0.0,0,0,10,1.0,10,0.0,0.0,1.0,0.0,0,0,10,1.0,10,0.0,0.0,1.0,0.0,0,0,10,1.0,10,0.0,0.0,1.0,0.0,0,0,10,1.0
knn_graph,digits,hub,0.0,kl_smoothed,kl,10,7.955477445811265e-05,3.0,0.009765625,0.08,9,1,0,0.9,10,-3.333333333336297e-05,8.0,0.65625,-0.03,3,3,4,0.4,10,-7.489025592803955e-05,3.0,0.009765625,-0.08,1,9,0,0.9,10,0.0,0.0,1.0,0.0,0,0,10,1.0,10,3.333333333332966e-05,2.0,1.0,0.02,2,1,7,0.7,10,0.0,0.0,1.0,0.0,0,0,10,1.0,10,0.0,0.0,1.0,0.0,0,0,10,1.0
knn_graph,digits,hub,0.1,fisher_rao,kl,10,-0.012604100761570014,0.0,0.001953125,-1.0,0,10,0,1.0,10,-0.033933333333333336,0.0,0.001953125,-1.0,0,10,0,1.0,10,-0.0945993646979332,0.0,0.001953125,-0.86,0,10,0,1.0,10,-0.015555555555555534,2.5,0.01953125,-0.43,1,8,1,0.8,10,-0.014933333333333344,5.0,0.01953125,-0.74,1,9,0,0.9,10,0.01666666666666667,8.0,0.048828125,0.53,8,2,0,0.8,10,0.0006754562491551042,8.0,0.048828125,0.54,7,3,0,0.7
knn_graph,digits,hub,0.1,hellinger,kl,10,-0.013324663151728167,2.0,0.005859375,-0.76,1,9,0,0.9,10,-0.03583333333333329,0.0,0.001953125,-1.0,0,10,0,1.0,10,-0.08448060899972916,0.0,0.001953125,-0.84,0,10,0,1.0,10,-0.01777777777777776,2.0,0.0234375,-0.51,1,7,2,0.7,10,-0.01573333333333332,7.0,0.03515625,-0.6,2,8,0,0.8,10,0.01866666666666667,7.5,0.03515625,0.61,7,3,0,0.7,10,0.0006150814704596996,11.0,0.10546875,0.42,6,4,0,0.6
knn_graph,digits,hub,0.1,jensen_shannon,kl,10,-0.015610661980082019,0.0,0.001953125,-1.0,0,10,0,1.0,10,-0.032133333333333305,0.0,0.001953125,-1.0,0,10,0,1.0,10,-0.10447686016559601,0.0,0.001953125,-0.88,0,10,0,1.0,10,-0.02222222222222222,8.0,0.08203125,-0.46,1,8,1,0.8,10,-0.019833333333333335,8.0,0.046875,-0.59,2,8,0,0.8,10,0.01866666666666667,0.0,0.00390625,0.66,9,0,1,0.9,10,0.0009493623394519091,0.0,0.001953125,0.76,10,0,0,1.0
knn_graph,digits,hub,0.1,kl_capped,kl,10,0.0,0.0,1.0,0.0,0,0,10,1.0,10,0.0,0.0,1.0,0.0,0,0,10,1.0,10,0.0,0.0,1.0,0.0,0,0,10,1.0,10,0.0,0.0,1.0,0.0,0,0,10,1.0,10,0.0,0.0,1.0,0.0,0,0,10,1.0,10,0.0,0.0,1.0,0.0,0,0,10,1.0,10,0.0,0.0,1.0,0.0,0,0,10,1.0
knn_graph,digits,hub,0.1,kl_smoothed,kl,10,0.0002347978910369086,11.0,0.3828125,0.04,5,3,2,0.5,10,0.00046666666666670407,10.0,0.15234375,0.09,6,3,1,0.6,10,0.00046651661396026613,15.0,0.232421875,-0.04,3,7,0,0.7,10,0.0,0.0,1.0,0.0,0,0,10,1.0,10,0.0007000000000000117,1.0,0.25,0.09,3,1,6,0.6,10,0.0,0.0,1.0,0.0,0,0,10,1.0,10,3.893114626407623e-06,1.0,0.00390625,0.08,9,1,0,0.9
knn_graph,digits,hub,0.2,fisher_rao,kl,10,-0.010814176918570617,0.0,0.001953125,-0.96,0,10,0,1.0,10,-0.03166666666666666,0.0,0.001953125,-1.0,0,10,0,1.0,10,-0.08424961417913437,0.0,0.001953125,-0.76,0,10,0,1.0,10,-0.016666666666666663,12.0,0.25390625,-0.31,2,7,1,0.7,10,-0.008300000000000007,13.0,0.16015625,-0.32,3,7,0,0.7,10,0.01622053543977483,3.0,0.009765625,0.73,8,2,0,0.8,10,0.0007642542943358422,5.0,0.01953125,0.52,8,2,0,0.8
knn_graph,digits,hub,0.2,hellinger,kl,10,-0.010819449326303465,3.0,0.009765625,-0.82,2,8,0,0.8,10,-0.031199999999999978,0.0,0.001953125,-1.0,0,10,0,1.0,10,-0.07284814417362213,1.0,0.00390625,-0.68,1,9,0,0.9,10,-0.016666666666666684,8.5,0.21875,-0.34,2,6,2,0.6,10,-0.007733333333333314,19.0,0.431640625,-0.12,4,6,0,0.6,10,0.016591679693970095,1.5,0.005859375,0.77,9,1,0,0.9,10,0.0008995622396469116,4.0,0.013671875,0.52,8,2,0,0.8
knn_graph,digits,hub,0.2,jensen_shannon,kl,10,-0.017320210896309328,0.0,0.001953125,-1.0,0,10,0,1.0,10,-0.030733333333333324,0.0,0.001953125,-1.0,0,10,0,1.0,10,-0.11232209205627441,0.0,0.001953125,-0.86,0,10,0,1.0,10,-0.025555555555555543,13.5,0.15625,-0.43,2,8,0,0.8,10,-0.021633333333333327,5.0,0.01953125,-0.54,2,8,0,0.8,10,0.016144440853412344,5.0,0.0390625,0.69,8,1,1,0.8,10,0.0013957994990050793,0.0,0.001953125,0.82,10,0,0,1.0
knn_graph,digits,hub,0.2,kl_capped,kl,10,0.0,0.0,1.0,0.0,0,0,10,1.0,10,0.0,0.0,1.0,0.0,0,0,10,1.0,10,0.0,0.0,1.0,0.0,0,0,10,1.0,10,0.0,0.0,1.0,0.0,0,0,10,1.0,10,0.0,0.0,1.0,0.0,0,0,10,1.0,10,0.0,0.0,1.0,0.0,0,0,10,1.0,10,0.0,0.0,1.0,0.0,0,0,10,1.0
knn_graph,digits,hub,0.2,kl_smoothed,kl,10,0.00020574106619800637,17.0,0.322265625,0.08,8,2,0,0.8,10,0.000333333333333341,12.0,0.828125,-0.01,4,3,3,0.4,10,-0.000141945481300354,7.0,0.037109375,-0.1,1,9,0,0.9,10,0.0,0.0,1.0,0.0,0,0,10,1.0,10,-3.333333333332966e-05,10.0,1.0,0.02,3,3,4,0.4,10,0.00037453183520599274,0.0,1.0,0.03,1,0,9,0.9,10,-1.193080097436905e-05,27.0,1.0,-0.02,4,6,0,0.6
knn_graph,digits,hub,0.3,fisher_rao,kl,10,-0.010814176918570617,0.0,0.001953125,-0.96,0,10,0,1.0,10,-0.03166666666666666,0.0,0.001953125,-1.0,0,10,0,1.0,10,-0.08424961417913437,0.0,0.001953125,-0.76,0,10,0,1.0,10,-0.016666666666666663,12.0,0.25390625,-0.31,2,7,1,0.7,10,-0.008300000000000007,13.0,0.16015625,-0.32,3,7,0,0.7,10,0.01622053543977483,3.0,0.009765625,0.73,8,2,0,0.8,10,0.0007642542943358422,5.0,0.01953125,0.52,8,2,0,0.8
knn_graph,digits,hub,0.3,hellinger,kl,10,-0.010819449326303465,3.0,0.009765625,-0.82,2,8,0,0.8,10,-0.031199999999999978,0.0,0.001953125,-1.0,0,10,0,1.0,10,-0.07284814417362213,1.0,0.00390625,-0.68,1,9,0,0.9,10,-0.016666666666666684,8.5,0.21875,-0.34,2,6,2,0.6,10,-0.007733333333333314,19.0,0.431640625,-0.12,4,6,0,0.6,10,0.016591679693970095,1.5,0.005859375,0.77,9,1,0,0.9,10,0.0008995622396469116,4.0,0.013671875,0.52,8,2,0,0.8
knn_graph,digits,hub,0.3,jensen_shannon,kl,10,-0.017320210896309328,0.0,0.001953125,-1.0,0,10,0,1.0,10,-0.030733333333333324,0.0,0.001953125,-1.0,0,10,0,1.0,10,-0.11232209205627441,0.0,0.001953125,-0.86,0,10,0,1.0,10,-0.025555555555555543,13.5,0.15625,-0.43,2,8,0,0.8,10,-0.021633333333333327,5.0,0.01953125,-0.54,2,8,0,0.8,10,0.016144440853412344,5.0,0.0390625,0.69,8,1,1,0.8,10,0.0013957994990050793,0.0,0.001953125,0.82,10,0,0,1.0
knn_graph,digits,hub,0.3,kl_capped,kl,10,0.0,0.0,1.0,0.0,0,0,10,1.0,10,0.0,0.0,1.0,0.0,0,0,10,1.0,10,0.0,0.0,1.0,0.0,0,0,10,1.0,10,0.0,0.0,1.0,0.0,0,0,10,1.0,10,0.0,0.0,1.0,0.0,0,0,10,1.0,10,0.0,0.0,1.0,0.0,0,0,10,1.0,10,0.0,0.0,1.0,0.0,0,0,10,1.0
knn_graph,digits,hub,0.3,kl_smoothed,kl,10,0.00020574106619800637,17.0,0.322265625,0.08,8,2,0,0.8,10,0.000333333333333341,12.0,0.828125,-0.01,4,3,3,0.4,10,-0.000141945481300354,7.0,0.037109375,-0.1,1,9,0,0.9,10,0.0,0.0,1.0,0.0,0,0,10,1.0,10,-3.333333333332966e-05,10.0,1.0,0.02,3,3,4,0.4,10,0.00037453183520599274,0.0,1.0,0.03,1,0,9,0.9,10,-1.193080097436905e-05,27.0,1.0,-0.02,4,6,0,0.6
knn_graph,digits,uniform,0.0,fisher_rao,kl,10,-0.007536496777973067,1.0,0.00390625,-0.78,1,9,0,0.9,10,-0.026866666666666705,0.0,0.001953125,-1.0,0,10,0,1.0,10,-0.09970680624246597,0.0,0.001953125,-0.92,0,10,0,1.0,10,-0.015555555555555545,8.0,0.1953125,-0.38,3,5,2,0.5,10,-0.01026666666666668,14.0,0.193359375,-0.34,4,6,0,0.6,10,0.0,0.0,1.0,0.0,0,0,10,1.0,10,0.0,0.0,1.0,0.0,0,0,10,1.0
knn_graph,digits,uniform,0.0,hellinger,kl,10,-0.005648506151142374,2.0,0.005859375,-0.74,1,9,0,0.9,10,-0.027733333333333377,0.0,0.001953125,-1.0,0,10,0,1.0,10,-0.10329566150903702,0.0,0.001953125,-0.88,0,10,0,1.0,10,-0.015555555555555522,12.5,0.26953125,-0.41,3,6,1,0.6,10,-0.01043333333333336,9.0,0.064453125,-0.56,2,8,0,0.8,10,0.0,0.0,1.0,0.0,0,0,10,1.0,10,0.0,0.0,1.0,0.0,0,0,10,1.0
knn_graph,digits,uniform,0.0,jensen_shannon,kl,10,-0.01090415934387815,0.0,0.001953125,-0.88,0,10,0,1.0,10,-0.027633333333333343,0.0,0.001953125,-0.98,0,10,0,1.0,10,-0.1298518717288971,0.0,0.001953125,-0.94,0,10,0,1.0,10,-0.02666666666666666,2.5,0.015625,-0.59,1,8,1,0.8,10,-0.025566666666666682,2.0,0.005859375,-0.92,1,9,0,0.9,10,0.0,0.0,1.0,0.0,0,0,10,1.0,10,0.0,0.0,1.0,0.0,0,0,10,1.0
knn_graph,digits,uniform,0.0,kl_capped,kl,10,0.0,0.0,1.0,0.0,0,0,10,1.0,10,0.0,0.0,1.0,0.0,0,0,10,1.0,10,0.0,0.0,1.0,0.0,0,0,10,1.0,10,0.0,0.0,1.0,0.0,0,0,10,1.0,10,0.0,0.0,1.0,0.0,0,0,10,1.0,10,0.0,0.0,1.0,0.0,0,0,10,1.0,10,0.0,0.0,1.0,0.0,0,0,10,1.0
knn_graph,digits,uniform,0.0,kl_smoothed,kl,10,7.955477445811265e-05,3.0,0.009765625,0.08,9,1,0,0.9,10,-3.333333333336297e-05,8.0,0.65625,-0.03,3,3,4,0.4,10,-7.489025592803955e-05,3.0,0.009765625,-0.08,1,9,0,0.9,10,0.0,0.0,1.0,0.0,0,0,10,1.0,10,3.333333333332966e-05,2.0,1.0,0.02,2,1,7,0.7,10,0.0,0.0,1.0,0.0,0,0,10,1.0,10,0.0,0.0,1.0,0.0,0,0,10,1.0
knn_graph,digits,uniform,0.1,fisher_rao,kl,10,-0.011321968365553636,0.0,0.001953125,-1.0,0,10,0,1.0,10,-0.03613333333333335,0.0,0.001953125,-1.0,0,10,0,1.0,10,-0.1022465705871582,0.0,0.001953125,-0.92,0,10,0,1.0,10,-0.03555555555555555,1.5,0.005859375,-0.64,1,9,0,0.9,10,-0.01726666666666672,3.0,0.009765625,-0.78,1,9,0,0.9,10,0.003333333333333333,7.0,0.5625,0.18,3,3,4,0.4,10,-0.00031555207679048183,12.0,0.130859375,-0.46,2,8,0,0.8
knn_graph,digits,uniform,0.1,hellinger,kl,10,-0.010270181605155259,0.0,0.001953125,-1.0,0,10,0,1.0,10,-0.03456666666666669,0.0,0.001953125,-1.0,0,10,0,1.0,10,-0.10151093155145645,0.0,0.001953125,-1.0,0,10,0,1.0,10,-0.03333333333333331,0.0,0.001953125,-0.69,0,10,0,1.0,10,-0.014500000000000058,3.0,0.009765625,-0.68,1,9,0,0.9,10,-0.0020000000000000005,8.5,0.75,-0.04,2,4,4,0.4,10,-0.0003915640292689204,5.0,0.01953125,-0.52,1,9,0,0.9
knn_graph,digits,uniform,0.1,jensen_shannon,kl,10,-0.014855418863503245,0.0,0.001953125,-1.0,0,10,0,1.0,10,-0.035333333333333404,0.0,0.001953125,-1.0,0,10,0,1.0,10,-0.13344283774495125,0.0,0.001953125,-1.0,0,10,0,1.0,10,-0.04222222222222223,0.0,0.001953125,-0.68,0,10,0,1.0,10,-0.03513333333333333,0.0,0.001953125,-0.9,0,10,0,1.0,10,0.004666666666666666,8.0,0.1953125,0.19,5,3,2,0.5,10,-0.0003469491784926504,7.0,0.037109375,-0.5,1,9,0,0.9
knn_graph,digits,uniform,0.1,kl_capped,kl,10,0.0,0.0,1.0,0.0,0,0,10,1.0,10,0.0,0.0,1.0,0.0,0,0,10,1.0,10,0.0,0.0,1.0,0.0,0,0,10,1.0,10,0.0,0.0,1.0,0.0,0,0,10,1.0,10,0.0,0.0,1.0,0.0,0,0,10,1.0,10,0.0,0.0,1.0,0.0,0,0,10,1.0,10,0.0,0.0,1.0,0.0,0,0,10,1.0
knn_graph,digits,uniform,0.1,kl_smoothed,kl,10,3.9953134153469795e-05,12.0,0.25,0.07,7,2,1,0.7,10,0.00023333333333330764,8.5,0.40625,0.01,4,3,3,0.4,10,-3.066658973693848e-06,26.0,0.921875,0.02,5,5,0,0.5,10,0.0,0.0,1.0,0.0,0,0,10,1.0,10,-0.00013333333333337416,11.0,0.1953125,-0.02,4,5,1,0.5,10,0.0,0.0,1.0,0.0,0,0,10,1.0,10,-4.470138810575008e-06,4.0,0.013671875,-0.06,2,8,0,0.8
knn_graph,digits,uniform,0.2,fisher_rao,kl,10,-0.010273345049794968,1.0,0.00390625,-0.8,1,9,0,0.9,10,-0.03280000000000004,0.0,0.001953125,-1.0,0,10,0,1.0,10,-0.0859364166855812,0.0,0.001953125,-0.82,0,10,0,1.0,10,-0.03999999999999998,0.0,0.00390625,-0.66,0,9,1,0.9,10,-0.01593333333333331,7.0,0.037109375,-0.5,3,7,0,0.7,10,0.004666666666666668,8.0,0.1015625,0.23,6,3,1,0.6,10,-0.0008753624744713307,1.0,0.00390625,-0.6,1,9,0,0.9
knn_graph,digits,uniform,0.2,hellinger,kl,10,-0.013374809607498539,0.0,0.001953125,-0.92,0,10,0,1.0,10,-0.035233333333333346,0.0,0.001953125,-1.0,0,10,0,1.0,10,-0.08280913382768632,0.0,0.001953125,-0.88,0,10,0,1.0,10,-0.03777777777777776,1.0,0.0078125,-0.61,1,8,1,0.8,10,-0.017699999999999928,6.0,0.0546875,-0.59,3,6,1,0.6,10,6.938893903907229e-19,21.0,0.859375,-0.03,5,4,1,0.5,10,-0.0007637162460014224,0.0,0.001953125,-0.52,0,10,0,1.0
knn_graph,digits,uniform,0.2,jensen_shannon,kl,10,-0.016563093145869946,0.0,0.001953125,-0.9,0,10,0,1.0,10,-0.03576666666666669,0.0,0.001953125,-1.0,0,10,0,1.0,10,-0.1080089345574379,0.0,0.001953125,-0.9,0,10,0,1.0,10,-0.05666666666666666,0.0,0.001953125,-0.87,0,10,0,1.0,10,-0.02856666666666664,5.0,0.01953125,-0.78,2,8,0,0.8,10,0.004000000000000001,14.0,0.19140625,0.23,6,4,0,0.6,10,-0.0007871820591390133,2.0,0.005859375,-0.5,1,9,0,0.9
knn_graph,digits,uniform,0.2,kl_capped,kl,10,0.0,0.0,1.0,0.0,0,0,10,1.0,10,0.0,0.0,1.0,0.0,0,0,10,1.0,10,0.0,0.0,1.0,0.0,0,0,10,1.0,10,0.0,0.0,1.0,0.0,0,0,10,1.0,10,0.0,0.0,1.0,0.0,0,0,10,1.0,10,0.0,0.0,1.0,0.0,0,0,10,1.0,10,0.0,0.0,1.0,0.0,0,0,10,1.0
knn_graph,digits,uniform,0.2,kl_smoothed,kl,10,0.00012724077328646333,6.0,0.21875,0.03,4,3,3,0.4,10,0.00030000000000000024,6.0,0.109375,0.04,6,2,2,0.6,10,1.1324882507324219e-05,22.0,0.625,0.02,6,4,0,0.6,10,-0.0011111111111111183,0.0,1.0,-0.04,0,1,9,0.9,10,0.00013333333333332976,0.0,0.25,0.03,3,0,7,0.7,10,0.0,0.0,1.0,0.0,0,0,10,1.0,10,3.9828009903430937e-07,17.0,0.322265625,-0.02,4,6,0,0.6
knn_graph,digits,uniform,0.3,fisher_rao,kl,10,-0.0144735793790275,0.0,0.001953125,-0.84,0,10,0,1.0,10,-0.03553333333333337,0.0,0.001953125,-1.0,0,10,0,1.0,10,-0.09581618458032608,0.0,0.001953125,-0.84,0,10,0,1.0,10,-0.037777777777777785,1.5,0.005859375,-0.79,1,9,0,0.9,10,-0.019166666666666655,3.0,0.009765625,-0.74,1,9,0,0.9,10,-0.0004444444444444438,22.0,1.0,0.0,4,5,1,0.5,10,-0.0012404290027916431,2.0,0.005859375,-0.66,1,9,0,0.9
knn_graph,digits,uniform,0.3,hellinger,kl,10,-0.016731458699472734,0.0,0.001953125,-0.88,0,10,0,1.0,10,-0.036166666666666694,0.0,0.001953125,-1.0,0,10,0,1.0,10,-0.08830143958330154,0.0,0.001953125,-0.76,0,10,0,1.0,10,-0.043333333333333335,0.0,0.015625,-0.77,0,7,3,0.7,10,-0.023099999999999964,6.0,0.02734375,-0.72,3,7,0,0.7,10,-0.00022222222222222158,26.0,0.9140625,0.0,5,5,0,0.5,10,-0.0012467507738620042,3.0,0.009765625,-0.6,2,8,0,0.8
knn_graph,digits,uniform,0.3,jensen_shannon,kl,10,-0.02200972466315171,0.0,0.001953125,-1.0,0,10,0,1.0,10,-0.03766666666666668,0.0,0.001953125,-1.0,0,10,0,1.0,10,-0.12905272990465164,0.0,0.001953125,-0.9,0,10,0,1.0,10,-0.039999999999999994,2.5,0.015625,-0.77,1,8,1,0.8,10,-0.030699999999999995,3.0,0.009765625,-0.74,2,8,0,0.8,10,0.002000000000000001,11.0,0.3671875,0.16,5,3,2,0.5,10,-0.0010918420739471912,6.0,0.02734375,-0.52,3,7,0,0.7
knn_graph,digits,uniform,0.3,kl_capped,kl,10,0.0,0.0,1.0,0.0,0,0,10,1.0,10,0.0,0.0,1.0,0.0,0,0,10,1.0,10,0.0,0.0,1.0,0.0,0,0,10,1.0,10,0.0,0.0,1.0,0.0,0,0,10,1.0,10,0.0,0.0,1.0,0.0,0,0,10,1.0,10,0.0,0.0,1.0,0.0,0,0,10,1.0,10,0.0,0.0,1.0,0.0,0,0,10,1.0
knn_graph,digits,uniform,0.3,kl_smoothed,kl,10,3.8312829525499745e-05,20.0,0.4921875,0.06,7,3,0,0.7,10,-3.333333333338517e-05,24.0,0.767578125,-0.03,5,5,0,0.5,10,0.00016102343797683716,27.0,1.0,0.0,6,4,0,0.6,10,0.0,0.0,1.0,0.0,0,0,10,1.0,10,0.000900000000000023,5.0,0.0859375,0.08,6,2,2,0.6,10,-0.0004444444444444438,0.0,0.5,-0.06,0,2,8,0.8,10,-2.44947150349617e-06,13.0,0.16015625,-0.06,2,8,0,0.8
knn_graph,mnist,block,0.0,fisher_rao,kl,10,-0.015016871704745183,0.0,0.001953125,-0.96,0,10,0,1.0,10,-0.01876666666666666,0.0,0.001953125,-1.0,0,10,0,1.0,10,-0.04701553257182241,0.0,0.001953125,-0.88,0,10,0,1.0,10,-0.047777777777777766,3.0,0.009765625,-0.63,1,9,0,0.9,10,-0.010599999999999998,11.5,0.11328125,-0.34,2,8,0,0.8,10,0.0,0.0,1.0,0.0,0,0,10,1.0,10,0.0,0.0,1.0,0.0,0,0,10,1.0
knn_graph,mnist,block,0.0,hellinger,kl,10,-0.016398242530755714,0.0,0.001953125,-1.0,0,10,0,1.0,10,-0.017766666666666635,0.0,0.001953125,-1.0,0,10,0,1.0,10,-0.04673389240633696,0.0,0.001953125,-0.88,0,10,0,1.0,10,-0.05111111111111111,2.0,0.005859375,-0.61,1,9,0,0.9,10,-0.009300000000000041,13.0,0.16015625,-0.37,2,8,0,0.8,10,0.0,0.0,1.0,0.0,0,0,10,1.0,10,0.0,0.0,1.0,0.0,0,0,10,1.0
knn_graph,mnist,block,0.0,jensen_shannon,kl,10,-0.017221323960164035,0.0,0.001953125,-1.0,0,10,0,1.0,10,-0.01496666666666665,0.0,0.001953125,-0.96,0,10,0,1.0,10,-0.05556499897502363,0.0,0.001953125,-0.96,0,10,0,1.0,10,-0.05555555555555554,1.5,0.005859375,-0.66,1,9,0,0.9,10,-0.02660000000000004,3.0,0.009765625,-0.72,1,9,0,0.9,10,0.0,0.0,1.0,0.0,0,0,10,1.0,10,0.0,0.0,1.0,0.0,0,0,10,1.0
knn_graph,mnist,block,0.0,kl_capped,kl,10,0.0,0.0,1.0,0.0,0,0,10,1.0,10,0.0,0.0,1.0,0.0,0,0,10,1.0,10,0.0,0.0,1.0,0.0,0,0,10,1.0,10,0.0,0.0,1.0,0.0,0,0,10,1.0,10,0.0,0.0,1.0,0.0,0,0,10,1.0,10,0.0,0.0,1.0,0.0,0,0,10,1.0,10,0.0,0.0,1.0,0.0,0,0,10,1.0
knn_graph,mnist,block,0.0,kl_smoothed,kl,10,-0.0003668424135910953,22.0,0.625,0.0,4,6,0,0.6,10,0.0007999999999999952,6.0,0.05859375,0.11,7,2,1,0.7,10,0.0003733556717634201,19.0,0.431640625,0.04,6,4,0,0.6,10,-0.006666666666666665,1.5,0.375,-0.15,1,3,6,0.6,10,-2.2204460492503132e-17,13.0,0.953125,0.07,4,3,3,0.4,10,0.0,0.0,1.0,0.0,0,0,10,1.0,10,0.0,0.0,1.0,0.0,0,0,10,1.0
knn_graph,mnist,block,0.1,fisher_rao,kl,10,-0.017378910369068544,0.0,0.001953125,-0.88,0,10,0,1.0,10,-0.017533333333333335,1.0,0.00390625,-0.77,1,9,0,0.9,10,-0.04876847486011684,1.0,0.00390625,-0.72,1,9,0,0.9,10,-0.02777777777777777,4.0,0.0546875,-0.32,1,7,2,0.7,10,-0.011233333333333345,18.0,0.375,-0.26,4,6,0,0.6,10,0.009333333333333336,16.0,0.4765625,0.1,6,3,1,0.6,10,-0.0006255387794226408,19.0,0.431640625,-0.22,4,6,0,0.6
knn_graph,mnist,block,0.1,hellinger,kl,10,-0.01965002929115408,0.0,0.001953125,-0.9,0,10,0,1.0,10,-0.016400000000000005,1.0,0.00390625,-0.68,1,9,0,0.9,10,-0.04605992896249518,2.0,0.005859375,-0.66,1,9,0,0.9,10,-0.028888888888888888,3.5,0.09375,-0.38,1,6,3,0.6,10,-0.013000000000000022,20.0,0.4921875,-0.2,5,5,0,0.5,10,1.3877787807814458e-18,22.0,0.9921875,-0.01,4,5,1,0.5,10,-0.0009125532582402229,16.0,0.275390625,-0.2,3,7,0,0.7
knn_graph,mnist,block,0.1,jensen_shannon,kl,10,-0.023429056824838913,0.0,0.001953125,-0.9,0,10,0,1.0,10,-0.0182,3.0,0.009765625,-0.8,1,9,0,0.9,10,-0.06714206007309258,0.0,0.001953125,-0.84,0,10,0,1.0,10,-0.04777777777777777,7.5,0.0390625,-0.51,2,8,0,0.8,10,-0.030166666666666696,6.0,0.02734375,-0.48,1,9,0,0.9,10,0.008000000000000004,23.0,0.685546875,0.09,5,5,0,0.5,10,0.0008025509770959616,18.0,0.375,0.14,5,5,0,0.5
knn_graph,mnist,block,0.1,kl_capped,kl,10,0.0,0.0,1.0,0.0,0,0,10,1.0,10,0.0,0.0,1.0,0.0,0,0,10,1.0,10,0.0,0.0,1.0,0.0,0,0,10,1.0,10,0.0,0.0,1.0,0.0,0,0,10,1.0,10,0.0,0.0,1.0,0.0,0,0,10,1.0,10,0.0,0.0,1.0,0.0,0,0,10,1.0,10,0.0,0.0,1.0,0.0,0,0,10,1.0
knn_graph,mnist,block,0.1,kl_smoothed,kl,10,-0.0002631517281780793,21.0,0.556640625,-0.08,4,6,0,0.6,10,0.0001666666666666483,21.5,0.921875,0.02,5,4,1,0.5,10,-0.00031984574161469936,26.0,0.921875,0.0,5,5,0,0.5,10,-0.0033333333333333435,2.0,0.25,-0.07,1,4,5,0.5,10,-0.0003666666666666929,14.0,0.35546875,-0.05,3,6,1,0.6,10,0.0006666666666666668,0.0,1.0,0.01,1,0,9,0.9,10,-5.2728690207004545e-06,23.0,0.6953125,0.0,5,5,0,0.5
knn_graph,mnist,block,0.2,fisher_rao,kl,10,-0.026395313415348565,0.0,0.001953125,-0.82,0,10,0,1.0,10,-0.02836666666666666,1.0,0.00390625,-0.74,1,9,0,0.9,10,-0.05845075821707724,0.0,0.001953125,-0.72,0,10,0,1.0,10,-0.01222222222222219,11.0,0.3671875,-0.25,2,6,2,0.6,10,-0.03373333333333333,3.0,0.009765625,-0.68,2,8,0,0.8,10,0.048,1.0,0.00390625,0.56,9,1,0,0.9,10,0.013772697933018208,0.0,0.001953125,0.84,10,0,0,1.0
knn_graph,mnist,block,0.2,hellinger,kl,10,-0.02757879320445227,0.0,0.001953125,-0.86,0,10,0,1.0,10,-0.030000000000000006,1.0,0.00390625,-0.78,1,9,0,0.9,10,-0.05509952215943485,0.0,0.001953125,-0.7,0,10,0,1.0,10,-0.014444444444444416,21.0,0.537109375,-0.22,5,5,0,0.5,10,-0.029333333333333305,5.0,0.01953125,-0.58,2,8,0,0.8,10,0.047,0.0,0.001953125,0.6,10,0,0,1.0,10,0.014134125597774983,0.0,0.001953125,0.86,10,0,0,1.0
knn_graph,mnist,block,0.2,jensen_shannon,kl,10,-0.031604335090802585,0.0,0.001953125,-0.82,0,10,0,1.0,10,-0.032033333333333344,0.0,0.001953125,-0.8,0,10,0,1.0,10,-0.0732011454179883,0.0,0.001953125,-0.76,0,10,0,1.0,10,-0.02666666666666665,13.5,0.169921875,-0.34,3,7,0,0.7,10,-0.041233333333333316,1.0,0.00390625,-0.7,1,9,0,0.9,10,0.059,1.0,0.00390625,0.65,9,1,0,0.9,10,0.01843330468982458,0.0,0.001953125,0.96,10,0,0,1.0
knn_graph,mnist,block,0.2,kl_capped,kl,10,0.0,0.0,1.0,0.0,0,0,10,1.0,10,0.0,0.0,1.0,0.0,0,0,10,1.0,10,0.0,0.0,1.0,0.0,0,0,10,1.0,10,0.0,0.0,1.0,0.0,0,0,10,1.0,10,0.0,0.0,1.0,0.0,0,0,10,1.0,10,0.0,0.0,1.0,0.0,0,0,10,1.0,10,0.0,0.0,1.0,0.0,0,0,10,1.0
knn_graph,mnist,block,0.2,kl_smoothed,kl,10,-0.00032864674868188226,19.0,0.734375,-0.03,4,5,1,0.5,10,3.333333333334076e-05,13.5,0.5625,0.03,5,3,2,0.5,10,9.939633309841156e-05,21.0,0.556640625,0.02,5,5,0,0.5,10,-0.0011111111111110961,3.0,1.0,0.04,1,2,7,0.7,10,-0.0005999999999999727,20.0,0.796875,-0.03,4,5,1,0.5,10,0.0013333333333333335,5.0,0.6875,0.04,3,2,5,0.5,10,0.00013515651226043702,6.0,0.02734375,0.1,8,2,0,0.8
knn_graph,mnist,block,0.3,fisher_rao,kl,10,-0.03628365553602814,0.0,0.001953125,-0.92,0,10,0,1.0,10,-0.04070000000000001,0.0,0.001953125,-0.95,0,10,0,1.0,10,-0.06573891430161893,1.0,0.00390625,-0.88,1,9,0,0.9,10,-0.043333333333333335,6.0,0.109375,-0.42,2,6,2,0.6,10,-0.055233333333333336,0.0,0.001953125,-0.8,0,10,0,1.0,10,0.04844444444444445,0.0,0.001953125,0.76,10,0,0,1.0,10,0.03356703408062458,0.0,0.001953125,1.0,10,0,0,1.0
knn_graph,mnist,block,0.3,hellinger,kl,10,-0.036221909783245486,0.0,0.001953125,-0.88,0,10,0,1.0,10,-0.04336666666666668,0.0,0.001953125,-0.9,0,10,0,1.0,10,-0.0667413508053869,1.0,0.00390625,-0.86,1,9,0,0.9,10,-0.0411111111111111,6.5,0.0625,-0.45,1,8,1,0.8,10,-0.051966666666666626,0.0,0.001953125,-0.8,0,10,0,1.0,10,0.042444444444444465,0.0,0.001953125,0.72,10,0,0,1.0,10,0.03388886786997318,0.0,0.001953125,1.0,10,0,0,1.0
knn_graph,mnist,block,0.3,jensen_shannon,kl,10,-0.03680105448154656,0.0,0.001953125,-0.9,0,10,0,1.0,10,-0.042,0.0,0.001953125,-0.87,0,10,0,1.0,10,-0.07563574737869203,0.0,0.001953125,-0.86,0,10,0,1.0,10,-0.04555555555555555,9.0,0.12890625,-0.39,3,6,1,0.6,10,-0.05579999999999994,0.0,0.001953125,-0.82,0,10,0,1.0,10,0.03844444444444445,0.0,0.00390625,0.6,9,0,1,0.9,10,0.040156226977705954,0.0,0.001953125,1.0,10,0,0,1.0
knn_graph,mnist,block,0.3,kl_capped,kl,10,0.0,0.0,1.0,0.0,0,0,10,1.0,10,0.0,0.0,1.0,0.0,0,0,10,1.0,10,0.0,0.0,1.0,0.0,0,0,10,1.0,10,0.0,0.0,1.0,0.0,0,0,10,1.0,10,0.0,0.0,1.0,0.0,0,0,10,1.0,10,0.0,0.0,1.0,0.0,0,0,10,1.0,10,0.0,0.0,1.0,0.0,0,0,10,1.0
knn_graph,mnist,block,0.3,kl_smoothed,kl,10,-0.0002501464557703503,25.0,0.845703125,-0.02,5,5,0,0.5,10,0.00019999999999998909,15.0,0.7421875,0.0,4,4,2,0.4,10,-0.00019735638052225112,14.0,0.193359375,-0.06,2,8,0,0.8,10,-0.004444444444444429,0.0,0.125,-0.1,0,4,6,0.6,10,-0.0002999999999999836,17.0,0.55078125,-0.01,5,4,1,0.5,10,0.00022222222222223476,3.0,0.625,0.0,2,2,6,0.6,10,1.629069447517395e-05,9.0,0.064453125,0.06,7,3,0,0.7
knn_graph,mnist,hub,0.0,fisher_rao,kl,10,-0.015016871704745183,0.0,0.001953125,-0.96,0,10,0,1.0,10,-0.01876666666666666,0.0,0.001953125,-1.0,0,10,0,1.0,10,-0.04701553257182241,0.0,0.001953125,-0.88,0,10,0,1.0,10,-0.047777777777777766,3.0,0.009765625,-0.63,1,9,0,0.9,10,-0.010599999999999998,11.5,0.11328125,-0.34,2,8,0,0.8,10,0.0,0.0,1.0,0.0,0,0,10,1.0,10,0.0,0.0,1.0,0.0,0,0,10,1.0
knn_graph,mnist,hub,0.0,hellinger,kl,10,-0.016398242530755714,0.0,0.001953125,-1.0,0,10,0,1.0,10,-0.017766666666666635,0.0,0.001953125,-1.0,0,10,0,1.0,10,-0.04673389240633696,0.0,0.001953125,-0.88,0,10,0,1.0,10,-0.05111111111111111,2.0,0.005859375,-0.61,1,9,0,0.9,10,-0.009300000000000041,13.0,0.16015625,-0.37,2,8,0,0.8,10,0.0,0.0,1.0,0.0,0,0,10,1.0,10,0.0,0.0,1.0,0.0,0,0,10,1.0
knn_graph,mnist,hub,0.0,jensen_shannon,kl,10,-0.017221323960164035,0.0,0.001953125,-1.0,0,10,0,1.0,10,-0.01496666666666665,0.0,0.001953125,-0.96,0,10,0,1.0,10,-0.05556499897502363,0.0,0.001953125,-0.96,0,10,0,1.0,10,-0.05555555555555554,1.5,0.005859375,-0.66,1,9,0,0.9,10,-0.02660000000000004,3.0,0.009765625,-0.72,1,9,0,0.9,10,0.0,0.0,1.0,0.0,0,0,10,1.0,10,0.0,0.0,1.0,0.0,0,0,10,1.0
knn_graph,mnist,hub,0.0,kl_capped,kl,10,0.0,0.0,1.0,0.0,0,0,10,1.0,10,0.0,0.0,1.0,0.0,0,0,10,1.0,10,0.0,0.0,1.0,0.0,0,0,10,1.0,10,0.0,0.0,1.0,0.0,0,0,10,1.0,10,0.0,0.0,1.0,0.0,0,0,10,1.0,10,0.0,0.0,1.0,0.0,0,0,10,1.0,10,0.0,0.0,1.0,0.0,0,0,10,1.0
knn_graph,mnist,hub,0.0,kl_smoothed,kl,10,-0.0003668424135910953,22.0,0.625,0.0,4,6,0,0.6,10,0.0007999999999999952,6.0,0.05859375,0.11,7,2,1,0.7,10,0.0003733556717634201,19.0,0.431640625,0.04,6,4,0,0.6,10,-0.006666666666666665,1.5,0.375,-0.15,1,3,6,0.6,10,-2.2204460492503132e-17,13.0,0.953125,0.07,4,3,3,0.4,10,0.0,0.0,1.0,0.0,0,0,10,1.0,10,0.0,0.0,1.0,0.0,0,0,10,1.0
knn_graph,mnist,hub,0.1,fisher_rao,kl,10,-0.021529232571763347,0.0,0.001953125,-0.98,0,10,0,1.0,10,-0.02246666666666667,0.0,0.001953125,-1.0,0,10,0,1.0,10,-0.05623960586963221,0.0,0.001953125,-0.98,0,10,0,1.0,10,-0.02222222222222221,11.0,0.19140625,-0.27,3,6,1,0.6,10,-0.01723333333333335,7.0,0.037109375,-0.6,2,8,0,0.8,10,0.010666666666666668,10.0,0.15625,0.35,7,2,1,0.7,10,0.0005160941276699304,13.0,0.16015625,0.3,8,2,0,0.8
knn_graph,mnist,hub,0.1,hellinger,kl,10,-0.019872993555946107,0.0,0.001953125,-0.94,0,10,0,1.0,10,-0.021166666666666677,0.0,0.001953125,-0.98,0,10,0,1.0,10,-0.05443660372402519,0.0,0.001953125,-0.88,0,10,0,1.0,10,-0.014444444444444449,17.0,0.3203125,-0.12,4,6,0,0.6,10,-0.018066666666666693,9.0,0.064453125,-0.58,2,8,0,0.8,10,0.01,8.0,0.1875,0.32,6,2,2,0.6,10,0.00056453722063452,12.0,0.130859375,0.32,8,2,0,0.8
knn_graph,mnist,hub,0.1,jensen_shannon,kl,10,-0.02099144698301112,0.0,0.001953125,-0.98,0,10,0,1.0,10,-0.020633333333333347,0.0,0.001953125,-0.91,0,10,0,1.0,10,-0.07005196395330131,0.0,0.001953125,-0.98,0,10,0,1.0,10,-0.020000000000000018,13.0,0.546875,-0.24,4,4,2,0.4,10,-0.02266666666666668,7.0,0.037109375,-0.56,3,7,0,0.7,10,0.012000000000000002,11.0,0.103515625,0.41,8,2,0,0.8,10,0.0007089595310389996,12.0,0.130859375,0.46,8,2,0,0.8
knn_graph,mnist,hub,0.1,kl_capped,kl,10,0.0,0.0,1.0,0.0,0,0,10,1.0,10,0.0,0.0,1.0,0.0,0,0,10,1.0,10,0.0,0.0,1.0,0.0,0,0,10,1.0,10,0.0,0.0,1.0,0.0,0,0,10,1.0,10,0.0,0.0,1.0,0.0,0,0,10,1.0,10,0.0,0.0,1.0,0.0,0,0,10,1.0,10,0.0,0.0,1.0,0.0,0,0,10,1.0
knn_graph,mnist,hub,0.1,kl_smoothed,kl,10,-0.00020093731693028306,26.0,0.921875,0.0,6,4,0,0.6,10,-0.0001333333333333464,21.0,0.890625,0.02,5,4,1,0.5,10,-0.00013219440006650984,20.0,0.4921875,-0.04,4,6,0,0.6,10,-0.0011111111111111183,3.5,0.75,0.02,2,2,6,0.6,10,6.666666666665932e-05,25.0,0.84375,-0.03,4,6,0,0.6,10,-0.0013333333333333335,0.0,0.5,-0.06,0,2,8,0.8,10,-8.021877147257327e-06,27.0,1.0,0.02,6,4,0,0.6
knn_graph,mnist,hub,0.2,fisher_rao,kl,10,-0.011043819566490943,4.0,0.013671875,-0.52,2,8,0,0.8,10,-0.01559999999999998,0.0,0.001953125,-0.83,0,10,0,1.0,10,-0.035469868849031624,1.0,0.00390625,-0.78,1,9,0,0.9,10,-0.03777777777777778,0.0,0.001953125,-0.46,0,10,0,1.0,10,-0.015066666666666683,11.0,0.10546875,-0.52,3,7,0,0.7,10,0.018317860948409443,0.0,0.00390625,0.79,9,0,1,0.9,10,0.0021415078081190586,3.0,0.009765625,0.64,9,1,0,0.9
knn_graph,mnist,hub,0.2,hellinger,kl,10,-0.013189923842999407,2.0,0.005859375,-0.64,1,9,0,0.9,10,-0.018666666666666658,0.0,0.001953125,-0.79,0,10,0,1.0,10,-0.03783469754271209,1.0,0.00390625,-0.9,1,9,0,0.9,10,-0.036666666666666695,0.0,0.0078125,-0.47,0,8,2,0.8,10,-0.015399999999999987,11.0,0.10546875,-0.58,2,8,0,0.8,10,0.016712253025084684,5.0,0.01953125,0.62,8,2,0,0.8,10,0.0017859251704066992,7.0,0.037109375,0.6,8,2,0,0.8
knn_graph,mnist,hub,0.2,jensen_shannon,kl,10,-0.018800937316930298,0.0,0.001953125,-0.94,0,10,0,1.0,10,-0.020733333333333315,0.0,0.001953125,-0.76,0,10,0,1.0,10,-0.04960422476287931,1.0,0.00390625,-0.86,1,9,0,0.9,10,-0.04555555555555556,4.0,0.013671875,-0.52,1,9,0,0.9,10,-0.027133333333333315,4.0,0.013671875,-0.66,1,9,0,0.9,10,0.02217495507061802,1.0,0.00390625,0.89,9,1,0,0.9,10,0.002923229802399874,0.0,0.001953125,0.92,10,0,0,1.0
knn_graph,mnist,hub,0.2,kl_capped,kl,10,0.0,0.0,1.0,0.0,0,0,10,1.0,10,0.0,0.0,1.0,0.0,0,0,10,1.0,10,0.0,0.0,1.0,0.0,0,0,10,1.0,10,0.0,0.0,1.0,0.0,0,0,10,1.0,10,0.0,0.0,1.0,0.0,0,0,10,1.0,10,0.0,0.0,1.0,0.0,0,0,10,1.0,10,0.0,0.0,1.0,0.0,0,0,10,1.0
knn_graph,mnist,hub,0.2,kl_smoothed,kl,10,-0.00021581722319859997,23.0,0.6953125,-0.02,5,5,0,0.5,10,-0.0002999999999999892,15.5,0.7734375,-0.07,3,5,2,0.5,10,0.00045711775310337545,20.0,0.4921875,-0.02,4,6,0,0.6,10,-0.0033333333333333435,0.0,0.25,-0.06,0,3,7,0.7,10,-0.0012999999999999956,11.0,0.203125,-0.07,2,7,1,0.7,10,-0.0007422402159244265,0.0,0.5,-0.07,0,2,8,0.8,10,9.139813482761382e-06,12.0,0.130859375,0.06,8,2,0,0.8
knn_graph,mnist,hub,0.3,fisher_rao,kl,10,-0.011043819566490943,4.0,0.013671875,-0.52,2,8,0,0.8,10,-0.01559999999999998,0.0,0.001953125,-0.83,0,10,0,1.0,10,-0.035469868849031624,1.0,0.00390625,-0.78,1,9,0,0.9,10,-0.03777777777777778,0.0,0.001953125,-0.46,0,10,0,1.0,10,-0.015066666666666683,11.0,0.10546875,-0.52,3,7,0,0.7,10,0.018317860948409443,0.0,0.00390625,0.79,9,0,1,0.9,10,0.0021415078081190586,3.0,0.009765625,0.64,9,1,0,0.9
knn_graph,mnist,hub,0.3,hellinger,kl,10,-0.013189923842999407,2.0,0.005859375,-0.64,1,9,0,0.9,10,-0.018666666666666658,0.0,0.001953125,-0.79,0,10,0,1.0,10,-0.03783469754271209,1.0,0.00390625,-0.9,1,9,0,0.9,10,-0.036666666666666695,0.0,0.0078125,-0.47,0,8,2,0.8,10,-0.015399999999999987,11.0,0.10546875,-0.58,2,8,0,0.8,10,0.016712253025084684,5.0,0.01953125,0.62,8,2,0,0.8,10,0.0017859251704066992,7.0,0.037109375,0.6,8,2,0,0.8
knn_graph,mnist,hub,0.3,jensen_shannon,kl,10,-0.018800937316930298,0.0,0.001953125,-0.94,0,10,0,1.0,10,-0.020733333333333315,0.0,0.001953125,-0.76,0,10,0,1.0,10,-0.04960422476287931,1.0,0.00390625,-0.86,1,9,0,0.9,10,-0.04555555555555556,4.0,0.013671875,-0.52,1,9,0,0.9,10,-0.027133333333333315,4.0,0.013671875,-0.66,1,9,0,0.9,10,0.02217495507061802,1.0,0.00390625,0.89,9,1,0,0.9,10,0.002923229802399874,0.0,0.001953125,0.92,10,0,0,1.0
knn_graph,mnist,hub,0.3,kl_capped,kl,10,0.0,0.0,1.0,0.0,0,0,10,1.0,10,0.0,0.0,1.0,0.0,0,0,10,1.0,10,0.0,0.0,1.0,0.0,0,0,10,1.0,10,0.0,0.0,1.0,0.0,0,0,10,1.0,10,0.0,0.0,1.0,0.0,0,0,10,1.0,10,0.0,0.0,1.0,0.0,0,0,10,1.0,10,0.0,0.0,1.0,0.0,0,0,10,1.0
knn_graph,mnist,hub,0.3,kl_smoothed,kl,10,-0.00021581722319859997,23.0,0.6953125,-0.02,5,5,0,0.5,10,-0.0002999999999999892,15.5,0.7734375,-0.07,3,5,2,0.5,10,0.00045711775310337545,20.0,0.4921875,-0.02,4,6,0,0.6,10,-0.0033333333333333435,0.0,0.25,-0.06,0,3,7,0.7,10,-0.0012999999999999956,11.0,0.203125,-0.07,2,7,1,0.7,10,-0.0007422402159244265,0.0,0.5,-0.07,0,2,8,0.8,10,9.139813482761382e-06,12.0,0.130859375,0.06,8,2,0,0.8
knn_graph,mnist,uniform,0.0,fisher_rao,kl,10,-0.015016871704745183,0.0,0.001953125,-0.96,0,10,0,1.0,10,-0.01876666666666666,0.0,0.001953125,-1.0,0,10,0,1.0,10,-0.04701553257182241,0.0,0.001953125,-0.88,0,10,0,1.0,10,-0.047777777777777766,3.0,0.009765625,-0.63,1,9,0,0.9,10,-0.010599999999999998,11.5,0.11328125,-0.34,2,8,0,0.8,10,0.0,0.0,1.0,0.0,0,0,10,1.0,10,0.0,0.0,1.0,0.0,0,0,10,1.0
knn_graph,mnist,uniform,0.0,hellinger,kl,10,-0.016398242530755714,0.0,0.001953125,-1.0,0,10,0,1.0,10,-0.017766666666666635,0.0,0.001953125,-1.0,0,10,0,1.0,10,-0.04673389240633696,0.0,0.001953125,-0.88,0,10,0,1.0,10,-0.05111111111111111,2.0,0.005859375,-0.61,1,9,0,0.9,10,-0.009300000000000041,13.0,0.16015625,-0.37,2,8,0,0.8,10,0.0,0.0,1.0,0.0,0,0,10,1.0,10,0.0,0.0,1.0,0.0,0,0,10,1.0
knn_graph,mnist,uniform,0.0,jensen_shannon,kl,10,-0.017221323960164035,0.0,0.001953125,-1.0,0,10,0,1.0,10,-0.01496666666666665,0.0,0.001953125,-0.96,0,10,0,1.0,10,-0.05556499897502363,0.0,0.001953125,-0.96,0,10,0,1.0,10,-0.05555555555555554,1.5,0.005859375,-0.66,1,9,0,0.9,10,-0.02660000000000004,3.0,0.009765625,-0.72,1,9,0,0.9,10,0.0,0.0,1.0,0.0,0,0,10,1.0,10,0.0,0.0,1.0,0.0,0,0,10,1.0
knn_graph,mnist,uniform,0.0,kl_capped,kl,10,0.0,0.0,1.0,0.0,0,0,10,1.0,10,0.0,0.0,1.0,0.0,0,0,10,1.0,10,0.0,0.0,1.0,0.0,0,0,10,1.0,10,0.0,0.0,1.0,0.0,0,0,10,1.0,10,0.0,0.0,1.0,0.0,0,0,10,1.0,10,0.0,0.0,1.0,0.0,0,0,10,1.0,10,0.0,0.0,1.0,0.0,0,0,10,1.0
knn_graph,mnist,uniform,0.0,kl_smoothed,kl,10,-0.0003668424135910953,22.0,0.625,0.0,4,6,0,0.6,10,0.0007999999999999952,6.0,0.05859375,0.11,7,2,1,0.7,10,0.0003733556717634201,19.0,0.431640625,0.04,6,4,0,0.6,10,-0.006666666666666665,1.5,0.375,-0.15,1,3,6,0.6,10,-2.2204460492503132e-17,13.0,0.953125,0.07,4,3,3,0.4,10,0.0,0.0,1.0,0.0,0,0,10,1.0,10,0.0,0.0,1.0,0.0,0,0,10,1.0
knn_graph,mnist,uniform,0.1,fisher_rao,kl,10,-0.01875899238429992,0.0,0.001953125,-0.94,0,10,0,1.0,10,-0.020799999999999985,0.0,0.001953125,-0.92,0,10,0,1.0,10,-0.041961209406144916,0.0,0.001953125,-0.8,0,10,0,1.0,10,-0.025555555555555543,19.5,0.443359375,-0.23,4,6,0,0.6,10,-0.00980000000000002,18.0,0.375,-0.22,4,6,0,0.6,10,-0.007999999999999998,19.5,0.447265625,-0.18,4,6,0,0.6,10,0.00024958986323326827,19.0,0.431640625,0.02,5,5,0,0.5
knn_graph,mnist,uniform,0.1,hellinger,kl,10,-0.021091622729935554,0.0,0.001953125,-0.98,0,10,0,1.0,10,-0.020833333333333315,0.0,0.001953125,-0.94,0,10,0,1.0,10,-0.04076045087713283,0.0,0.001953125,-0.84,0,10,0,1.0,10,-0.011111111111111094,21.5,0.564453125,-0.05,4,6,0,0.6,10,-0.013099999999999983,18.0,0.375,-0.38,4,6,0,0.6,10,-0.004666666666666666,17.5,0.5859375,-0.11,4,5,1,0.5,10,9.96630871668458e-05,24.0,0.76953125,0.04,4,6,0,0.6
knn_graph,mnist,uniform,0.1,jensen_shannon,kl,10,-0.022981605155243112,0.0,0.001953125,-0.86,0,10,0,1.0,10,-0.018899999999999983,0.0,0.001953125,-0.83,0,10,0,1.0,10,-0.05371887130895629,0.0,0.001953125,-0.94,0,10,0,1.0,10,-0.028888888888888874,16.0,0.263671875,-0.31,3,7,0,0.7,10,-0.027433333333333327,5.0,0.01953125,-0.66,2,8,0,0.8,10,-0.005999999999999998,15.5,0.4453125,-0.21,3,6,1,0.6,10,1.063547097146511e-05,27.0,1.0,-0.14,5,5,0,0.5
knn_graph,mnist,uniform,0.1,kl_capped,kl,10,0.0,0.0,1.0,0.0,0,0,10,1.0,10,0.0,0.0,1.0,0.0,0,0,10,1.0,10,0.0,0.0,1.0,0.0,0,0,10,1.0,10,0.0,0.0,1.0,0.0,0,0,10,1.0,10,0.0,0.0,1.0,0.0,0,0,10,1.0,10,0.0,0.0,1.0,0.0,0,0,10,1.0,10,0.0,0.0,1.0,0.0,0,0,10,1.0
knn_graph,mnist,uniform,0.1,kl_smoothed,kl,10,0.00016098418277680216,13.0,0.30078125,0.07,7,2,1,0.7,10,-0.0002333333333333354,8.0,0.65625,0.0,2,4,4,0.4,10,-5.093850195407868e-05,23.0,0.6953125,0.0,5,5,0,0.5,10,0.0,1.5,1.0,0.01,1,1,8,0.8,10,0.00040000000000000034,5.0,0.0859375,0.05,6,2,2,0.6,10,0.0,0.0,1.0,0.0,0,0,10,1.0,10,-8.670613169670105e-07,18.0,0.375,-0.02,4,6,0,0.6
knn_graph,mnist,uniform,0.2,fisher_rao,kl,10,-0.01972431165787931,0.0,0.001953125,-0.94,0,10,0,1.0,10,-0.023199999999999988,0.0,0.001953125,-0.95,0,10,0,1.0,10,-0.04617729564051842,0.0,0.001953125,-0.94,0,10,0,1.0,10,-0.033333333333333305,3.0,0.01953125,-0.44,2,7,1,0.7,10,-0.02553333333333333,3.0,0.009765625,-0.68,1,9,0,0.9,10,0.0023333333333333322,19.5,0.7578125,0.07,4,5,1,0.5,10,0.00015641544014215468,22.0,0.625,0.06,5,5,0,0.5
knn_graph,mnist,uniform,0.2,hellinger,kl,10,-0.020476508494434675,0.0,0.001953125,-0.94,0,10,0,1.0,10,-0.023433333333333316,0.0,0.001953125,-0.91,0,10,0,1.0,10,-0.04704886791150784,0.0,0.001953125,-0.96,0,10,0,1.0,10,-0.03888888888888886,4.5,0.03125,-0.42,2,7,1,0.7,10,-0.027399999999999952,1.0,0.00390625,-0.74,1,9,0,0.9,10,-0.0003333333333333327,26.5,0.9453125,0.03,5,5,0,0.5,10,0.0001842300407588482,20.0,0.4921875,0.16,6,4,0,0.6
knn_graph,mnist,uniform,0.2,jensen_shannon,kl,10,-0.023355008787346233,0.0,0.001953125,-0.96,0,10,0,1.0,10,-0.02036666666666665,3.0,0.009765625,-0.86,2,8,0,0.8,10,-0.05656834360997891,0.0,0.001953125,-0.94,0,10,0,1.0,10,-0.047777777777777766,3.0,0.009765625,-0.52,1,9,0,0.9,10,-0.035699999999999975,0.0,0.001953125,-0.83,0,10,0,1.0,10,0.006333333333333332,21.0,0.541015625,0.27,7,3,0,0.7,10,0.0003499213606119156,13.0,0.16015625,0.22,8,2,0,0.8
knn_graph,mnist,uniform,0.2,kl_capped,kl,10,0.0,0.0,1.0,0.0,0,0,10,1.0,10,0.0,0.0,1.0,0.0,0,0,10,1.0,10,0.0,0.0,1.0,0.0,0,0,10,1.0,10,0.0,0.0,1.0,0.0,0,0,10,1.0,10,0.0,0.0,1.0,0.0,0,0,10,1.0,10,0.0,0.0,1.0,0.0,0,0,10,1.0,10,0.0,0.0,1.0,0.0,0,0,10,1.0
knn_graph,mnist,uniform,0.2,kl_smoothed,kl,10,5.9285295840671993e-05,27.0,1.0,0.02,4,6,0,0.6,10,5.551115123125783e-18,25.0,0.822265625,-0.03,4,6,0,0.6,10,-1.7940779798664153e-05,20.0,0.4921875,-0.04,3,7,0,0.7,10,-0.0011111111111111183,0.0,1.0,-0.01,0,1,9,0.9,10,-0.00010000000000001674,16.5,0.515625,-0.01,4,5,1,0.5,10,0.0,0.0,1.0,0.0,0,0,10,1.0,10,2.219248563051224e-06,10.0,0.083984375,0.06,8,2,0,0.8
knn_graph,mnist,uniform,0.3,fisher_rao,kl,10,-0.022315407147041555,0.0,0.001953125,-0.84,0,10,0,1.0,10,-0.026033333333333335,0.0,0.001953125,-0.92,0,10,0,1.0,10,-0.037653161911293864,4.0,0.013671875,-0.88,1,9,0,0.9,10,-0.03666666666666668,9.0,0.056640625,-0.48,1,9,0,0.9,10,-0.020799999999999975,2.0,0.005859375,-0.61,1,9,0,0.9,10,0.003333333333333334,17.0,0.310546875,0.14,6,4,0,0.6,10,0.0018959730863571168,5.0,0.01953125,0.6,9,1,0,0.9
knn_graph,mnist,uniform,0.3,hellinger,kl,10,-0.020643936731107183,0.0,0.001953125,-0.84,0,10,0,1.0,10,-0.025866666666666656,0.0,0.001953125,-0.95,0,10,0,1.0,10,-0.04227508674375713,1.0,0.00390625,-0.88,1,9,0,0.9,10,-0.035555555555555556,4.5,0.0703125,-0.4,1,7,2,0.7,10,-0.018033333333333318,7.0,0.037109375,-0.64,2,8,0,0.8,10,0.0028888888888888888,13.0,0.32421875,0.25,5,4,1,0.5,10,0.0021270803175866605,6.0,0.02734375,0.66,8,2,0,0.8
knn_graph,mnist,uniform,0.3,jensen_shannon,kl,10,-0.022216051552431136,0.0,0.001953125,-0.92,0,10,0,1.0,10,-0.021233333333333316,0.0,0.001953125,-0.94,0,10,0,1.0,10,-0.046202774764969944,3.0,0.009765625,-0.9,1,9,0,0.9,10,-0.04555555555555555,0.0,0.00390625,-0.5,0,9,1,0.9,10,-0.03296666666666666,0.0,0.001953125,-0.82,0,10,0,1.0,10,0.0077777777777777776,1.0,0.0625,0.38,5,1,4,0.5,10,0.0019381236284971236,5.0,0.01953125,0.52,8,2,0,0.8
knn_graph,mnist,uniform,0.3,kl_capped,kl,10,0.0,0.0,1.0,0.0,0,0,10,1.0,10,0.0,0.0,1.0,0.0,0,0,10,1.0,10,0.0,0.0,1.0,0.0,0,0,10,1.0,10,0.0,0.0,1.0,0.0,0,0,10,1.0,10,0.0,0.0,1.0,0.0,0,0,10,1.0,10,0.0,0.0,1.0,0.0,0,0,10,1.0,10,0.0,0.0,1.0,0.0,0,0,10,1.0
knn_graph,mnist,uniform,0.3,kl_smoothed,kl,10,-0.00012595196250732023,17.0,0.322265625,-0.04,4,6,0,0.6,10,-0.00019999999999997797,22.0,0.96875,0.01,5,4,1,0.5,10,-0.0004857512190937996,24.0,0.76953125,0.02,5,5,0,0.5,10,-0.0011111111111111293,4.0,0.4375,-0.03,2,3,5,0.5,10,-0.0005333333333333356,15.0,0.22265625,-0.06,3,7,0,0.7,10,-0.0006666666666666668,0.0,0.25,-0.05,0,3,7,0.7,10,-5.066301673650741e-06,27.0,1.0,0.0,5,5,0,0.5
knn_graph,mnist_resnet18,block,0.0,fisher_rao,kl,10,-0.017011950790861152,0.0,0.001953125,-0.98,0,10,0,1.0,10,-0.02150000000000001,0.0,0.001953125,-0.94,0,10,0,1.0,10,-0.07360275313258172,0.0,0.001953125,-0.76,0,10,0,1.0,10,-0.012222222222222245,9.5,0.140625,-0.2,3,6,1,0.6,10,-0.009800000000000053,9.0,0.064453125,-0.28,1,9,0,0.9,10,0.0,0.0,1.0,0.0,0,0,10,1.0,10,0.0,0.0,1.0,0.0,0,0,10,1.0
knn_graph,mnist_resnet18,block,0.0,hellinger,kl,10,-0.014924428822495594,0.0,0.001953125,-1.0,0,10,0,1.0,10,-0.01903333333333331,0.0,0.001953125,-0.88,0,10,0,1.0,10,-0.06619602181017399,0.0,0.001953125,-0.72,0,10,0,1.0,10,-0.006666666666666677,16.5,0.50390625,-0.13,4,5,1,0.5,10,-0.007300000000000006,8.0,0.048828125,-0.22,1,9,0,0.9,10,0.0,0.0,1.0,0.0,0,0,10,1.0,10,0.0,0.0,1.0,0.0,0,0,10,1.0
knn_graph,mnist_resnet18,block,0.0,jensen_shannon,kl,10,-0.017262331575864088,0.0,0.001953125,-1.0,0,10,0,1.0,10,-0.018999999999999996,0.0,0.001953125,-0.88,0,10,0,1.0,10,-0.08861209936439991,0.0,0.001953125,-0.86,0,10,0,1.0,10,-0.006666666666666677,18.0,0.361328125,-0.18,3,7,0,0.7,10,-0.022033333333333384,0.0,0.00390625,-0.69,0,9,1,0.9,10,0.0,0.0,1.0,0.0,0,0,10,1.0,10,0.0,0.0,1.0,0.0,0,0,10,1.0
knn_graph,mnist_resnet18,block,0.0,kl_capped,kl,10,0.0,0.0,1.0,0.0,0,0,10,1.0,10,0.0,0.0,1.0,0.0,0,0,10,1.0,10,0.0,0.0,1.0,0.0,0,0,10,1.0,10,0.0,0.0,1.0,0.0,0,0,10,1.0,10,0.0,0.0,1.0,0.0,0,0,10,1.0,10,0.0,0.0,1.0,0.0,0,0,10,1.0,10,0.0,0.0,1.0,0.0,0,0,10,1.0
knn_graph,mnist_resnet18,block,0.0,kl_smoothed,kl,10,0.00016051552431165517,1.0,0.00390625,0.1,9,1,0,0.9,10,3.333333333335742e-05,14.0,1.0,0.01,3,4,3,0.4,10,-0.00010776072740554809,9.0,0.064453125,-0.04,3,7,0,0.7,10,-0.0011111111111111183,0.0,1.0,-0.03,0,1,9,0.9,10,6.666666666664822e-05,15.5,0.8125,0.0,4,4,2,0.4,10,0.0,0.0,1.0,0.0,0,0,10,1.0,10,0.0,0.0,1.0,0.0,0,0,10,1.0
knn_graph,mnist_resnet18,block,0.1,fisher_rao,kl,10,-0.015672173403632104,0.0,0.001953125,-0.86,0,10,0,1.0,10,-0.026033333333333342,0.0,0.001953125,-1.0,0,10,0,1.0,10,-0.06627970037516207,0.0,0.001953125,-0.7,0,10,0,1.0,10,-0.025555555555555574,9.0,0.125,-0.28,3,6,1,0.6,10,-0.019033333333333336,6.0,0.02734375,-0.5,2,8,0,0.8,10,-0.027333333333333338,7.0,0.1484375,-0.23,1,7,2,0.7,10,-0.002362421457655728,4.0,0.013671875,-0.44,1,9,0,0.9
knn_graph,mnist_resnet18,block,0.1,hellinger,kl,10,-0.015022378441710615,0.0,0.001953125,-0.88,0,10,0,1.0,10,-0.026199999999999994,0.0,0.001953125,-1.0,0,10,0,1.0,10,-0.0723211161326617,0.0,0.001953125,-0.72,0,10,0,1.0,10,-0.017777777777777802,8.0,0.08203125,-0.31,2,7,1,0.7,10,-0.017566666666666675,6.0,0.02734375,-0.46,3,7,0,0.7,10,-0.022,9.0,0.2265625,-0.15,2,6,2,0.6,10,-0.0018006946658715606,12.0,0.130859375,-0.36,2,8,0,0.8
knn_graph,mnist_resnet18,block,0.1,jensen_shannon,kl,10,-0.020755946104276512,1.0,0.00390625,-0.9,1,9,0,0.9,10,-0.02573333333333333,0.0,0.001953125,-1.0,0,10,0,1.0,10,-0.0902472338406369,0.0,0.001953125,-0.88,0,10,0,1.0,10,-0.02777777777777781,7.5,0.078125,-0.44,1,8,1,0.8,10,-0.025033333333333352,5.0,0.01953125,-0.62,2,8,0,0.8,10,-0.032,6.0,0.02734375,-0.18,3,7,0,0.7,10,-0.0015417961170896889,8.0,0.048828125,-0.28,2,8,0,0.8
knn_graph,mnist_resnet18,block,0.1,kl_capped,kl,10,0.0,0.0,1.0,0.0,0,0,10,1.0,10,0.0,0.0,1.0,0.0,0,0,10,1.0,10,0.0,0.0,1.0,0.0,0,0,10,1.0,10,0.0,0.0,1.0,0.0,0,0,10,1.0,10,0.0,0.0,1.0,0.0,0,0,10,1.0,10,0.0,0.0,1.0,0.0,0,0,10,1.0,10,0.0,0.0,1.0,0.0,0,0,10,1.0
knn_graph,mnist_resnet18,block,0.1,kl_smoothed,kl,10,0.00011329818394844038,27.5,1.0,-0.02,4,6,0,0.6,10,0.0004666666666666819,15.0,0.41015625,0.08,6,3,1,0.6,10,0.00041812881827354433,25.0,0.845703125,-0.04,3,7,0,0.7,10,-0.0022222222222222253,0.0,0.5,-0.08,0,2,8,0.8,10,-3.333333333335187e-05,21.5,0.9296875,0.01,4,5,1,0.5,10,0.0020000000000000005,3.0,0.625,0.02,3,1,6,0.6,10,1.9363081082701684e-05,22.0,0.625,0.02,6,4,0,0.6
knn_graph,mnist_resnet18,block,0.2,fisher_rao,kl,10,-0.028080726420620983,0.0,0.001953125,-0.88,0,10,0,1.0,10,-0.034066666666666655,0.0,0.001953125,-1.0,0,10,0,1.0,10,-0.1097924527246505,0.0,0.001953125,-1.0,0,10,0,1.0,10,-0.05111111111111112,3.0,0.009765625,-0.52,2,8,0,0.8,10,-0.03603333333333329,0.0,0.001953125,-0.74,0,10,0,1.0,10,0.012000000000000002,9.0,0.125,0.11,7,2,1,0.7,10,0.008568473905324937,0.0,0.001953125,0.62,10,0,0,1.0
knn_graph,mnist_resnet18,block,0.2,hellinger,kl,10,-0.02990861159929701,0.0,0.001953125,-0.88,0,10,0,1.0,10,-0.035699999999999975,0.0,0.001953125,-1.0,0,10,0,1.0,10,-0.10571371121332049,0.0,0.001953125,-1.0,0,10,0,1.0,10,-0.05111111111111112,3.5,0.01171875,-0.51,2,8,0,0.8,10,-0.03363333333333337,1.0,0.00390625,-0.65,1,9,0,0.9,10,0.010333333333333344,8.0,0.09765625,0.15,8,1,1,0.8,10,0.008592546731233597,0.0,0.001953125,0.62,10,0,0,1.0
knn_graph,mnist_resnet18,block,0.2,jensen_shannon,kl,10,-0.0382323374340949,0.0,0.001953125,-1.0,0,10,0,1.0,10,-0.04126666666666663,0.0,0.001953125,-1.0,0,10,0,1.0,10,-0.13230316264089198,0.0,0.001953125,-1.0,0,10,0,1.0,10,-0.04444444444444444,2.0,0.0078125,-0.46,1,9,0,0.9,10,-0.043033333333333326,0.0,0.001953125,-0.8,0,10,0,1.0,10,0.01733333333333333,7.0,0.07421875,0.23,8,1,1,0.8,10,0.01357073076069355,0.0,0.001953125,0.76,10,0,0,1.0
knn_graph,mnist_resnet18,block,0.2,kl_capped,kl,10,0.0,0.0,1.0,0.0,0,0,10,1.0,10,0.0,0.0,1.0,0.0,0,0,10,1.0,10,0.0,0.0,1.0,0.0,0,0,10,1.0,10,0.0,0.0,1.0,0.0,0,0,10,1.0,10,0.0,0.0,1.0,0.0,0,0,10,1.0,10,0.0,0.0,1.0,0.0,0,0,10,1.0,10,0.0,0.0,1.0,0.0,0,0,10,1.0
knn_graph,mnist_resnet18,block,0.2,kl_smoothed,kl,10,1.7574692443012019e-06,25.0,0.845703125,0.02,6,4,0,0.6,10,0.00020000000000001684,18.0,0.65234375,0.03,5,4,1,0.5,10,-0.0004976741969585418,16.0,0.275390625,-0.02,4,6,0,0.6,10,0.0011111111111111072,0.0,1.0,0.01,1,0,9,0.9,10,-6.666666666665932e-05,14.5,0.671875,0.04,5,3,2,0.5,10,0.00033333333333333826,9.5,0.5625,-0.01,4,3,3,0.4,10,-1.79830938577652e-05,26.0,0.921875,0.04,7,3,0,0.7
knn_graph,mnist_resnet18,block,0.3,fisher_rao,kl,10,-0.04023667252489747,0.0,0.001953125,-0.88,0,10,0,1.0,10,-0.049466666666666666,0.0,0.001953125,-1.0,0,10,0,1.0,10,-0.11002129459520801,0.0,0.001953125,-0.98,0,10,0,1.0,10,-0.048888888888888905,4.5,0.015625,-0.64,1,9,0,0.9,10,-0.06316666666666668,0.0,0.001953125,-0.86,0,10,0,1.0,10,0.04133333333333333,0.0,0.001953125,0.82,10,0,0,1.0,10,0.02860332801938057,0.0,0.001953125,1.0,10,0,0,1.0
knn_graph,mnist_resnet18,block,0.3,hellinger,kl,10,-0.0397441124780316,0.0,0.001953125,-0.88,0,10,0,1.0,10,-0.050866666666666685,0.0,0.001953125,-1.0,0,10,0,1.0,10,-0.11432545781135559,0.0,0.001953125,-0.96,0,10,0,1.0,10,-0.05444444444444446,0.0,0.001953125,-0.72,0,10,0,1.0,10,-0.05963333333333336,0.0,0.001953125,-0.84,0,10,0,1.0,10,0.03977777777777777,0.0,0.001953125,0.7,10,0,0,1.0,10,0.02960139960050583,0.0,0.001953125,1.0,10,0,0,1.0
knn_graph,mnist_resnet18,block,0.3,jensen_shannon,kl,10,-0.04774399531341535,0.0,0.001953125,-0.96,0,10,0,1.0,10,-0.05763333333333333,0.0,0.001953125,-1.0,0,10,0,1.0,10,-0.13321888687787578,0.0,0.001953125,-0.98,0,10,0,1.0,10,-0.05111111111111112,4.0,0.013671875,-0.73,2,8,0,0.8,10,-0.06960000000000005,0.0,0.001953125,-0.88,0,10,0,1.0,10,0.03933333333333333,0.0,0.001953125,0.78,10,0,0,1.0,10,0.034835415333509444,0.0,0.001953125,1.0,10,0,0,1.0
knn_graph,mnist_resnet18,block,0.3,kl_capped,kl,10,0.0,0.0,1.0,0.0,0,0,10,1.0,10,0.0,0.0,1.0,0.0,0,0,10,1.0,10,0.0,0.0,1.0,0.0,0,0,10,1.0,10,0.0,0.0,1.0,0.0,0,0,10,1.0,10,0.0,0.0,1.0,0.0,0,0,10,1.0,10,0.0,0.0,1.0,0.0,0,0,10,1.0,10,0.0,0.0,1.0,0.0,0,0,10,1.0
knn_graph,mnist_resnet18,block,0.3,kl_smoothed,kl,10,-0.0003277094317515994,13.0,0.16015625,0.0,4,6,0,0.6,10,0.0006333333333333246,6.0,0.109375,0.07,6,2,2,0.6,10,2.821851521730423e-05,24.0,0.76953125,0.0,4,6,0,0.6,10,1.1102230246251566e-17,3.0,1.0,-0.03,1,2,7,0.7,10,0.0005333333333332857,15.5,0.7734375,0.01,4,4,2,0.4,10,-8.326672684688674e-18,8.0,0.71875,0.04,3,3,4,0.4,10,8.921325206756592e-06,11.0,0.10546875,0.06,8,2,0,0.8
knn_graph,mnist_resnet18,hub,0.0,fisher_rao,kl,10,-0.017011950790861152,0.0,0.001953125,-0.98,0,10,0,1.0,10,-0.02150000000000001,0.0,0.001953125,-0.94,0,10,0,1.0,10,-0.07360275313258172,0.0,0.001953125,-0.76,0,10,0,1.0,10,-0.012222222222222245,9.5,0.140625,-0.2,3,6,1,0.6,10,-0.009800000000000053,9.0,0.064453125,-0.28,1,9,0,0.9,10,0.0,0.0,1.0,0.0,0,0,10,1.0,10,0.0,0.0,1.0,0.0,0,0,10,1.0
knn_graph,mnist_resnet18,hub,0.0,hellinger,kl,10,-0.014924428822495594,0.0,0.001953125,-1.0,0,10,0,1.0,10,-0.01903333333333331,0.0,0.001953125,-0.88,0,10,0,1.0,10,-0.06619602181017399,0.0,0.001953125,-0.72,0,10,0,1.0,10,-0.006666666666666677,16.5,0.50390625,-0.13,4,5,1,0.5,10,-0.007300000000000006,8.0,0.048828125,-0.22,1,9,0,0.9,10,0.0,0.0,1.0,0.0,0,0,10,1.0,10,0.0,0.0,1.0,0.0,0,0,10,1.0
knn_graph,mnist_resnet18,hub,0.0,jensen_shannon,kl,10,-0.017262331575864088,0.0,0.001953125,-1.0,0,10,0,1.0,10,-0.018999999999999996,0.0,0.001953125,-0.88,0,10,0,1.0,10,-0.08861209936439991,0.0,0.001953125,-0.86,0,10,0,1.0,10,-0.006666666666666677,18.0,0.361328125,-0.18,3,7,0,0.7,10,-0.022033333333333384,0.0,0.00390625,-0.69,0,9,1,0.9,10,0.0,0.0,1.0,0.0,0,0,10,1.0,10,0.0,0.0,1.0,0.0,0,0,10,1.0
knn_graph,mnist_resnet18,hub,0.0,kl_capped,kl,10,0.0,0.0,1.0,0.0,0,0,10,1.0,10,0.0,0.0,1.0,0.0,0,0,10,1.0,10,0.0,0.0,1.0,0.0,0,0,10,1.0,10,0.0,0.0,1.0,0.0,0,0,10,1.0,10,0.0,0.0,1.0,0.0,0,0,10,1.0,10,0.0,0.0,1.0,0.0,0,0,10,1.0,10,0.0,0.0,1.0,0.0,0,0,10,1.0
knn_graph,mnist_resnet18,hub,0.0,kl_smoothed,kl,10,0.00016051552431165517,1.0,0.00390625,0.1,9,1,0,0.9,10,3.333333333335742e-05,14.0,1.0,0.01,3,4,3,0.4,10,-0.00010776072740554809,9.0,0.064453125,-0.04,3,7,0,0.7,10,-0.0011111111111111183,0.0,1.0,-0.03,0,1,9,0.9,10,6.666666666664822e-05,15.5,0.8125,0.0,4,4,2,0.4,10,0.0,0.0,1.0,0.0,0,0,10,1.0,10,0.0,0.0,1.0,0.0,0,0,10,1.0
knn_graph,mnist_resnet18,hub,0.1,fisher_rao,kl,10,-0.019038781487990618,0.0,0.001953125,-1.0,0,10,0,1.0,10,-0.02403333333333333,1.0,0.00390625,-0.98,1,9,0,0.9,10,-0.06347213946282863,0.0,0.001953125,-0.88,0,10,0,1.0,10,-0.023333333333333338,14.0,0.193359375,-0.44,3,7,0,0.7,10,-0.004533333333333322,18.0,0.375,-0.2,4,6,0,0.6,10,0.009999999999999998,10.0,0.3046875,0.36,6,2,2,0.6,10,-2.3888377472758294e-05,26.0,0.921875,0.04,6,4,0,0.6
knn_graph,mnist_resnet18,hub,0.1,hellinger,kl,10,-0.01699871118922087,0.0,0.001953125,-1.0,0,10,0,1.0,10,-0.024066666666666663,0.0,0.001953125,-1.0,0,10,0,1.0,10,-0.05978823862969875,0.0,0.001953125,-0.76,0,10,0,1.0,10,-0.0188888888888889,12.5,0.140625,-0.27,2,8,0,0.8,10,-0.0029999999999999693,25.0,0.845703125,-0.04,4,6,0,0.6,10,0.018666666666666668,2.0,0.046875,0.66,6,1,3,0.6,10,0.0007436695974320173,13.0,0.16015625,0.58,8,2,0,0.8
knn_graph,mnist_resnet18,hub,0.1,jensen_shannon,kl,10,-0.02245108377270062,0.0,0.001953125,-1.0,0,10,0,1.0,10,-0.024633333333333347,1.0,0.00390625,-0.98,1,9,0,0.9,10,-0.06392620280385017,1.0,0.00390625,-0.86,1,9,0,0.9,10,-0.007777777777777772,18.0,0.6171875,-0.2,4,5,1,0.5,10,-0.007800000000000007,20.0,0.4921875,-0.14,5,5,0,0.5,10,0.014000000000000002,5.0,0.140625,0.62,6,1,3,0.6,10,0.0010280399583280087,13.0,0.16015625,0.6,8,2,0,0.8
knn_graph,mnist_resnet18,hub,0.1,kl_capped,kl,10,0.0,0.0,1.0,0.0,0,0,10,1.0,10,0.0,0.0,1.0,0.0,0,0,10,1.0,10,0.0,0.0,1.0,0.0,0,0,10,1.0,10,0.0,0.0,1.0,0.0,0,0,10,1.0,10,0.0,0.0,1.0,0.0,0,0,10,1.0,10,0.0,0.0,1.0,0.0,0,0,10,1.0,10,0.0,0.0,1.0,0.0,0,0,10,1.0
knn_graph,mnist_resnet18,hub,0.1,kl_smoothed,kl,10,0.00030556531927359296,15.0,0.232421875,0.04,6,4,0,0.6,10,0.0007333333333332914,12.0,0.125,0.19,7,3,0,0.7,10,0.00017838478088378907,27.0,1.0,-0.02,4,6,0,0.6,10,-0.0033333333333333327,0.0,0.5,-0.04,0,2,8,0.8,10,0.0002666666666666484,17.0,0.9453125,-0.02,4,4,2,0.4,10,0.0006666666666666668,3.0,1.0,0.04,1,2,7,0.7,10,7.597729563713073e-07,27.0,1.0,0.02,5,5,0,0.5
knn_graph,mnist_resnet18,hub,0.2,fisher_rao,kl,10,-0.017706971294669006,0.0,0.001953125,-0.98,0,10,0,1.0,10,-0.022833333333333324,0.0,0.001953125,-1.0,0,10,0,1.0,10,-0.07300713397562504,0.0,0.001953125,-0.8,0,10,0,1.0,10,-0.05333333333333336,0.0,0.00390625,-0.69,0,9,1,0.9,10,-0.01803333333333339,6.0,0.02734375,-0.72,3,7,0,0.7,10,0.01569726624723602,0.0,0.00390625,0.74,9,0,1,0.9,10,0.00117894746363163,0.0,0.001953125,0.86,10,0,0,1.0
knn_graph,mnist_resnet18,hub,0.2,hellinger,kl,10,-0.019740597539543037,0.0,0.001953125,-1.0,0,10,0,1.0,10,-0.028299999999999957,0.0,0.001953125,-1.0,0,10,0,1.0,10,-0.0696748498827219,0.0,0.001953125,-0.82,0,10,0,1.0,10,-0.05000000000000001,1.0,0.00390625,-0.68,1,9,0,0.9,10,-0.014733333333333421,6.0,0.02734375,-0.56,2,8,0,0.8,10,0.019154103019679798,2.0,0.005859375,0.66,9,1,0,0.9,10,0.0013223491609096528,0.0,0.001953125,0.96,10,0,0,1.0
knn_graph,mnist_resnet18,hub,0.2,jensen_shannon,kl,10,-0.023469127123608647,0.0,0.001953125,-1.0,0,10,0,1.0,10,-0.02639999999999995,0.0,0.001953125,-1.0,0,10,0,1.0,10,-0.09799509961158037,0.0,0.001953125,-0.88,0,10,0,1.0,10,-0.062222222222222234,3.0,0.009765625,-0.74,1,9,0,0.9,10,-0.03030000000000006,3.0,0.009765625,-0.84,1,9,0,0.9,10,0.01710877102955685,1.0,0.00390625,0.84,9,1,0,0.9,10,0.0017129401676356792,0.0,0.001953125,0.96,10,0,0,1.0
knn_graph,mnist_resnet18,hub,0.2,kl_capped,kl,10,0.0,0.0,1.0,0.0,0,0,10,1.0,10,0.0,0.0,1.0,0.0,0,0,10,1.0,10,0.0,0.0,1.0,0.0,0,0,10,1.0,10,0.0,0.0,1.0,0.0,0,0,10,1.0,10,0.0,0.0,1.0,0.0,0,0,10,1.0,10,0.0,0.0,1.0,0.0,0,0,10,1.0,10,0.0,0.0,1.0,0.0,0,0,10,1.0
knn_graph,mnist_resnet18,hub,0.2,kl_smoothed,kl,10,0.00041405975395432116,13.0,0.16015625,0.06,6,4,0,0.6,10,0.0013000000000000511,2.0,0.005859375,0.21,9,1,0,0.9,10,0.0016722805798053742,18.0,0.375,0.06,6,4,0,0.6,10,-0.0033333333333333327,1.5,0.75,-0.05,1,2,7,0.7,10,0.0011333333333333085,17.0,0.314453125,0.06,6,4,0,0.6,10,-0.0004029304029304036,1.0,1.0,-0.02,1,1,8,0.8,10,5.887448787689209e-06,14.0,0.193359375,0.06,8,2,0,0.8
knn_graph,mnist_resnet18,hub,0.3,fisher_rao,kl,10,-0.017706971294669006,0.0,0.001953125,-0.98,0,10,0,1.0,10,-0.022833333333333324,0.0,0.001953125,-1.0,0,10,0,1.0,10,-0.07300713397562504,0.0,0.001953125,-0.8,0,10,0,1.0,10,-0.05333333333333336,0.0,0.00390625,-0.69,0,9,1,0.9,10,-0.01803333333333339,6.0,0.02734375,-0.72,3,7,0,0.7,10,0.01569726624723602,0.0,0.00390625,0.74,9,0,1,0.9,10,0.00117894746363163,0.0,0.001953125,0.86,10,0,0,1.0
knn_graph,mnist_resnet18,hub,0.3,hellinger,kl,10,-0.019740597539543037,0.0,0.001953125,-1.0,0,10,0,1.0,10,-0.028299999999999957,0.0,0.001953125,-1.0,0,10,0,1.0,10,-0.0696748498827219,0.0,0.001953125,-0.82,0,10,0,1.0,10,-0.05000000000000001,1.0,0.00390625,-0.68,1,9,0,0.9,10,-0.014733333333333421,6.0,0.02734375,-0.56,2,8,0,0.8,10,0.019154103019679798,2.0,0.005859375,0.66,9,1,0,0.9,10,0.0013223491609096528,0.0,0.001953125,0.96,10,0,0,1.0
knn_graph,mnist_resnet18,hub,0.3,jensen_shannon,kl,10,-0.023469127123608647,0.0,0.001953125,-1.0,0,10,0,1.0,10,-0.02639999999999995,0.0,0.001953125,-1.0,0,10,0,1.0,10,-0.09799509961158037,0.0,0.001953125,-0.88,0,10,0,1.0,10,-0.062222222222222234,3.0,0.009765625,-0.74,1,9,0,0.9,10,-0.03030000000000006,3.0,0.009765625,-0.84,1,9,0,0.9,10,0.01710877102955685,1.0,0.00390625,0.84,9,1,0,0.9,10,0.0017129401676356792,0.0,0.001953125,0.96,10,0,0,1.0
knn_graph,mnist_resnet18,hub,0.3,kl_capped,kl,10,0.0,0.0,1.0,0.0,0,0,10,1.0,10,0.0,0.0,1.0,0.0,0,0,10,1.0,10,0.0,0.0,1.0,0.0,0,0,10,1.0,10,0.0,0.0,1.0,0.0,0,0,10,1.0,10,0.0,0.0,1.0,0.0,0,0,10,1.0,10,0.0,0.0,1.0,0.0,0,0,10,1.0,10,0.0,0.0,1.0,0.0,0,0,10,1.0
knn_graph,mnist_resnet18,hub,0.3,kl_smoothed,kl,10,0.00041405975395432116,13.0,0.16015625,0.06,6,4,0,0.6,10,0.0013000000000000511,2.0,0.005859375,0.21,9,1,0,0.9,10,0.0016722805798053742,18.0,0.375,0.06,6,4,0,0.6,10,-0.0033333333333333327,1.5,0.75,-0.05,1,2,7,0.7,10,0.0011333333333333085,17.0,0.314453125,0.06,6,4,0,0.6,10,-0.0004029304029304036,1.0,1.0,-0.02,1,1,8,0.8,10,5.887448787689209e-06,14.0,0.193359375,0.06,8,2,0,0.8
knn_graph,mnist_resnet18,uniform,0.0,fisher_rao,kl,10,-0.017011950790861152,0.0,0.001953125,-0.98,0,10,0,1.0,10,-0.02150000000000001,0.0,0.001953125,-0.94,0,10,0,1.0,10,-0.07360275313258172,0.0,0.001953125,-0.76,0,10,0,1.0,10,-0.012222222222222245,9.5,0.140625,-0.2,3,6,1,0.6,10,-0.009800000000000053,9.0,0.064453125,-0.28,1,9,0,0.9,10,0.0,0.0,1.0,0.0,0,0,10,1.0,10,0.0,0.0,1.0,0.0,0,0,10,1.0
knn_graph,mnist_resnet18,uniform,0.0,hellinger,kl,10,-0.014924428822495594,0.0,0.001953125,-1.0,0,10,0,1.0,10,-0.01903333333333331,0.0,0.001953125,-0.88,0,10,0,1.0,10,-0.06619602181017399,0.0,0.001953125,-0.72,0,10,0,1.0,10,-0.006666666666666677,16.5,0.50390625,-0.13,4,5,1,0.5,10,-0.007300000000000006,8.0,0.048828125,-0.22,1,9,0,0.9,10,0.0,0.0,1.0,0.0,0,0,10,1.0,10,0.0,0.0,1.0,0.0,0,0,10,1.0
knn_graph,mnist_resnet18,uniform,0.0,jensen_shannon,kl,10,-0.017262331575864088,0.0,0.001953125,-1.0,0,10,0,1.0,10,-0.018999999999999996,0.0,0.001953125,-0.88,0,10,0,1.0,10,-0.08861209936439991,0.0,0.001953125,-0.86,0,10,0,1.0,10,-0.006666666666666677,18.0,0.361328125,-0.18,3,7,0,0.7,10,-0.022033333333333384,0.0,0.00390625,-0.69,0,9,1,0.9,10,0.0,0.0,1.0,0.0,0,0,10,1.0,10,0.0,0.0,1.0,0.0,0,0,10,1.0
knn_graph,mnist_resnet18,uniform,0.0,kl_capped,kl,10,0.0,0.0,1.0,0.0,0,0,10,1.0,10,0.0,0.0,1.0,0.0,0,0,10,1.0,10,0.0,0.0,1.0,0.0,0,0,10,1.0,10,0.0,0.0,1.0,0.0,0,0,10,1.0,10,0.0,0.0,1.0,0.0,0,0,10,1.0,10,0.0,0.0,1.0,0.0,0,0,10,1.0,10,0.0,0.0,1.0,0.0,0,0,10,1.0
knn_graph,mnist_resnet18,uniform,0.0,kl_smoothed,kl,10,0.00016051552431165517,1.0,0.00390625,0.1,9,1,0,0.9,10,3.333333333335742e-05,14.0,1.0,0.01,3,4,3,0.4,10,-0.00010776072740554809,9.0,0.064453125,-0.04,3,7,0,0.7,10,-0.0011111111111111183,0.0,1.0,-0.03,0,1,9,0.9,10,6.666666666664822e-05,15.5,0.8125,0.0,4,4,2,0.4,10,0.0,0.0,1.0,0.0,0,0,10,1.0,10,0.0,0.0,1.0,0.0,0,0,10,1.0
knn_graph,mnist_resnet18,uniform,0.1,fisher_rao,kl,10,-0.018903456356180414,0.0,0.001953125,-1.0,0,10,0,1.0,10,-0.027333333333333314,1.0,0.00390625,-0.96,1,9,0,0.9,10,-0.08122404012829065,0.0,0.001953125,-0.8,0,10,0,1.0,10,-0.01888888888888891,11.0,0.19140625,-0.29,4,5,1,0.5,10,-0.008733333333333326,21.0,0.541015625,-0.18,5,5,0,0.5,10,0.006666666666666668,13.0,0.29296875,0.46,6,3,1,0.6,10,-0.0003390628611668944,11.0,0.10546875,-0.48,3,7,0,0.7
knn_graph,mnist_resnet18,uniform,0.1,hellinger,kl,10,-0.021120679554774445,0.0,0.001953125,-1.0,0,10,0,1.0,10,-0.0294,0.0,0.001953125,-0.96,0,10,0,1.0,10,-0.0763865850167349,0.0,0.001953125,-0.84,0,10,0,1.0,10,-0.034444444444444444,8.5,0.052734375,-0.48,3,7,0,0.7,10,-0.013833333333333331,2.0,0.005859375,-0.58,1,9,0,0.9,10,0.010666666666666666,6.0,0.1015625,0.51,5,3,2,0.5,10,-0.0002799605950713158,14.0,0.193359375,-0.42,4,6,0,0.6
knn_graph,mnist_resnet18,uniform,0.1,jensen_shannon,kl,10,-0.023994141769185694,0.0,0.001953125,-1.0,0,10,0,1.0,10,-0.028866666666666645,0.0,0.001953125,-1.0,0,10,0,1.0,10,-0.09019737076014281,0.0,0.001953125,-0.9,0,10,0,1.0,10,-0.038888888888888896,4.0,0.02734375,-0.55,1,8,1,0.8,10,-0.016766666666666673,12.0,0.130859375,-0.59,3,7,0,0.7,10,0.0013333333333333329,11.5,0.78125,0.16,4,3,3,0.4,10,-0.0003871840192005038,11.0,0.10546875,-0.44,3,7,0,0.7
knn_graph,mnist_resnet18,uniform,0.1,kl_capped,kl,10,0.0,0.0,1.0,0.0,0,0,10,1.0,10,0.0,0.0,1.0,0.0,0,0,10,1.0,10,0.0,0.0,1.0,0.0,0,0,10,1.0,10,0.0,0.0,1.0,0.0,0,0,10,1.0,10,0.0,0.0,1.0,0.0,0,0,10,1.0,10,0.0,0.0,1.0,0.0,0,0,10,1.0,10,0.0,0.0,1.0,0.0,0,0,10,1.0
knn_graph,mnist_resnet18,uniform,0.1,kl_smoothed,kl,10,0.0007424721734036521,18.0,0.65234375,0.03,3,6,1,0.6,10,0.00013333333333334085,15.5,0.7578125,0.03,5,3,2,0.5,10,5.189850926399231e-05,24.0,0.76953125,0.0,5,5,0,0.5,10,1.1102230246251566e-17,1.0,1.0,-0.03,1,1,8,0.8,10,0.0011666666666666937,14.0,0.6328125,0.07,5,3,2,0.5,10,-0.0013333333333333335,0.0,0.5,-0.08,0,2,8,0.8,10,-1.771335955709219e-05,2.0,0.005859375,-0.08,1,9,0,0.9
knn_graph,mnist_resnet18,uniform,0.2,fisher_rao,kl,10,-0.020564030462800243,0.0,0.001953125,-0.96,0,10,0,1.0,10,-0.03243333333333333,0.0,0.001953125,-1.0,0,10,0,1.0,10,-0.06615606164559722,1.0,0.00390625,-0.76,1,9,0,0.9,10,-0.024444444444444456,13.0,0.2890625,-0.24,3,6,1,0.6,10,-0.010366666666666646,12.0,0.130859375,-0.38,3,7,0,0.7,10,0.008666666666666666,4.5,0.03125,0.48,7,2,1,0.7,10,-0.0001338194590061903,27.0,1.0,-0.04,4,6,0,0.6
knn_graph,mnist_resnet18,uniform,0.2,hellinger,kl,10,-0.02093637961335676,0.0,0.001953125,-0.96,0,10,0,1.0,10,-0.033199999999999986,0.0,0.001953125,-1.0,0,10,0,1.0,10,-0.06886499072425067,1.0,0.00390625,-0.74,1,9,0,0.9,10,-0.026666666666666672,14.0,0.1875,-0.31,3,7,0,0.7,10,-0.009999999999999986,16.0,0.275390625,-0.29,4,6,0,0.6,10,0.007666666666666666,4.5,0.03515625,0.4,8,1,1,0.8,10,-0.00040395520627498625,24.0,0.76953125,-0.2,5,5,0,0.5
knn_graph,mnist_resnet18,uniform,0.2,jensen_shannon,kl,10,-0.022896660808435877,0.0,0.001953125,-0.96,0,10,0,1.0,10,-0.03233333333333334,0.0,0.001953125,-1.0,0,10,0,1.0,10,-0.07635390320792794,1.0,0.00390625,-0.8,1,9,0,0.9,10,-0.025555555555555564,13.0,0.162109375,-0.28,3,7,0,0.7,10,-0.023,5.0,0.01953125,-0.67,2,8,0,0.8,10,0.011666666666666669,4.0,0.02734375,0.43,7,2,1,0.7,10,1.2065982446074486e-05,26.0,0.921875,-0.08,6,4,0,0.6
knn_graph,mnist_resnet18,uniform,0.2,kl_capped,kl,10,0.0,0.0,1.0,0.0,0,0,10,1.0,10,0.0,0.0,1.0,0.0,0,0,10,1.0,10,0.0,0.0,1.0,0.0,0,0,10,1.0,10,0.0,0.0,1.0,0.0,0,0,10,1.0,10,0.0,0.0,1.0,0.0,0,0,10,1.0,10,0.0,0.0,1.0,0.0,0,0,10,1.0,10,0.0,0.0,1.0,0.0,0,0,10,1.0
knn_graph,mnist_resnet18,uniform,0.2,kl_smoothed,kl,10,-0.00024311657879321212,9.0,0.064453125,-0.06,3,7,0,0.7,10,-0.00040000000000001146,9.0,0.12890625,-0.05,3,6,1,0.6,10,-3.921985626220703e-06,19.0,0.431640625,0.0,4,6,0,0.6,10,-0.0044444444444444505,0.0,0.5,-0.07,0,2,8,0.8,10,-0.0007333333333333303,11.5,0.390625,-0.05,2,6,2,0.6,10,0.0006666666666666668,0.0,1.0,0.04,1,0,9,0.9,10,5.755899474024773e-06,26.0,0.921875,-0.02,4,6,0,0.6
knn_graph,mnist_resnet18,uniform,0.3,fisher_rao,kl,10,-0.022031400117164625,0.0,0.001953125,-0.9,0,10,0,1.0,10,-0.03723333333333333,0.0,0.001953125,-1.0,0,10,0,1.0,10,-0.0922924387268722,1.0,0.00390625,-0.9,1,9,0,0.9,10,-0.04,0.0,0.00390625,-0.52,0,9,1,0.9,10,-0.0343666666666667,0.0,0.001953125,-0.87,0,10,0,1.0,10,0.0008888888888888894,19.0,0.71484375,0.17,6,3,1,0.6,10,0.0006756292656064034,12.0,0.130859375,0.48,7,3,0,0.7
knn_graph,mnist_resnet18,uniform,0.3,hellinger,kl,10,-0.02338172231985939,0.0,0.001953125,-0.98,0,10,0,1.0,10,-0.03559999999999998,0.0,0.001953125,-1.0,0,10,0,1.0,10,-0.09362608073279262,1.0,0.00390625,-0.92,1,9,0,0.9,10,-0.037777777777777764,0.0,0.001953125,-0.46,0,10,0,1.0,10,-0.02346666666666668,0.0,0.001953125,-0.74,0,10,0,1.0,10,0.0006666666666666668,25.5,0.8671875,0.09,6,4,0,0.6,10,0.0006445697508752346,17.0,0.322265625,0.22,6,4,0,0.6
knn_graph,mnist_resnet18,uniform,0.3,jensen_shannon,kl,10,-0.0273751611013474,0.0,0.001953125,-0.94,0,10,0,1.0,10,-0.03439999999999997,0.0,0.001953125,-1.0,0,10,0,1.0,10,-0.10444931723177434,0.0,0.001953125,-0.96,0,10,0,1.0,10,-0.05222222222222221,2.0,0.005859375,-0.52,1,9,0,0.9,10,-0.03163333333333337,2.0,0.005859375,-0.8,1,9,0,0.9,10,0.005555555555555557,13.5,0.3125,0.24,7,2,1,0.7,10,0.0003637089394032955,22.0,0.625,0.18,6,4,0,0.6
knn_graph,mnist_resnet18,uniform,0.3,kl_capped,kl,10,0.0,0.0,1.0,0.0,0,0,10,1.0,10,0.0,0.0,1.0,0.0,0,0,10,1.0,10,0.0,0.0,1.0,0.0,0,0,10,1.0,10,0.0,0.0,1.0,0.0,0,0,10,1.0,10,0.0,0.0,1.0,0.0,0,0,10,1.0,10,0.0,0.0,1.0,0.0,0,0,10,1.0,10,0.0,0.0,1.0,0.0,0,0,10,1.0
knn_graph,mnist_resnet18,uniform,0.3,kl_smoothed,kl,10,-0.00020339777387230474,23.0,0.6953125,-0.04,4,6,0,0.6,10,0.00013333333333334085,10.0,0.546875,0.02,4,3,3,0.4,10,-0.00010399967432022095,25.0,0.845703125,-0.02,4,6,0,0.6,10,0.0022222222222222144,0.0,0.5,0.05,2,0,8,0.8,10,0.0003999999999999337,16.0,0.8125,0.04,4,4,2,0.4,10,0.0004444444444444445,0.0,0.5,0.04,2,0,8,0.8,10,1.527387648820877e-05,8.0,0.048828125,0.04,7,3,0,0.7
noisy_affinity,blobs,block,0.0,fisher_rao,kl,10,0.00015325131810188796,19.0,0.46484375,0.6,8,2,0,0.8,10,0.003600000000000014,0.0,0.001953125,0.68,10,0,0,1.0,10,0.0005512356758117676,0.0,0.001953125,1.0,10,0,0,1.0,10,0.0,0.0,1.0,0.0,0,0,10,1.0,10,0.0,0.0,1.0,0.0,0,0,10,1.0,10,0.0,0.0,1.0,0.0,0,0,10,1.0,10,0.0,0.0,1.0,0.0,0,0,10,1.0
noisy_affinity,blobs,block,0.025,fisher_rao,kl,10,0.003881195079086119,0.0,0.001953125,0.98,10,0,0,1.0,10,0.009766666666666663,0.0,0.001953125,0.58,10,0,0,1.0,10,0.061626124382019046,0.0,0.001953125,1.0,10,0,0,1.0,10,0.005555555555555536,0.0,0.0625,0.5,5,0,5,0.5,10,0.007899999999999996,0.0,0.001953125,1.0,10,0,0,1.0,10,-0.04666666666666667,0.0,0.0078125,-0.8,0,8,2,0.8,10,-0.00036872762721031906,0.0,0.001953125,-0.74,0,10,0,1.0
noisy_affinity,blobs,block,0.05,fisher_rao,kl,10,0.013522437024018752,0.0,0.001953125,1.0,10,0,0,1.0,10,0.024966666666666658,0.0,0.001953125,0.9,10,0,0,1.0,10,0.1142875611782074,0.0,0.001953125,1.0,10,0,0,1.0,10,0.02666666666666665,0.0,0.00390625,0.9,9,0,1,0.9,10,0.0356999999999999,0.0,0.001953125,1.0,10,0,0,1.0,10,-0.11499999999999999,0.0,0.001953125,-1.0,0,10,0,1.0,10,-0.0008292100159451365,0.0,0.001953125,-0.9,0,10,0,1.0
noisy_affinity,blobs,block,0.1,fisher_rao,kl,10,0.03909830111306385,0.0,0.001953125,1.0,10,0,0,1.0,10,0.03299999999999999,0.0,0.001953125,1.0,10,0,0,1.0,10,0.19514862298965455,0.0,0.001953125,1.0,10,0,0,1.0,10,0.07444444444444445,0.0,0.001953125,1.0,10,0,0,1.0,10,0.0975,0.0,0.001953125,1.0,10,0,0,1.0,10,-0.29,0.0,0.001953125,-1.0,0,10,0,1.0,10,-0.0018798463279381394,0.0,0.001953125,-1.0,0,10,0,1.0
noisy_affinity,blobs,block,0.15,fisher_rao,kl,10,0.06291306385471586,0.0,0.001953125,1.0,10,0,0,1.0,10,0.04659999999999999,0.0,0.001953125,1.0,10,0,0,1.0,10,0.2418294757604599,0.0,0.001953125,1.0,10,0,0,1.0,10,0.13444444444444442,0.0,0.001953125,1.0,10,0,0,1.0,10,0.14250000000000002,0.0,0.001953125,1.0,10,0,0,1.0,10,-0.4,0.0,0.001953125,-1.0,0,10,0,1.0,10,-0.0030678889714181425,0.0,0.001953125,-1.0,0,10,0,1.0
noisy_affinity,blobs,block,0.2,fisher_rao,kl,10,0.07429841827768013,0.0,0.001953125,1.0,10,0,0,1.0,10,0.04699999999999997,0.0,0.001953125,1.0,10,0,0,1.0,10,0.2565588057041168,0.0,0.001953125,1.0,10,0,0,1.0,10,0.16888888888888892,0.0,0.001953125,1.0,10,0,0,1.0,10,0.1533666666666667,0.0,0.001953125,1.0,10,0,0,1.0,10,-0.38,0.0,0.001953125,-1.0,0,10,0,1.0,10,-0.004482393292710185,0.0,0.001953125,-1.0,0,10,0,1.0
noisy_affinity,blobs,block,0.3,fisher_rao,kl,10,0.06628869361452841,0.0,0.001953125,1.0,10,0,0,1.0,10,0.03646666666666666,0.0,0.001953125,1.0,10,0,0,1.0,10,0.23794681429862977,0.0,0.001953125,1.0,10,0,0,1.0,10,0.17,0.0,0.001953125,0.99,10,0,0,1.0,10,0.1198666666666667,0.0,0.001953125,1.0,10,0,0,1.0,10,-0.2580555555555556,0.0,0.001953125,-1.0,0,10,0,1.0,10,-0.0073756611905992035,0.0,0.001953125,-1.0,0,10,0,1.0
noisy_affinity,blobs,boundary,0.0,fisher_rao,kl,10,0.00015325131810188796,19.0,0.46484375,0.6,8,2,0,0.8,10,0.003600000000000014,0.0,0.001953125,0.68,10,0,0,1.0,10,0.0005512356758117676,0.0,0.001953125,1.0,10,0,0,1.0,10,0.0,0.0,1.0,0.0,0,0,10,1.0,10,0.0,0.0,1.0,0.0,0,0,10,1.0,10,0.0,0.0,1.0,0.0,0,0,10,1.0,10,0.0,0.0,1.0,0.0,0,0,10,1.0
noisy_affinity,blobs,boundary,0.025,fisher_rao,kl,10,0.0010701816051552405,3.0,0.0078125,0.6,8,2,0,0.8,10,0.004200000000000026,0.0,0.001953125,0.68,10,0,0,1.0,10,0.027749407291412353,0.0,0.001953125,1.0,10,0,0,1.0,10,0.0033333333333333327,0.0,0.25,0.25,3,0,7,0.7,10,0.008733333333333416,0.0,0.001953125,1.0,10,0,0,1.0,10,-0.28666666666666674,0.0,0.001953125,-1.0,0,10,0,1.0,10,-0.00011039383243769408,0.0,0.001953125,-1.0,0,10,0,1.0
noisy_affinity,blobs,boundary,0.05,fisher_rao,kl,10,0.002842413591095472,0.0,0.001953125,1.0,10,0,0,1.0,10,0.0036333333333332606,1.0,0.00390625,0.96,9,1,0,0.9,10,0.048540496826171876,0.0,0.001953125,1.0,10,0,0,1.0,10,0.0033333333333333327,0.0,0.25,0.23,3,0,7,0.7,10,0.014833333333333365,0.0,0.001953125,1.0,10,0,0,1.0,10,-0.265,0.0,0.001953125,-1.0,0,10,0,1.0,10,-0.0002881654305383563,0.0,0.001953125,-1.0,0,10,0,1.0
noisy_affinity,blobs,boundary,0.1,fisher_rao,kl,10,0.003554071470415954,0.0,0.001953125,1.0,10,0,0,1.0,10,0.011366666666666659,0.0,0.001953125,1.0,10,0,0,1.0,10,0.08955496549606323,0.0,0.001953125,1.0,10,0,0,1.0,10,0.012222222222222235,0.0,0.0078125,0.48,8,0,2,0.8,10,0.01589999999999995,0.0,0.001953125,1.0,10,0,0,1.0,10,-0.18833333333333335,0.0,0.001953125,-1.0,0,10,0,1.0,10,-0.0011039975099265576,0.0,0.001953125,-1.0,0,10,0,1.0
noisy_affinity,blobs,boundary,0.15,fisher_rao,kl,10,0.00368541300527242,0.0,0.001953125,1.0,10,0,0,1.0,10,0.022733333333333338,0.0,0.001953125,1.0,10,0,0,1.0,10,0.11513254642486573,0.0,0.001953125,1.0,10,0,0,1.0,10,0.02222222222222222,0.0,0.0078125,0.65,8,0,2,0.8,10,0.02103333333333348,0.0,0.001953125,1.0,10,0,0,1.0,10,-0.14777777777777773,0.0,0.001953125,-1.0,0,10,0,1.0,10,-0.0026573686860501765,0.0,0.001953125,-1.0,0,10,0,1.0
noisy_affinity,blobs,boundary,0.2,fisher_rao,kl,10,0.004522085530169906,0.0,0.001953125,1.0,10,0,0,1.0,10,0.021033333333333314,0.0,0.001953125,1.0,10,0,0,1.0,10,0.13699819445610045,0.0,0.001953125,1.0,10,0,0,1.0,10,0.01777777777777777,0.0,0.03125,0.55,6,0,4,0.6,10,0.015800000000000147,0.0,0.001953125,1.0,10,0,0,1.0,10,-0.09375000000000003,0.0,0.001953125,-1.0,0,10,0,1.0,10,-0.004991037677973509,0.0,0.001953125,-1.0,0,10,0,1.0
noisy_affinity,blobs,boundary,0.3,fisher_rao,kl,10,0.007888927943760981,0.0,0.001953125,1.0,10,0,0,1.0,10,0.01743333333333333,0.0,0.001953125,0.98,10,0,0,1.0,10,0.1667090594768524,0.0,0.001953125,1.0,10,0,0,1.0,10,0.03444444444444446,0.0,0.001953125,0.72,10,0,0,1.0,10,0.044566666666666664,0.0,0.001953125,1.0,10,0,0,1.0,10,-0.14611111111111114,0.0,0.001953125,-1.0,0,10,0,1.0,10,-0.010779063776135444,0.0,0.001953125,-1.0,0,10,0,1.0
noisy_affinity,blobs,hub,0.0,fisher_rao,kl,10,0.00015325131810188796,19.0,0.46484375,0.6,8,2,0,0.8,10,0.003600000000000014,0.0,0.001953125,0.68,10,0,0,1.0,10,0.0005512356758117676,0.0,0.001953125,1.0,10,0,0,1.0,10,0.0,0.0,1.0,0.0,0,0,10,1.0,10,0.0,0.0,1.0,0.0,0,0,10,1.0,10,0.0,0.0,1.0,0.0,0,0,10,1.0,10,0.0,0.0,1.0,0.0,0,0,10,1.0
noisy_affinity,blobs,hub,0.025,fisher_rao,kl,10,0.0029006444053895964,0.0,0.001953125,0.86,10,0,0,1.0,10,0.016566666666666653,0.0,0.001953125,0.86,10,0,0,1.0,10,0.030772942304611205,0.0,0.001953125,1.0,10,0,0,1.0,10,0.0011111111111111072,0.0,1.0,0.1,1,0,9,0.9,10,0.0008333333333333193,4.5,0.0625,0.33,7,1,2,0.7,10,-0.12666666666666668,0.0,0.001953125,-0.96,0,10,0,1.0,10,-0.000155611801892519,0.0,0.001953125,-0.9,0,10,0,1.0
noisy_affinity,blobs,hub,0.05,fisher_rao,kl,10,0.003344112478031613,0.0,0.001953125,1.0,10,0,0,1.0,10,0.020399999999999995,0.0,0.001953125,1.0,10,0,0,1.0,10,0.055260473489761354,0.0,0.001953125,1.0,10,0,0,1.0,10,0.0,0.0,1.0,0.0,0,0,10,1.0,10,0.0006999999999999784,0.0,0.015625,0.42,7,0,3,0.7,10,-0.05166666666666666,0.0,0.001953125,-0.81,0,10,0,1.0,10,-0.0002856493694707751,0.0,0.001953125,-0.92,0,10,0,1.0
noisy_affinity,blobs,hub,0.1,fisher_rao,kl,10,0.0037585237258347948,0.0,0.001953125,0.98,10,0,0,1.0,10,0.017599999999999987,0.0,0.00390625,0.93,9,0,1,0.9,10,0.09204069972038269,0.0,0.001953125,1.0,10,0,0,1.0,10,0.0,0.0,1.0,0.0,0,0,10,1.0,10,0.000333333333333341,4.5,0.3125,0.06,4,2,4,0.4,10,-0.01833333333333333,0.0,0.0078125,-0.64,0,8,2,0.8,10,-0.0005240706726908684,0.0,0.001953125,-0.88,0,10,0,1.0
noisy_affinity,blobs,hub,0.15,fisher_rao,kl,10,0.0038519039250146437,0.0,0.001953125,0.98,10,0,0,1.0,10,0.02196666666666667,0.0,0.001953125,1.0,10,0,0,1.0,10,0.06789330840110779,0.0,0.001953125,1.0,10,0,0,1.0,10,0.0,0.0,1.0,0.0,0,0,10,1.0,10,0.00023333333333332983,2.0,0.75,-0.04,2,1,7,0.7,10,-0.0038888888888888875,0.0,0.25,-0.27,0,3,7,0.7,10,-0.0005288458429276943,0.0,0.001953125,-0.72,0,10,0,1.0
noisy_affinity,blobs,hub,0.2,fisher_rao,kl,10,0.000759343878148766,12.0,0.130859375,0.18,6,4,0,0.6,10,0.005766666666666665,7.0,0.07421875,0.62,6,3,1,0.6,10,0.02896544337272644,0.0,0.001953125,1.0,10,0,0,1.0,10,0.0,0.0,1.0,0.0,0,0,10,1.0,10,0.00020000000000001129,10.0,1.0,-0.28,2,4,4,0.4,10,-6.938893903907229e-19,10.5,1.0,0.13,4,2,4,0.4,10,-0.00033694910816848276,0.0,0.001953125,-0.5,0,10,0,1.0
noisy_affinity,blobs,hub,0.3,fisher_rao,kl,10,0.0017619214997070976,6.0,0.02734375,0.34,8,2,0,0.8,10,0.005133333333333312,15.0,0.22265625,0.38,7,3,0,0.7,10,0.052534037828445436,0.0,0.001953125,1.0,10,0,0,1.0,10,0.0,0.0,1.0,0.0,0,0,10,1.0,10,0.0012333333333333085,3.0,0.15625,0.04,4,2,4,0.4,10,-0.004583333333333334,6.0,0.4375,0.12,3,3,4,0.4,10,-0.0005127489101141691,0.0,0.001953125,-0.58,0,10,0,1.0
noisy_affinity,blobs,uniform,0.0,fisher_rao,kl,10,0.00015325131810188796,19.0,0.46484375,0.6,8,2,0,0.8,10,0.003600000000000014,0.0,0.001953125,0.68,10,0,0,1.0,10,0.0005512356758117676,0.0,0.001953125,1.0,10,0,0,1.0,10,0.0,0.0,1.0,0.0,0,0,10,1.0,10,0.0,0.0,1.0,0.0,0,0,10,1.0,10,0.0,0.0,1.0,0.0,0,0,10,1.0,10,0.0,0.0,1.0,0.0,0,0,10,1.0
noisy_affinity,blobs,uniform,0.025,fisher_rao,kl,10,0.004884710017574711,0.0,0.001953125,1.0,10,0,0,1.0,10,0.02113333333333331,0.0,0.001953125,0.98,10,0,0,1.0,10,0.07038700580596924,0.0,0.001953125,1.0,10,0,0,1.0,10,0.0011111111111111072,0.0,1.0,0.1,1,0,9,0.9,10,0.004099999999999981,0.0,0.001953125,1.0,10,0,0,1.0,10,-0.03666666666666667,0.0,0.03125,-0.6,0,6,4,0.6,10,-0.00027694499003700913,0.0,0.001953125,-1.0,0,10,0,1.0
noisy_affinity,blobs,uniform,0.05,fisher_rao,kl,10,0.00962308142940831,0.0,0.001953125,1.0,10,0,0,1.0,10,0.03536666666666665,0.0,0.001953125,0.98,10,0,0,1.0,10,0.12641379237174988,0.0,0.001953125,1.0,10,0,0,1.0,10,0.004444444444444429,0.0,0.125,0.4,4,0,6,0.6,10,0.014399999999999991,0.0,0.001953125,1.0,10,0,0,1.0,10,-0.05166666666666667,0.0,0.00390625,-0.9,0,9,1,0.9,10,-0.000562279112637043,0.0,0.001953125,-1.0,0,10,0,1.0
noisy_affinity,blobs,uniform,0.1,fisher_rao,kl,10,0.023991329818394823,0.0,0.001953125,1.0,10,0,0,1.0,10,0.05916666666666666,0.0,0.001953125,1.0,10,0,0,1.0,10,0.23977806866168977,0.0,0.001953125,1.0,10,0,0,1.0,10,0.025555555555555554,0.0,0.00390625,0.9,9,0,1,0.9,10,0.056133333333333334,0.0,0.001953125,1.0,10,0,0,1.0,10,-0.07333333333333333,0.0,0.001953125,-1.0,0,10,0,1.0,10,-0.0012128471862524748,0.0,0.001953125,-1.0,0,10,0,1.0
noisy_affinity,blobs,uniform,0.15,fisher_rao,kl,10,0.04381077914469829,0.0,0.001953125,1.0,10,0,0,1.0,10,0.07773333333333335,0.0,0.001953125,1.0,10,0,0,1.0,10,0.33212781250476836,0.0,0.001953125,1.0,10,0,0,1.0,10,0.08555555555555554,0.0,0.001953125,1.0,10,0,0,1.0,10,0.1234,0.0,0.001953125,1.0,10,0,0,1.0,10,-0.07333333333333333,0.0,0.001953125,-1.0,0,10,0,1.0,10,-0.0019138393690809608,0.0,0.001953125,-1.0,0,10,0,1.0
noisy_affinity,blobs,uniform,0.2,fisher_rao,kl,10,0.0686579964850615,0.0,0.001953125,1.0,10,0,0,1.0,10,0.08910000000000003,0.0,0.001953125,1.0,10,0,0,1.0,10,0.39599938690662384,0.0,0.001953125,1.0,10,0,0,1.0,10,0.14777777777777776,0.0,0.001953125,1.0,10,0,0,1.0,10,0.18613333333333332,0.0,0.001953125,1.0,10,0,0,1.0,10,-0.09291666666666668,0.0,0.001953125,-1.0,0,10,0,1.0,10,-0.0026660673320293427,0.0,0.001953125,-1.0,0,10,0,1.0
noisy_affinity,blobs,uniform,0.3,fisher_rao,kl,10,0.1415325131810193,0.0,0.001953125,1.0,10,0,0,1.0,10,0.1068,0.0,0.001953125,1.0,10,0,0,1.0,10,0.5360502973198891,0.0,0.001953125,1.0,10,0,0,1.0,10,0.2811111111111111,0.0,0.001953125,1.0,10,0,0,1.0,10,0.36383333333333334,0.0,0.001953125,1.0,10,0,0,1.0,10,-0.1602777777777778,0.0,0.001953125,-1.0,0,10,0,1.0,10,-0.004650735994800925,0.0,0.001953125,-1.0,0,10,0,1.0
noisy_affinity,digits,block,0.0,fisher_rao,kl,10,0.0023469244288224942,9.0,0.064453125,0.28,9,1,0,0.9,10,-0.0010999999999999899,13.0,0.30078125,-0.08,2,7,1,0.7,10,-0.0028457194566726685,0.0,0.001953125,-0.42,0,10,0,1.0,10,0.010000000000000014,5.5,0.1875,0.21,5,2,3,0.5,10,-0.00030000000000000583,22.0,1.0,0.03,4,5,1,0.5,10,0.0,0.0,1.0,0.0,0,0,10,1.0,10,0.0,0.0,1.0,0.0,0,0,10,1.0
noisy_affinity,digits,block,0.025,fisher_rao,kl,10,0.013091505565319272,0.0,0.001953125,0.76,10,0,0,1.0,10,0.011400000000000021,0.0,0.001953125,0.66,10,0,0,1.0,10,-0.012213814631104469,0.0,0.001953125,-0.6,0,10,0,1.0,10,-0.002222222222222248,26.0,0.900390625,-0.03,4,6,0,0.6,10,-0.0014000000000000123,19.5,0.4453125,0.02,4,6,0,0.6,10,-0.29666666666666663,0.0,0.001953125,-0.96,0,10,0,1.0,10,-0.0001475618628319353,0.0,0.001953125,-0.98,0,10,0,1.0
noisy_affinity,digits,block,0.05,fisher_rao,kl,10,0.016665143526654956,0.0,0.001953125,0.72,10,0,0,1.0,10,0.0023333333333333426,20.0,0.4921875,0.32,6,4,0,0.6,10,-0.021201549377292395,2.0,0.005859375,-0.58,1,9,0,0.9,10,-0.012222222222222212,20.5,0.509765625,-0.13,4,6,0,0.6,10,-0.025,0.0,0.001953125,-0.67,0,10,0,1.0,10,-0.31000000000000005,0.0,0.001953125,-1.0,0,10,0,1.0,10,-0.00033455508528277276,0.0,0.001953125,-1.0,0,10,0,1.0
noisy_affinity,digits,block,0.1,fisher_rao,kl,10,0.015673579379027535,3.0,0.009765625,0.6,8,2,0,0.8,10,0.0019999999999999905,26.0,0.921875,0.07,5,5,0,0.5,10,-0.030282997712492942,3.0,0.009765625,-0.48,2,8,0,0.8,10,-0.008888888888888908,22.0,0.6015625,-0.07,4,6,0,0.6,10,-0.02870000000000001,7.5,0.041015625,-0.36,3,7,0,0.7,10,-0.19,0.0,0.001953125,-0.96,0,10,0,1.0,10,-0.0010205091908574103,0.0,0.001953125,-1.0,0,10,0,1.0
noisy_affinity,digits,block,0.15,fisher_rao,kl,10,0.012194493263034612,5.0,0.01953125,0.36,8,2,0,0.8,10,-0.0028666666666666727,22.0,0.625,-0.16,4,6,0,0.6,10,-0.034711834788322446,0.0,0.001953125,-0.78,0,10,0,1.0,10,0.0011111111111111072,18.0,1.0,-0.03,3,5,2,0.5,10,-0.022766666666666685,10.0,0.083984375,-0.32,3,7,0,0.7,10,-0.09833333333333334,0.0,0.001953125,-0.85,0,10,0,1.0,10,-0.002365607721731067,0.0,0.001953125,-1.0,0,10,0,1.0
noisy_affinity,digits,block,0.2,fisher_rao,kl,10,0.009688927943760995,2.0,0.005859375,0.34,9,1,0,0.9,10,-0.0036333333333333274,20.0,0.4921875,-0.11,4,6,0,0.6,10,-0.036598234181292356,0.0,0.001953125,-0.72,0,10,0,1.0,10,-0.008888888888888858,21.0,0.9140625,-0.15,4,5,1,0.5,10,-0.025833333333333354,5.0,0.01953125,-0.56,1,9,0,0.9,10,-0.07791666666666668,1.0,0.00390625,-0.83,1,9,0,0.9,10,-0.004749464755877853,0.0,0.001953125,-1.0,0,10,0,1.0
noisy_affinity,digits,block,0.3,fisher_rao,kl,10,0.01484182776801406,0.0,0.001953125,0.44,10,0,0,1.0,10,-0.0032333333333333437,24.0,0.76953125,-0.12,5,5,0,0.5,10,-0.01645701645174995,5.0,0.01953125,-0.4,2,8,0,0.8,10,-0.02666666666666668,9.0,0.1171875,-0.37,1,8,1,0.8,10,-0.01313333333333334,14.0,0.193359375,-0.24,4,6,0,0.6,10,-0.07194444444444442,0.0,0.001953125,-0.93,0,10,0,1.0,10,-0.013847288116812706,0.0,0.001953125,-1.0,0,10,0,1.0
noisy_affinity,digits,boundary,0.0,fisher_rao,kl,10,0.0023469244288224942,9.0,0.064453125,0.28,9,1,0,0.9,10,-0.0010999999999999899,13.0,0.30078125,-0.08,2,7,1,0.7,10,-0.0028457194566726685,0.0,0.001953125,-0.42,0,10,0,1.0,10,0.010000000000000014,5.5,0.1875,0.21,5,2,3,0.5,10,-0.00030000000000000583,22.0,1.0,0.03,4,5,1,0.5,10,0.0,0.0,1.0,0.0,0,0,10,1.0,10,0.0,0.0,1.0,0.0,0,0,10,1.0
noisy_affinity,digits,boundary,0.025,fisher_rao,kl,10,0.0027543057996485265,4.0,0.013671875,0.34,8,2,0,0.8,10,0.00010000000000000009,23.0,0.697265625,0.02,4,6,0,0.6,10,-0.009890900552272796,0.0,0.001953125,-0.96,0,10,0,1.0,10,-0.0266666666666667,0.0,0.00390625,-0.45,0,9,1,0.9,10,0.004533333333333373,0.0,0.001953125,0.54,10,0,0,1.0,10,-0.2533333333333333,0.0,0.001953125,-1.0,0,10,0,1.0,10,-5.3359114099293946e-05,0.0,0.001953125,-1.0,0,10,0,1.0
noisy_affinity,digits,boundary,0.05,fisher_rao,kl,10,-0.0012670181605155318,12.0,0.130859375,-0.14,2,8,0,0.8,10,-0.006399999999999989,4.0,0.013671875,-0.64,1,9,0,0.9,10,-0.016268115490674973,0.0,0.001953125,-1.0,0,10,0,1.0,10,-0.018888888888888893,4.5,0.140625,-0.3,1,6,3,0.6,10,-0.001266666666666616,12.0,0.25,-0.14,2,7,1,0.7,10,-0.2916666666666667,0.0,0.001953125,-1.0,0,10,0,1.0,10,-0.0002136030700057745,0.0,0.001953125,-1.0,0,10,0,1.0
noisy_affinity,digits,boundary,0.1,fisher_rao,kl,10,-0.006831048623315739,0.0,0.001953125,-0.68,0,10,0,1.0,10,-0.021399999999999985,0.0,0.001953125,-1.0,0,10,0,1.0,10,-0.02801306787878275,0.0,0.001953125,-1.0,0,10,0,1.0,10,0.006666666666666654,23.0,0.6796875,0.12,6,4,0,0.6,10,-0.02039999999999999,0.0,0.001953125,-1.0,0,10,0,1.0,10,-0.14666666666666667,0.0,0.001953125,-1.0,0,10,0,1.0,10,-0.0009933715220540762,0.0,0.001953125,-1.0,0,10,0,1.0
noisy_affinity,digits,boundary,0.15,fisher_rao,kl,10,-0.003994493263034559,9.0,0.064453125,-0.4,2,8,0,0.8,10,-0.021100000000000025,0.0,0.001953125,-1.0,0,10,0,1.0,10,-0.02556938212364912,0.0,0.001953125,-1.0,0,10,0,1.0,10,0.0033333333333333383,12.5,0.484375,0.08,5,3,2,0.5,10,-0.012433333333333357,0.0,0.001953125,-0.84,0,10,0,1.0,10,-0.15277777777777776,0.0,0.001953125,-1.0,0,10,0,1.0,10,-0.0026288410648703576,0.0,0.001953125,-1.0,0,10,0,1.0
noisy_affinity,digits,boundary,0.2,fisher_rao,kl,10,0.003207147041593439,24.0,0.76953125,0.24,6,4,0,0.6,10,-0.010733333333333334,4.0,0.013671875,-0.83,2,8,0,0.8,10,-0.015780704282224178,0.0,0.001953125,-0.92,0,10,0,1.0,10,-0.01555555555555559,10.5,0.1796875,-0.18,3,6,1,0.6,10,-0.004499999999999965,16.0,0.275390625,-0.37,4,6,0,0.6,10,-0.14291666666666666,0.0,0.001953125,-1.0,0,10,0,1.0,10,-0.005491533782333136,0.0,0.001953125,-1.0,0,10,0,1.0
noisy_affinity,digits,boundary,0.3,fisher_rao,kl,10,0.01738301113063854,0.0,0.001953125,0.9,10,0,0,1.0,10,0.014300000000000007,1.0,0.00390625,0.76,9,1,0,0.9,10,0.014824707061052322,2.0,0.005859375,0.62,9,1,0,0.9,10,0.007777777777777784,15.5,0.45703125,0.14,5,4,1,0.5,10,0.02516666666666669,1.0,0.00390625,0.8,9,1,0,0.9,10,-0.07249999999999998,0.0,0.001953125,-1.0,0,10,0,1.0,10,-0.01756802564486861,0.0,0.001953125,-1.0,0,10,0,1.0
noisy_affinity,digits,hub,0.0,fisher_rao,kl,10,0.0023469244288224942,9.0,0.064453125,0.28,9,1,0,0.9,10,-0.0010999999999999899,13.0,0.30078125,-0.08,2,7,1,0.7,10,-0.0028457194566726685,0.0,0.001953125,-0.42,0,10,0,1.0,10,0.010000000000000014,5.5,0.1875,0.21,5,2,3,0.5,10,-0.00030000000000000583,22.0,1.0,0.03,4,5,1,0.5,10,0.0,0.0,1.0,0.0,0,0,10,1.0,10,0.0,0.0,1.0,0.0,0,0,10,1.0
noisy_affinity,digits,hub,0.025,fisher_rao,kl,10,0.009514118336262445,0.0,0.001953125,0.92,10,0,0,1.0,10,0.013800000000000012,0.0,0.001953125,0.9,10,0,0,1.0,10,-0.003885260969400406,5.0,0.01953125,-0.4,1,9,0,0.9,10,0.025555555555555547,4.0,0.046875,0.39,7,1,2,0.7,10,0.01513333333333335,0.0,0.001953125,0.82,10,0,0,1.0,10,-0.04666666666666667,1.5,0.01171875,-0.5,1,8,1,0.8,10,-7.396332221105694e-05,0.0,0.001953125,-0.9,0,10,0,1.0
noisy_affinity,digits,hub,0.05,fisher_rao,kl,10,0.012431517281780902,0.0,0.001953125,0.9,10,0,0,1.0,10,0.01983333333333333,0.0,0.001953125,1.0,10,0,0,1.0,10,-0.006931262090802193,5.0,0.01953125,-0.6,2,8,0,0.8,10,0.03555555555555555,7.5,0.04296875,0.44,9,1,0,0.9,10,0.016466666666666685,1.0,0.00390625,0.72,9,1,0,0.9,10,-0.039999999999999994,0.0,0.0078125,-0.65,0,8,2,0.8,10,-0.00015242889057844877,0.0,0.001953125,-1.0,0,10,0,1.0
noisy_affinity,digits,hub,0.1,fisher_rao,kl,10,0.015402460456942024,0.0,0.001953125,0.9,10,0,0,1.0,10,0.023933333333333306,0.0,0.001953125,1.0,10,0,0,1.0,10,-0.011875400319695473,1.0,0.00390625,-0.9,1,9,0,0.9,10,0.011111111111111122,17.0,0.55859375,0.17,5,4,1,0.5,10,0.016366666666666647,2.0,0.005859375,0.68,9,1,0,0.9,10,-0.02583333333333333,0.0,0.001953125,-0.8,0,10,0,1.0,10,-0.000299657229334116,0.0,0.001953125,-1.0,0,10,0,1.0
noisy_affinity,digits,hub,0.15,fisher_rao,kl,10,0.0117567662565905,0.0,0.001953125,0.92,10,0,0,1.0,10,0.016466666666666668,2.0,0.005859375,0.88,9,1,0,0.9,10,-0.02236127876676619,0.0,0.001953125,-0.96,0,10,0,1.0,10,0.011111111111111105,16.0,0.50390625,0.09,6,3,1,0.6,10,0.01100000000000002,12.0,0.130859375,0.5,8,2,0,0.8,10,-0.018333333333333333,0.0,0.001953125,-0.68,0,10,0,1.0,10,-0.00037260479293763635,0.0,0.001953125,-1.0,0,10,0,1.0
noisy_affinity,digits,hub,0.2,fisher_rao,kl,10,0.010092911540714723,5.0,0.01953125,0.62,8,2,0,0.8,10,0.005433333333333334,15.0,0.42578125,0.29,5,4,1,0.5,10,-0.029114878992550074,0.0,0.001953125,-0.92,0,10,0,1.0,10,-0.007777777777777795,23.0,0.671875,-0.1,6,4,0,0.6,10,-0.007066666666666688,18.0,0.375,-0.28,4,6,0,0.6,10,-0.0016666666666666657,5.0,0.5625,-0.02,1,4,5,0.5,10,-0.0003173878882080317,0.0,0.001953125,-0.92,0,10,0,1.0
noisy_affinity,digits,hub,0.3,fisher_rao,kl,10,0.008810310486233163,6.0,0.02734375,0.52,8,2,0,0.8,10,-0.0041333333333333335,18.0,0.375,-0.22,3,7,0,0.7,10,-0.03851854540407658,0.0,0.001953125,-0.96,0,10,0,1.0,10,-0.02111111111111111,6.5,0.0625,-0.29,1,8,1,0.8,10,-0.023866666666666685,7.0,0.037109375,-0.52,2,8,0,0.8,10,-0.0014596225835679423,16.0,0.84375,0.14,5,3,2,0.5,10,-0.00032589323818683625,0.0,0.001953125,-0.88,0,10,0,1.0
noisy_affinity,digits,uniform,0.0,fisher_rao,kl,10,0.0023469244288224942,9.0,0.064453125,0.28,9,1,0,0.9,10,-0.0010999999999999899,13.0,0.30078125,-0.08,2,7,1,0.7,10,-0.0028457194566726685,0.0,0.001953125,-0.42,0,10,0,1.0,10,0.010000000000000014,5.5,0.1875,0.21,5,2,3,0.5,10,-0.00030000000000000583,22.0,1.0,0.03,4,5,1,0.5,10,0.0,0.0,1.0,0.0,0,0,10,1.0,10,0.0,0.0,1.0,0.0,0,0,10,1.0
noisy_affinity,digits,uniform,0.025,fisher_rao,kl,10,0.02073286467486819,0.0,0.001953125,1.0,10,0,0,1.0,10,0.02993333333333333,0.0,0.001953125,1.0,10,0,0,1.0,10,0.0022196888923645018,13.0,0.16015625,0.14,7,3,0,0.7,10,0.01888888888888889,14.5,0.203125,0.23,7,3,0,0.7,10,0.03263333333333332,0.0,0.001953125,0.96,10,0,0,1.0,10,-0.26,0.0,0.001953125,-1.0,0,10,0,1.0,10,-0.00015171917621046305,0.0,0.001953125,-1.0,0,10,0,1.0
noisy_affinity,digits,uniform,0.05,fisher_rao,kl,10,0.04381745752782658,0.0,0.001953125,1.0,10,0,0,1.0,10,0.056166666666666656,0.0,0.001953125,1.0,10,0,0,1.0,10,0.01074153184890747,4.0,0.013671875,0.46,8,2,0,0.8,10,0.07888888888888887,0.0,0.001953125,0.84,10,0,0,1.0,10,0.06713333333333334,0.0,0.001953125,1.0,10,0,0,1.0,10,-0.2833333333333333,0.0,0.001953125,-1.0,0,10,0,1.0,10,-0.0003689468489028513,0.0,0.001953125,-1.0,0,10,0,1.0
noisy_affinity,digits,uniform,0.1,fisher_rao,kl,10,0.0805581722319859,0.0,0.001953125,1.0,10,0,0,1.0,10,0.08463333333333334,0.0,0.001953125,1.0,10,0,0,1.0,10,0.026856641471385955,0.0,0.001953125,0.96,10,0,0,1.0,10,0.1122222222222222,0.0,0.001953125,0.94,10,0,0,1.0,10,0.10093333333333335,0.0,0.001953125,1.0,10,0,0,1.0,10,-0.3083333333333333,0.0,0.001953125,-1.0,0,10,0,1.0,10,-0.0009395950473845005,0.0,0.001953125,-1.0,0,10,0,1.0
noisy_affinity,digits,uniform,0.15,fisher_rao,kl,10,0.13079554774458113,0.0,0.001953125,1.0,10,0,0,1.0,10,0.11236666666666666,0.0,0.001953125,1.0,10,0,0,1.0,10,0.038574907928705215,0.0,0.001953125,1.0,10,0,0,1.0,10,0.1288888888888889,0.0,0.001953125,1.0,10,0,0,1.0,10,0.14293333333333333,0.0,0.001953125,1.0,10,0,0,1.0,10,-0.3594444444444445,0.0,0.001953125,-1.0,0,10,0,1.0,10,-0.0017505559138953687,0.0,0.001953125,-1.0,0,10,0,1.0
noisy_affinity,digits,uniform,0.2,fisher_rao,kl,10,0.168486467486819,0.0,0.001953125,1.0,10,0,0,1.0,10,0.1242,0.0,0.001953125,1.0,10,0,0,1.0,10,0.04486188441514969,0.0,0.001953125,1.0,10,0,0,1.0,10,0.2088888888888889,0.0,0.001953125,1.0,10,0,0,1.0,10,0.1649,0.0,0.001953125,1.0,10,0,0,1.0,10,-0.39125,0.0,0.001953125,-1.0,0,10,0,1.0,10,-0.002858676016330719,0.0,0.001953125,-1.0,0,10,0,1.0
noisy_affinity,digits,uniform,0.3,fisher_rao,kl,10,0.20682905682483885,0.0,0.001953125,1.0,10,0,0,1.0,10,0.12723333333333334,0.0,0.001953125,1.0,10,0,0,1.0,10,0.03334539458155632,0.0,0.001953125,0.96,10,0,0,1.0,10,0.2377777777777778,0.0,0.001953125,1.0,10,0,0,1.0,10,0.18696666666666664,0.0,0.001953125,1.0,10,0,0,1.0,10,-0.3897222222222222,0.0,0.001953125,-1.0,0,10,0,1.0,10,-0.0060010384768247604,0.0,0.001953125,-1.0,0,10,0,1.0
