dataset,corruption_type,stress_level,target_state,seed,objective,index,x,y,label
digits,hub,0.0,clean,101,kl,0,-0.23666249215602875,0.07718881964683533,7
digits,hub,0.0,clean,101,kl,1,0.004748739767819643,-0.8358253240585327,3
digits,hub,0.0,clean,101,kl,2,-0.1564873307943344,0.5523300170898438,2
digits,hub,0.0,clean,101,kl,3,0.17370140552520752,-0.25027692317962646,9
digits,hub,0.0,clean,101,kl,4,0.23838450014591217,-0.11559254676103592,0
digits,hub,0.0,clean,101,kl,5,-0.40890124440193176,-0.22902671992778778,7
digits,hub,0.0,clean,101,kl,6,0.4404948055744171,-0.1642329841852188,0
digits,hub,0.0,clean,101,kl,7,-0.06248960644006729,-0.1605665236711502,2
digits,hub,0.0,clean,101,kl,8,-0.42392805218696594,0.03576235473155975,7
digits,hub,0.0,clean,101,kl,9,-1.7145904302597046,2.368861675262451,4
digits,hub,0.0,clean,101,kl,10,0.2608683109283447,0.06140722334384918,6
digits,hub,0.0,clean,101,kl,11,0.38383713364601135,0.10024777054786682,0
digits,hub,0.0,clean,101,kl,12,-0.9333760738372803,-0.7668313980102539,5
digits,hub,0.0,clean,101,kl,13,0.32202059030532837,-0.5180284976959229,3
digits,hub,0.0,clean,101,kl,14,-0.2945736348628998,0.06992442905902863,1
digits,hub,0.0,clean,101,kl,15,-0.3412008285522461,-0.3168032467365265,5
digits,hub,0.0,clean,101,kl,16,0.02599073201417923,-0.25844478607177734,9
digits,hub,0.0,clean,101,kl,17,0.06214982643723488,-0.4278523027896881,3
digits,hub,0.0,clean,101,kl,18,-0.005146646872162819,0.47628259658813477,1
digits,hub,0.0,clean,101,kl,19,0.40731948614120483,-0.2199990451335907,0
digits,hub,0.0,clean,101,kl,20,0.011710919439792633,0.3676987886428833,1
digits,hub,0.0,clean,101,kl,21,-0.28479868173599243,0.09073662012815475,7
digits,hub,0.0,clean,101,kl,22,-0.315887451171875,-0.2555510699748993,8
digits,hub,0.0,clean,101,kl,23,-0.2704694867134094,-0.7132514119148254,2
digits,hub,0.0,clean,101,kl,24,0.1620684117078781,-0.029646871611475945,5
digits,hub,0.0,clean,101,kl,25,-0.1643071472644806,-0.5408802628517151,2
digits,hub,0.0,clean,101,kl,26,0.37209102511405945,-0.07231017202138901,0
digits,hub,0.0,clean,101,kl,27,-0.17596805095672607,0.1012086272239685,1
digits,hub,0.0,clean,101,kl,28,-0.19152085483074188,0.060030803084373474,7
digits,hub,0.0,clean,101,kl,29,0.2316802591085434,-0.22500105202198029,5
digits,hub,0.0,clean,101,kl,30,-0.014540710486471653,0.049113284796476364,1
digits,hub,0.0,clean,101,kl,31,0.6825600862503052,-0.1054154634475708,6
digits,hub,0.0,clean,101,kl,32,-1.9202165603637695,-0.8763458728790283,1
digits,hub,0.0,clean,101,kl,33,0.7861825227737427,0.07335034012794495,6
digits,hub,0.0,clean,101,kl,34,0.31016895174980164,-0.47822219133377075,9
digits,hub,0.0,clean,101,kl,35,-0.09180898219347,-0.5879620313644409,3
digits,hub,0.0,clean,101,kl,36,0.03580149635672569,-0.5906865000724792,3
digits,hub,0.0,clean,101,kl,37,0.20455415546894073,-1.0307437181472778,2
digits,hub,0.0,clean,101,kl,38,-0.12980212271213531,-0.6659424304962158,8
digits,hub,0.0,clean,101,kl,39,4.852687835693359,5.194533824920654,4
digits,hub,0.0,clean,101,kl,40,-0.2221190631389618,-0.49010786414146423,2
digits,hub,0.0,clean,101,kl,41,0.45928269624710083,0.10943461209535599,6
digits,hub,0.0,clean,101,kl,42,0.5038169026374817,-0.02724197320640087,0
digits,hub,0.0,clean,101,kl,43,0.564191997051239,0.3821922242641449,4
digits,hub,0.0,clean,101,kl,44,0.04209619015455246,0.2248067855834961,8
digits,hub,0.0,clean,101,kl,45,-0.37458646297454834,-1.0753930807113647,2
digits,hub,0.0,clean,101,kl,46,-0.31203633546829224,0.048632390797138214,7
digits,hub,0.0,clean,101,kl,47,0.02797248214483261,-0.1428643763065338,8
digits,hub,0.0,clean,101,kl,48,0.0893782302737236,-0.19974364340305328,8
digits,hub,0.0,clean,101,kl,49,0.11090899258852005,-0.28512606024742126,5
digits,hub,0.0,clean,101,kl,50,-0.30214014649391174,0.04228835552930832,1
digits,hub,0.0,clean,101,kl,51,-0.13645847141742706,-0.06873197108507156,7
digits,hub,0.0,clean,101,kl,52,-0.4036875367164612,-0.2306724488735199,4
digits,hub,0.0,clean,101,kl,53,-0.13753709197044373,-0.05285298079252243,8
digits,hub,0.0,clean,101,kl,54,-0.25002485513687134,0.2992151975631714,7
digits,hub,0.0,clean,101,kl,55,0.09573164582252502,0.15718474984169006,8
digits,hub,0.0,clean,101,kl,56,0.5987949371337891,-0.07117374986410141,6
digits,hub,0.0,clean,101,kl,57,-0.019388115033507347,-0.3091849684715271,9
digits,hub,0.0,clean,101,kl,58,0.05757329985499382,-0.38580724596977234,3
digits,hub,0.0,clean,101,kl,59,-0.3244151175022125,-0.006987358909100294,7
digits,hub,0.0,clean,101,kl,60,0.49319931864738464,-0.06026921048760414,6
digits,hub,0.0,clean,101,kl,61,-0.032348763197660446,-0.11980144679546356,8
digits,hub,0.0,clean,101,kl,62,-0.2230234295129776,-0.013614428229629993,1
digits,hub,0.0,clean,101,kl,63,-0.2521335780620575,-0.13663777709007263,8
digits,hub,0.0,clean,101,kl,64,0.11776765435934067,-0.36363446712493896,9
digits,hub,0.0,clean,101,kl,65,0.0025307140313088894,-0.13663025200366974,8
digits,hub,0.0,clean,101,kl,66,0.48452767729759216,-0.10332261770963669,0
digits,hub,0.0,clean,101,kl,67,-0.21479858458042145,-1.0962457656860352,2
digits,hub,0.0,clean,101,kl,68,0.4763464033603668,0.7624931931495667,4
digits,hub,0.0,clean,101,kl,69,-0.5646830201148987,0.5965189337730408,7
digits,hub,0.0,clean,101,kl,70,0.41367146372795105,-0.029503297060728073,0
digits,hub,0.0,clean,101,kl,71,-0.08172154426574707,-0.5716948509216309,3
digits,hub,0.0,clean,101,kl,72,-0.5336677432060242,0.9170965552330017,7
digits,hub,0.0,clean,101,kl,73,0.3502713143825531,-0.11976893246173859,0
digits,hub,0.0,clean,101,kl,74,-0.05427103489637375,-0.2980214059352875,9
digits,hub,0.0,clean,101,kl,75,-0.6415096521377563,0.6625546813011169,7
digits,hub,0.0,clean,101,kl,76,0.4392055869102478,-0.8767517805099487,2
digits,hub,0.0,clean,101,kl,77,-0.14497274160385132,0.3673499822616577,1
digits,hub,0.0,clean,101,kl,78,-0.17821018397808075,-0.5384847521781921,2
digits,hub,0.0,clean,101,kl,79,-0.09237363934516907,0.5430772304534912,1
digits,hub,0.0,clean,101,kl,80,0.050711311399936676,0.2305706888437271,1
digits,hub,0.0,clean,101,kl,81,0.32772067189216614,0.07336021959781647,6
digits,hub,0.0,clean,101,kl,82,0.30786123871803284,-0.7057231664657593,5
digits,hub,0.0,clean,101,kl,83,-0.052028462290763855,-0.32974642515182495,2
digits,hub,0.0,clean,101,kl,84,0.45672184228897095,-0.12838327884674072,0
digits,hub,0.0,clean,101,kl,85,0.06724672019481659,-0.44648727774620056,3
digits,hub,0.0,clean,101,kl,86,0.09128117561340332,-0.1620057076215744,8
digits,hub,0.0,clean,101,kl,87,0.19603271782398224,-0.4496247172355652,9
digits,hub,0.0,clean,101,kl,88,0.5557681322097778,-0.14348168671131134,6
digits,hub,0.0,clean,101,kl,89,-3.1604349613189697,-3.1655361652374268,6
digits,hub,0.0,clean,101,kl,90,-0.11648112535476685,-0.22423219680786133,2
digits,hub,0.0,clean,101,kl,91,0.2868070602416992,-0.06314567476511002,0
digits,hub,0.0,clean,101,kl,92,0.15457886457443237,-0.2933318614959717,9
digits,hub,0.0,clean,101,kl,93,-0.17317861318588257,0.016640033572912216,1
digits,hub,0.0,clean,101,kl,94,0.2541128695011139,-0.40264442563056946,9
digits,hub,0.0,clean,101,kl,95,0.5008803606033325,-0.23104941844940186,0
digits,hub,0.0,clean,101,kl,96,0.1768667846918106,-0.4498820900917053,9
digits,hub,0.0,clean,101,kl,97,-0.037036631256341934,-0.13872268795967102,2
digits,hub,0.0,clean,101,kl,98,0.4389626681804657,0.4791436791419983,4
digits,hub,0.0,clean,101,kl,99,-0.43145978450775146,-0.18265342712402344,7
digits,hub,0.0,clean,101,kl,100,-0.6640845537185669,-0.573371171951294,8
digits,hub,0.0,clean,101,kl,101,-0.2178778052330017,0.17959490418434143,7
digits,hub,0.0,clean,101,kl,102,-0.24239130318164825,-0.8614305257797241,2
digits,hub,0.0,clean,101,kl,103,0.7116546630859375,-0.01159282773733139,6
digits,hub,0.0,clean,101,kl,104,0.29012924432754517,0.30526769161224365,4
digits,hub,0.0,clean,101,kl,105,0.23796112835407257,-0.2662724554538727,8
digits,hub,0.0,clean,101,kl,106,0.3584115505218506,0.021461622789502144,0
digits,hub,0.0,clean,101,kl,107,0.007796631660312414,-0.20916983485221863,3
digits,hub,0.0,clean,101,kl,108,0.22540229558944702,-0.43742719292640686,9
digits,hub,0.0,clean,101,kl,109,0.36468371748924255,0.3251397907733917,5
digits,hub,0.0,clean,101,kl,110,-0.11612573266029358,-0.4087707996368408,2
digits,hub,0.0,clean,101,kl,111,2.545159339904785,-1.8624215126037598,4
digits,hub,0.0,clean,101,kl,112,-0.16020195186138153,-0.5984825491905212,2
digits,hub,0.0,clean,101,kl,113,-0.048170752823352814,-0.06711728870868683,5
digits,hub,0.0,clean,101,kl,114,0.513013482093811,-0.19368843734264374,0
digits,hub,0.0,clean,101,kl,115,-0.12644025683403015,0.27626973390579224,7
digits,hub,0.0,clean,101,kl,116,-0.3516198396682739,-0.7709031105041504,2
digits,hub,0.0,clean,101,kl,117,0.21269828081130981,0.09539403021335602,6
digits,hub,0.0,clean,101,kl,118,0.25591331720352173,-0.7852723598480225,2
digits,hub,0.0,clean,101,kl,119,0.08063097298145294,0.06339547783136368,8
digits,hub,0.0,clean,101,kl,120,0.09265978634357452,-0.0928078144788742,8
digits,hub,0.0,clean,101,kl,121,0.1245678961277008,0.01335904560983181,8
digits,hub,0.0,clean,101,kl,122,0.4473075568675995,0.037419527769088745,6
digits,hub,0.0,clean,101,kl,123,0.33250901103019714,0.7215068340301514,4
digits,hub,0.0,clean,101,kl,124,-0.029199568554759026,0.013799085281789303,1
digits,hub,0.0,clean,101,kl,125,0.5481652617454529,-0.00856835301965475,6
digits,hub,0.0,clean,101,kl,126,-0.3746583163738251,-0.028080135583877563,7
digits,hub,0.0,clean,101,kl,127,-4.155081272125244,-4.042140007019043,3
digits,hub,0.0,clean,101,kl,128,0.25566765666007996,-0.1982327550649643,9
digits,hub,0.0,clean,101,kl,129,-0.08381236344575882,0.4151269197463989,9
digits,hub,0.0,clean,101,kl,130,0.04021668806672096,-0.4378424286842346,3
digits,hub,0.0,clean,101,kl,131,0.25153255462646484,-0.39399003982543945,5
digits,hub,0.0,clean,101,kl,132,0.21254055202007294,-0.2548481822013855,9
digits,hub,0.0,clean,101,kl,133,0.45867645740509033,-0.1629301905632019,0
digits,hub,0.0,clean,101,kl,134,0.1957988291978836,-0.512018620967865,3
digits,hub,0.0,clean,101,kl,135,0.4070247709751129,-0.035964205861091614,0
digits,hub,0.0,clean,101,kl,136,0.049323759973049164,0.5041030049324036,4
digits,hub,0.0,clean,101,kl,137,-1.3231509923934937,-3.0393569469451904,4
digits,hub,0.0,clean,101,kl,138,-0.019514553248882294,0.08264194428920746,1
digits,hub,0.0,clean,101,kl,139,-0.16175879538059235,-0.5890313386917114,2
digits,hub,0.0,clean,101,kl,140,-0.3148704767227173,-1.3067798614501953,2
digits,hub,0.0,clean,101,kl,141,-0.005546553060412407,-0.10658085346221924,5
digits,hub,0.0,clean,101,kl,142,-0.24410396814346313,-0.05164821073412895,7
digits,hub,0.0,clean,101,kl,143,0.7745976448059082,-0.37331241369247437,0
digits,hub,0.0,clean,101,kl,144,-0.2265617549419403,-0.009072935208678246,7
digits,hub,0.0,clean,101,kl,145,0.49944254755973816,-0.0797789990901947,6
digits,hub,0.0,clean,101,kl,146,-0.1370454877614975,-0.5830144286155701,2
digits,hub,0.0,clean,101,kl,147,0.48323890566825867,0.41814124584198,4
digits,hub,0.0,clean,101,kl,148,-0.23771876096725464,0.8820083141326904,9
digits,hub,0.0,clean,101,kl,149,-0.7851725816726685,-1.0122910737991333,5
digits,hub,0.0,clean,101,kl,150,0.8474048376083374,0.5309940576553345,4
digits,hub,0.0,clean,101,kl,151,-0.11642277240753174,0.07448631525039673,1
digits,hub,0.0,clean,101,kl,152,-0.2651558220386505,0.05882839858531952,1
digits,hub,0.0,clean,101,kl,153,1.0473285913467407,-1.2816851139068604,1
digits,hub,0.0,clean,101,kl,154,-0.09452755004167557,-0.6533101797103882,2
digits,hub,0.0,clean,101,kl,155,0.341499924659729,-0.051675498485565186,6
digits,hub,0.0,clean,101,kl,156,-0.12240059673786163,0.8919113874435425,9
digits,hub,0.0,clean,101,kl,157,0.06472762674093246,0.0749865397810936,8
digits,hub,0.0,clean,101,kl,158,0.22028858959674835,0.012007252313196659,5
digits,hub,0.0,clean,101,kl,159,0.10454549640417099,-0.10204879194498062,9
digits,hub,0.0,clean,101,kl,160,0.14308302104473114,0.20171891152858734,6
digits,hub,0.0,clean,101,kl,161,-0.6098669171333313,0.5352171063423157,7
digits,hub,0.0,clean,101,kl,162,-0.16723807156085968,0.4309217035770416,1
digits,hub,0.0,clean,101,kl,163,-0.1686166375875473,-0.04868809133768082,7
digits,hub,0.0,clean,101,kl,164,0.14711807668209076,0.44366371631622314,4
digits,hub,0.0,clean,101,kl,165,0.022781481966376305,-0.35875368118286133,3
digits,hub,0.0,clean,101,kl,166,0.18917717039585114,0.569600522518158,4
digits,hub,0.0,clean,101,kl,167,0.23474010825157166,-0.2595579922199249,9
digits,hub,0.0,clean,101,kl,168,1.9098491668701172,-0.4127189517021179,6
digits,hub,0.0,clean,101,kl,169,0.4199948310852051,0.5087386965751648,4
digits,hub,0.0,clean,101,kl,170,-0.3254389464855194,-0.0333707295358181,7
digits,hub,0.0,clean,101,kl,171,0.31784912943840027,0.028710730373859406,0
digits,hub,0.0,clean,101,kl,172,-0.8642839789390564,0.4275577664375305,7
digits,hub,0.0,clean,101,kl,173,-0.25804242491722107,-0.007639689836651087,1
digits,hub,0.0,clean,101,kl,174,0.003352514933794737,0.2285977602005005,5
digits,hub,0.0,clean,101,kl,175,-0.4006010591983795,-0.11407249420881271,7
digits,hub,0.0,clean,101,kl,176,-0.2342020571231842,-0.6578612923622131,2
digits,hub,0.0,clean,101,kl,177,-9.583716746419668e-05,-0.25620147585868835,3
digits,hub,0.0,clean,101,kl,178,-0.12066221237182617,0.6181260347366333,1
digits,hub,0.0,clean,101,kl,179,0.07958859205245972,0.827223539352417,1
digits,hub,0.0,clean,101,kl,180,-0.12613312900066376,-0.6568633913993835,2
digits,hub,0.0,clean,101,kl,181,0.4797055125236511,-0.19935698807239532,0
digits,hub,0.0,clean,101,kl,182,0.5033893585205078,-0.16353340446949005,0
digits,hub,0.0,clean,101,kl,183,0.016423674300312996,-0.0781986340880394,8
digits,hub,0.0,clean,101,kl,184,0.9657554030418396,-1.4813053607940674,1
digits,hub,0.0,clean,101,kl,185,0.6143994927406311,0.3649859130382538,4
digits,hub,0.0,clean,101,kl,186,0.5555638074874878,-0.10074987262487411,6
digits,hub,0.0,clean,101,kl,187,0.5569839477539062,0.535480797290802,4
digits,hub,0.0,clean,101,kl,188,0.24537593126296997,-0.5939871072769165,3
digits,hub,0.0,clean,101,kl,189,-0.2524591088294983,1.027559518814087,9
digits,hub,0.0,clean,101,kl,190,-0.1967005580663681,0.0023560586851090193,1
digits,hub,0.0,clean,101,kl,191,0.1787749081850052,0.15555796027183533,8
digits,hub,0.0,clean,101,kl,192,0.15716126561164856,-0.5548180937767029,9
digits,hub,0.0,clean,101,kl,193,-0.23747165501117706,0.03816419094800949,1
digits,hub,0.0,clean,101,kl,194,-0.02982831746339798,0.055363353341817856,8
digits,hub,0.0,clean,101,kl,195,-0.00632209237664938,0.04472854360938072,8
digits,hub,0.0,clean,101,kl,196,-0.24918048083782196,-0.008683937601745129,1
digits,hub,0.0,clean,101,kl,197,0.5269756317138672,-0.10784608125686646,6
digits,hub,0.0,clean,101,kl,198,-0.3957764506340027,-0.1687544584274292,5
digits,hub,0.0,clean,101,kl,199,0.29391932487487793,-0.07456366717815399,0
digits,hub,0.0,clean,101,kl,200,-0.38953712582588196,0.26677167415618896,7
digits,hub,0.0,clean,101,kl,201,0.5232568979263306,-0.10427899658679962,6
digits,hub,0.0,clean,101,kl,202,-0.025227727368474007,-0.040067724883556366,1
digits,hub,0.0,clean,101,kl,203,-0.05281498655676842,-0.019999338313937187,8
digits,hub,0.0,clean,101,kl,204,0.3910902440547943,-0.17872387170791626,0
digits,hub,0.0,clean,101,kl,205,0.5787627100944519,-0.09843936562538147,6
digits,hub,0.0,clean,101,kl,206,-0.09469569474458694,0.6487287282943726,9
digits,hub,0.0,clean,101,kl,207,-0.03665843605995178,-0.7416185140609741,2
digits,hub,0.0,clean,101,kl,208,0.3292359709739685,0.08713213354349136,6
digits,hub,0.0,clean,101,kl,209,0.20502020418643951,-0.4425356686115265,9
digits,hub,0.0,clean,101,kl,210,-0.9131128191947937,1.384384274482727,7
digits,hub,0.0,clean,101,kl,211,0.12128497660160065,-0.20515181124210358,8
digits,hub,0.0,clean,101,kl,212,-0.038306452333927155,-0.5001075267791748,2
digits,hub,0.0,clean,101,kl,213,0.005631867330521345,-0.3598111569881439,8
digits,hub,0.0,clean,101,kl,214,-0.08501499891281128,-0.3880755305290222,3
digits,hub,0.0,clean,101,kl,215,0.47430580854415894,-0.10773482918739319,0
digits,hub,0.0,clean,101,kl,216,0.17916759848594666,0.4375445246696472,4
digits,hub,0.0,clean,101,kl,217,0.36303281784057617,-0.14247828722000122,0
digits,hub,0.0,clean,101,kl,218,0.8279434442520142,0.5474079251289368,4
digits,hub,0.0,clean,101,kl,219,-0.1755800098180771,0.45425668358802795,1
digits,hub,0.0,clean,101,kl,220,-0.5397931933403015,-0.3561221659183502,4
digits,hub,0.0,clean,101,kl,221,0.16185344755649567,-0.43897122144699097,8
digits,hub,0.0,clean,101,kl,222,-0.09144969284534454,0.10138020664453506,7
digits,hub,0.0,clean,101,kl,223,-0.18553343415260315,0.057089921087026596,1
digits,hub,0.0,clean,101,kl,224,-0.6800753474235535,-0.5311987996101379,3
digits,hub,0.0,clean,101,kl,225,-0.006669308990240097,-0.38521426916122437,3
digits,hub,0.0,clean,101,kl,226,-1.0427085161209106,2.6301660537719727,4
digits,hub,0.0,clean,101,kl,227,-0.2522624433040619,-0.8380342721939087,2
digits,hub,0.0,clean,101,kl,228,-0.061702895909547806,0.1940496414899826,8
digits,hub,0.0,clean,101,kl,229,-0.43415582180023193,0.2927282750606537,7
digits,hub,0.0,clean,101,kl,230,-0.03364722803235054,0.4452027380466461,1
digits,hub,0.0,clean,101,kl,231,0.1356121003627777,-0.06468208134174347,5
digits,hub,0.0,clean,101,kl,232,0.599116325378418,-0.22301740944385529,0
digits,hub,0.0,clean,101,kl,233,-0.3782523572444916,0.04949750378727913,3
digits,hub,0.0,clean,101,kl,234,-0.40077871084213257,-0.22787132859230042,7
digits,hub,0.0,clean,101,kl,235,-0.35279589891433716,-0.005268017761409283,7
digits,hub,0.0,clean,101,kl,236,-0.2986173927783966,-1.250616192817688,3
digits,hub,0.0,clean,101,kl,237,0.28922662138938904,-0.1983785629272461,9
digits,hub,0.0,clean,101,kl,238,-0.5200124382972717,-0.11023639887571335,5
digits,hub,0.0,clean,101,kl,239,0.2547264099121094,0.19710658490657806,4
digits,hub,0.0,clean,101,kl,240,-0.28900977969169617,-0.22049762308597565,8
digits,hub,0.0,clean,101,kl,241,0.12790937721729279,-0.004240409471094608,5
digits,hub,0.0,clean,101,kl,242,-0.27934661507606506,-0.07361366599798203,3
digits,hub,0.0,clean,101,kl,243,-0.11534750461578369,-0.056683145463466644,8
digits,hub,0.0,clean,101,kl,244,0.6240212321281433,-0.12118592113256454,6
digits,hub,0.0,clean,101,kl,245,-0.04037262499332428,0.32849177718162537,2
digits,hub,0.0,clean,101,kl,246,-0.058217860758304596,0.6995037198066711,7
digits,hub,0.0,clean,101,kl,247,-0.41706860065460205,-1.1473268270492554,2
digits,hub,0.0,clean,101,kl,248,0.44908037781715393,-0.00160633260384202,6
digits,hub,0.0,clean,101,kl,249,0.2970293164253235,-0.9241111278533936,2
digits,hub,0.0,clean,101,kl,250,-0.09120306372642517,-0.4043414294719696,3
digits,hub,0.0,clean,101,kl,251,0.27797386050224304,-0.043693892657756805,6
digits,hub,0.0,clean,101,kl,252,-0.3238430917263031,-0.1597505658864975,5
digits,hub,0.0,clean,101,kl,253,0.3988845646381378,-0.004630016628652811,0
digits,hub,0.0,clean,101,kl,254,-0.7762254476547241,-0.04970252886414528,7
digits,hub,0.0,clean,101,kl,255,0.3622760772705078,-0.08403360843658447,0
digits,hub,0.0,clean,101,kl,256,0.17191699147224426,-0.27244478464126587,9
digits,hub,0.0,clean,101,kl,257,0.44470980763435364,0.5046274662017822,6
digits,hub,0.0,clean,101,kl,258,0.5276584029197693,-1.0987077951431274,2
digits,hub,0.0,clean,101,kl,259,0.27181676030158997,0.2597191333770752,4
digits,hub,0.0,clean,101,kl,260,-0.06479276716709137,-0.020281601697206497,9
digits,hub,0.0,clean,101,kl,261,-0.23188361525535583,0.032044120132923126,1
digits,hub,0.0,clean,101,kl,262,0.20002992451190948,0.2320469170808792,5
digits,hub,0.0,clean,101,kl,263,0.5806495547294617,-0.038836441934108734,6
digits,hub,0.0,clean,101,kl,264,-0.21635702252388,0.017608443275094032,1
digits,hub,0.0,clean,101,kl,265,-0.7687368988990784,-2.067207098007202,2
digits,hub,0.0,clean,101,kl,266,-0.06000485643744469,0.11910603195428848,8
digits,hub,0.0,clean,101,kl,267,-2.105365514755249,1.2339173555374146,7
digits,hub,0.0,clean,101,kl,268,0.6751670241355896,-0.22899682819843292,6
digits,hub,0.0,clean,101,kl,269,-0.26094141602516174,-0.1449231058359146,7
digits,hub,0.0,clean,101,kl,270,0.48532143235206604,0.04081767424941063,6
digits,hub,0.0,clean,101,kl,271,-0.19150175154209137,-0.18419237434864044,2
digits,hub,0.0,clean,101,kl,272,0.125323086977005,-0.4291069507598877,3
digits,hub,0.0,clean,101,kl,273,-0.022181572392582893,0.010249435901641846,8
digits,hub,0.0,clean,101,kl,274,0.23501677811145782,-0.3525736927986145,9
digits,hub,0.0,clean,101,kl,275,0.4126550853252411,-0.19887204468250275,0
digits,hub,0.0,clean,101,kl,276,0.5114758610725403,-0.802757740020752,9
digits,hub,0.0,clean,101,kl,277,0.46887001395225525,-0.08576773852109909,6
digits,hub,0.0,clean,101,kl,278,-0.5156885981559753,-0.06912652403116226,7
digits,hub,0.0,clean,101,kl,279,0.5277361869812012,-0.15073014795780182,6
digits,hub,0.0,clean,101,kl,280,0.395817369222641,-0.03480800613760948,6
digits,hub,0.0,clean,101,kl,281,0.21991366147994995,-0.2740056812763214,9
digits,hub,0.0,clean,101,kl,282,-0.5542261600494385,0.0510111004114151,7
digits,hub,0.0,clean,101,kl,283,0.20845834910869598,-0.5236985087394714,9
digits,hub,0.0,clean,101,kl,284,-0.02127508632838726,-0.3764209747314453,2
digits,hub,0.0,clean,101,kl,285,-0.8116451501846313,-0.27523162961006165,7
digits,hub,0.0,clean,101,kl,286,0.4646776020526886,0.7304609417915344,1
digits,hub,0.0,clean,101,kl,287,0.06796065717935562,-0.6117492914199829,3
digits,hub,0.0,clean,101,kl,288,0.09176688641309738,-0.6249333024024963,3
digits,hub,0.0,clean,101,kl,289,0.20076920092105865,-0.34854555130004883,9
digits,hub,0.0,clean,101,kl,290,-0.44715794920921326,-0.0422029085457325,7
digits,hub,0.0,clean,101,kl,291,-0.24146075546741486,0.005332703702151775,7
digits,hub,0.0,clean,101,kl,292,0.1088784709572792,-0.42693349719047546,3
digits,hub,0.0,clean,101,kl,293,0.449398398399353,-0.029898937791585922,0
digits,hub,0.0,clean,101,kl,294,0.48070523142814636,-0.26078087091445923,0
digits,hub,0.0,clean,101,kl,295,0.14489054679870605,-0.3339226245880127,3
digits,hub,0.0,clean,101,kl,296,4.368807792663574,4.277052879333496,4
digits,hub,0.0,clean,101,kl,297,0.3555779457092285,0.5492785573005676,4
digits,hub,0.0,clean,101,kl,298,0.24047519266605377,-0.5282167196273804,9
digits,hub,0.0,clean,101,kl,299,-0.7554612755775452,-0.6366391777992249,5
digits,hub,0.0,clean,101,fisher_rao,0,-0.23683910071849823,0.022583119571208954,7
digits,hub,0.0,clean,101,fisher_rao,1,-0.15649835765361786,-0.913206160068512,3
digits,hub,0.0,clean,101,fisher_rao,2,-0.0633092001080513,0.4888763427734375,2
digits,hub,0.0,clean,101,fisher_rao,3,0.10265854001045227,-0.35685059428215027,9
digits,hub,0.0,clean,101,fisher_rao,4,0.18846462666988373,-0.2429918497800827,0
digits,hub,0.0,clean,101,fisher_rao,5,-0.4555891156196594,-0.24638324975967407,7
digits,hub,0.0,clean,101,fisher_rao,6,0.3774546682834625,-0.3246106505393982,0
digits,hub,0.0,clean,101,fisher_rao,7,-0.10421773791313171,-0.22927896678447723,2
digits,hub,0.0,clean,101,fisher_rao,8,-0.43664953112602234,0.0055182925425469875,7
digits,hub,0.0,clean,101,fisher_rao,9,-1.6495715379714966,2.449428081512451,4
digits,hub,0.0,clean,101,fisher_rao,10,0.2396584153175354,-0.05908561870455742,6
digits,hub,0.0,clean,101,fisher_rao,11,0.36847326159477234,-0.05092300474643707,0
digits,hub,0.0,clean,101,fisher_rao,12,-1.0660908222198486,-0.6920132637023926,5
digits,hub,0.0,clean,101,fisher_rao,13,0.20227882266044617,-0.645092785358429,3
digits,hub,0.0,clean,101,fisher_rao,14,-0.29148223996162415,0.044817596673965454,1
digits,hub,0.0,clean,101,fisher_rao,15,-0.40707454085350037,-0.3381879925727844,5
digits,hub,0.0,clean,101,fisher_rao,16,-0.03881365433335304,-0.3395012617111206,9
digits,hub,0.0,clean,101,fisher_rao,17,-0.03414006903767586,-0.513239860534668,3
digits,hub,0.0,clean,101,fisher_rao,18,0.06312412023544312,0.3821614682674408,1
digits,hub,0.0,clean,101,fisher_rao,19,0.33458834886550903,-0.37326377630233765,0
digits,hub,0.0,clean,101,fisher_rao,20,0.055606115609407425,0.28105592727661133,1
digits,hub,0.0,clean,101,fisher_rao,21,-0.2804999351501465,0.04671064391732216,7
digits,hub,0.0,clean,101,fisher_rao,22,-0.36823615431785583,-0.2815644443035126,8
digits,hub,0.0,clean,101,fisher_rao,23,-0.4074471592903137,-0.7373784184455872,2
digits,hub,0.0,clean,101,fisher_rao,24,0.13346460461616516,-0.14640845358371735,5
digits,hub,0.0,clean,101,fisher_rao,25,-0.2751137614250183,-0.5821969509124756,2
digits,hub,0.0,clean,101,fisher_rao,26,0.3255300521850586,-0.22083139419555664,0
digits,hub,0.0,clean,101,fisher_rao,27,-0.17013347148895264,0.050414539873600006,1
digits,hub,0.0,clean,101,fisher_rao,28,-0.1927948296070099,-0.00042192847467958927,7
digits,hub,0.0,clean,101,fisher_rao,29,0.16729851067066193,-0.34536638855934143,5
digits,hub,0.0,clean,101,fisher_rao,30,-0.018666604533791542,-0.027501767501235008,1
digits,hub,0.0,clean,101,fisher_rao,31,0.6283782720565796,-0.30420583486557007,6
digits,hub,0.0,clean,101,fisher_rao,32,-2.1084980964660645,0.3251463770866394,1
digits,hub,0.0,clean,101,fisher_rao,33,0.7671326994895935,-0.13210603594779968,6
digits,hub,0.0,clean,101,fisher_rao,34,0.19247208535671234,-0.6051685214042664,9
digits,hub,0.0,clean,101,fisher_rao,35,-0.20518828928470612,-0.6400476098060608,3
digits,hub,0.0,clean,101,fisher_rao,36,-0.08852053433656693,-0.6647782921791077,3
digits,hub,0.0,clean,101,fisher_rao,37,0.06832404434680939,-1.1393526792526245,2
digits,hub,0.0,clean,101,fisher_rao,38,-0.26211559772491455,-0.7125396728515625,8
digits,hub,0.0,clean,101,fisher_rao,39,4.557018280029297,4.990474700927734,4
digits,hub,0.0,clean,101,fisher_rao,40,-0.3313072919845581,-0.49820634722709656,2
digits,hub,0.0,clean,101,fisher_rao,41,0.449256032705307,-0.04392192140221596,6
digits,hub,0.0,clean,101,fisher_rao,42,0.48044219613075256,-0.2643740475177765,0
digits,hub,0.0,clean,101,fisher_rao,43,0.6156075596809387,0.17200587689876556,4
digits,hub,0.0,clean,101,fisher_rao,44,0.06238352507352829,0.1230505183339119,8
digits,hub,0.0,clean,101,fisher_rao,45,-0.5745296478271484,-1.0765870809555054,2
digits,hub,0.0,clean,101,fisher_rao,46,-0.3111323416233063,0.014037641696631908,7
digits,hub,0.0,clean,101,fisher_rao,47,-0.011696169152855873,-0.22305834293365479,8
digits,hub,0.0,clean,101,fisher_rao,48,0.03292517364025116,-0.2950236201286316,8
digits,hub,0.0,clean,101,fisher_rao,49,0.03968100622296333,-0.3834424614906311,5
digits,hub,0.0,clean,101,fisher_rao,50,-0.3070545792579651,0.015387652441859245,1
digits,hub,0.0,clean,101,fisher_rao,51,-0.15969254076480865,-0.1308068186044693,7
digits,hub,0.0,clean,101,fisher_rao,52,-0.4497198462486267,-0.23858118057250977,4
digits,hub,0.0,clean,101,fisher_rao,53,-0.15917813777923584,-0.11224494129419327,8
digits,hub,0.0,clean,101,fisher_rao,54,-0.21396395564079285,0.24667398631572723,7
digits,hub,0.0,clean,101,fisher_rao,55,0.10023606568574905,0.05112208053469658,8
digits,hub,0.0,clean,101,fisher_rao,56,0.5518965125083923,-0.24911116063594818,6
digits,hub,0.0,clean,101,fisher_rao,57,-0.09098072350025177,-0.38226982951164246,9
digits,hub,0.0,clean,101,fisher_rao,58,-0.030271774157881737,-0.4674948751926422,3
digits,hub,0.0,clean,101,fisher_rao,59,-0.33349111676216125,-0.042666275054216385,7
digits,hub,0.0,clean,101,fisher_rao,60,0.4504087269306183,-0.2247321456670761,6
digits,hub,0.0,clean,101,fisher_rao,61,-0.0676867663860321,-0.19511932134628296,8
digits,hub,0.0,clean,101,fisher_rao,62,-0.23736955225467682,-0.05505624786019325,1
digits,hub,0.0,clean,101,fisher_rao,63,-0.28597211837768555,-0.17503045499324799,8
digits,hub,0.0,clean,101,fisher_rao,64,0.027056414633989334,-0.4654345214366913,9
digits,hub,0.0,clean,101,fisher_rao,65,-0.03911377489566803,-0.2194170504808426,8
digits,hub,0.0,clean,101,fisher_rao,66,0.4338572323322296,-0.2782737612724304,0
digits,hub,0.0,clean,101,fisher_rao,67,-0.41870224475860596,-1.1212884187698364,2
digits,hub,0.0,clean,101,fisher_rao,68,0.5808570981025696,0.5781794190406799,4
digits,hub,0.0,clean,101,fisher_rao,69,-0.4878814220428467,0.5893961787223816,7
digits,hub,0.0,clean,101,fisher_rao,70,0.3755171298980713,-0.18745967745780945,0
digits,hub,0.0,clean,101,fisher_rao,71,-0.19706383347511292,-0.626113772392273,3
digits,hub,0.0,clean,101,fisher_rao,72,-0.3836838901042938,0.9184772372245789,7
digits,hub,0.0,clean,101,fisher_rao,73,0.2971574366092682,-0.265090674161911,0
digits,hub,0.0,clean,101,fisher_rao,74,-0.12346234172582626,-0.3652571737766266,9
digits,hub,0.0,clean,101,fisher_rao,75,-0.5518426895141602,0.670667827129364,7
digits,hub,0.0,clean,101,fisher_rao,76,0.34404999017715454,-1.0136797428131104,2
digits,hub,0.0,clean,101,fisher_rao,77,-0.09366605430841446,0.3018909692764282,1
digits,hub,0.0,clean,101,fisher_rao,78,-0.28369539976119995,-0.5788992047309875,2
digits,hub,0.0,clean,101,fisher_rao,79,-0.010844464413821697,0.46876847743988037,1
digits,hub,0.0,clean,101,fisher_rao,80,0.07352805137634277,0.13426531851291656,1
digits,hub,0.0,clean,101,fisher_rao,81,0.3072953224182129,-0.055783819407224655,6
digits,hub,0.0,clean,101,fisher_rao,82,0.14897854626178741,-0.8308195471763611,5
digits,hub,0.0,clean,101,fisher_rao,83,-0.12302111089229584,-0.39348697662353516,2
digits,hub,0.0,clean,101,fisher_rao,84,0.39898404479026794,-0.28931325674057007,0
digits,hub,0.0,clean,101,fisher_rao,85,-0.030773013830184937,-0.5295289754867554,3
digits,hub,0.0,clean,101,fisher_rao,86,0.040582891553640366,-0.2567956745624542,8
digits,hub,0.0,clean,101,fisher_rao,87,0.08319338411092758,-0.5601508021354675,9
digits,hub,0.0,clean,101,fisher_rao,88,0.49979305267333984,-0.3160741329193115,6
digits,hub,0.0,clean,101,fisher_rao,89,-3.250197649002075,-3.1581485271453857,6
digits,hub,0.0,clean,101,fisher_rao,90,-0.16753585636615753,-0.2787307798862457,2
digits,hub,0.0,clean,101,fisher_rao,91,0.2461114227771759,-0.2024543136358261,0
digits,hub,0.0,clean,101,fisher_rao,92,0.07540766149759293,-0.3984987139701843,9
digits,hub,0.0,clean,101,fisher_rao,93,-0.18285226821899414,-0.036431655287742615,1
digits,hub,0.0,clean,101,fisher_rao,94,0.1547054797410965,-0.5192180275917053,9
digits,hub,0.0,clean,101,fisher_rao,95,0.42623335123062134,-0.39987996220588684,0
digits,hub,0.0,clean,101,fisher_rao,96,0.07050955295562744,-0.5535697340965271,9
digits,hub,0.0,clean,101,fisher_rao,97,-0.07618849724531174,-0.2107040286064148,2
digits,hub,0.0,clean,101,fisher_rao,98,0.49546337127685547,0.3031274080276489,4
digits,hub,0.0,clean,101,fisher_rao,99,-0.46612638235092163,-0.1957119107246399,7
digits,hub,0.0,clean,101,fisher_rao,100,-0.7702143788337708,-0.5444620847702026,8
digits,hub,0.0,clean,101,fisher_rao,101,-0.19914358854293823,0.12312506139278412,7
digits,hub,0.0,clean,101,fisher_rao,102,-0.4025617241859436,-0.8876270651817322,2
digits,hub,0.0,clean,101,fisher_rao,103,0.6809718608856201,-0.19624310731887817,6
digits,hub,0.0,clean,101,fisher_rao,104,0.3198191523551941,0.15614983439445496,4
digits,hub,0.0,clean,101,fisher_rao,105,0.16349674761295319,-0.3811597228050232,8
digits,hub,0.0,clean,101,fisher_rao,106,0.33492961525917053,-0.1358218789100647,0
digits,hub,0.0,clean,101,fisher_rao,107,-0.04672782123088837,-0.28718796372413635,3
digits,hub,0.0,clean,101,fisher_rao,108,0.11919974535703659,-0.5524795651435852,9
digits,hub,0.0,clean,101,fisher_rao,109,0.4030574858188629,0.15787705779075623,5
digits,hub,0.0,clean,101,fisher_rao,110,-0.20375008881092072,-0.45633307099342346,2
digits,hub,0.0,clean,101,fisher_rao,111,2.6945765018463135,-1.7920011281967163,4
digits,hub,0.0,clean,101,fisher_rao,112,-0.2767307162284851,-0.639445960521698,2
digits,hub,0.0,clean,101,fisher_rao,113,-0.06938932090997696,-0.16095632314682007,5
digits,hub,0.0,clean,101,fisher_rao,114,0.4443892240524292,-0.360514372587204,0
digits,hub,0.0,clean,101,fisher_rao,115,-0.09570257365703583,0.2034975290298462,7
digits,hub,0.0,clean,101,fisher_rao,116,-0.49435824155807495,-0.7815914750099182,2
digits,hub,0.0,clean,101,fisher_rao,117,0.20645134150981903,-0.022424735128879547,6
digits,hub,0.0,clean,101,fisher_rao,118,0.10781243443489075,-0.8961188793182373,2
digits,hub,0.0,clean,101,fisher_rao,119,0.07125265151262283,-0.03857192397117615,8
digits,hub,0.0,clean,101,fisher_rao,120,0.05625301972031593,-0.19082655012607574,8
digits,hub,0.0,clean,101,fisher_rao,121,0.10417534410953522,-0.07729354500770569,8
digits,hub,0.0,clean,101,fisher_rao,122,0.41927748918533325,-0.11758876591920853,6
digits,hub,0.0,clean,101,fisher_rao,123,0.43189921975135803,0.5621248483657837,4
digits,hub,0.0,clean,101,fisher_rao,124,-0.03684766963124275,-0.05537927523255348,1
digits,hub,0.0,clean,101,fisher_rao,125,0.5137447714805603,-0.18337182700634003,6
digits,hub,0.0,clean,101,fisher_rao,126,-0.3871977627277374,-0.05289732664823532,7
digits,hub,0.0,clean,101,fisher_rao,127,-4.290410041809082,-3.9388203620910645,3
digits,hub,0.0,clean,101,fisher_rao,128,0.19419527053833008,-0.3249875605106354,9
digits,hub,0.0,clean,101,fisher_rao,129,-0.03858986869454384,0.33898669481277466,9
digits,hub,0.0,clean,101,fisher_rao,130,-0.05656593292951584,-0.5158032178878784,3
digits,hub,0.0,clean,101,fisher_rao,131,0.15262870490550995,-0.5096455216407776,5
digits,hub,0.0,clean,101,fisher_rao,132,0.14130106568336487,-0.3782252371311188,9
digits,hub,0.0,clean,101,fisher_rao,133,0.3953348994255066,-0.3226872980594635,0
digits,hub,0.0,clean,101,fisher_rao,134,0.08024678379297256,-0.6174784898757935,3
digits,hub,0.0,clean,101,fisher_rao,135,0.3719223141670227,-0.19487594068050385,0
digits,hub,0.0,clean,101,fisher_rao,136,0.12264886498451233,0.396314799785614,4
digits,hub,0.0,clean,101,fisher_rao,137,-1.334045171737671,-3.284294366836548,4
digits,hub,0.0,clean,101,fisher_rao,138,-0.020528089255094528,-0.00026329635875299573,1
digits,hub,0.0,clean,101,fisher_rao,139,-0.2769797444343567,-0.6308543682098389,2
digits,hub,0.0,clean,101,fisher_rao,140,-0.5699846744537354,-1.3112744092941284,2
digits,hub,0.0,clean,101,fisher_rao,141,-0.03882639855146408,-0.19302913546562195,5
digits,hub,0.0,clean,101,fisher_rao,142,-0.26334869861602783,-0.09777507185935974,7
digits,hub,0.0,clean,101,fisher_rao,143,0.672831654548645,-0.5870801210403442,0
digits,hub,0.0,clean,101,fisher_rao,144,-0.23845170438289642,-0.05930556729435921,7
digits,hub,0.0,clean,101,fisher_rao,145,0.4510003924369812,-0.24051737785339355,6
digits,hub,0.0,clean,101,fisher_rao,146,-0.25131505727767944,-0.6297578811645508,2
digits,hub,0.0,clean,101,fisher_rao,147,0.5289402604103088,0.23304365575313568,4
digits,hub,0.0,clean,101,fisher_rao,148,-0.12261152267456055,0.8340528011322021,9
digits,hub,0.0,clean,101,fisher_rao,149,-1.0102194547653198,-0.9198575019836426,5
digits,hub,0.0,clean,101,fisher_rao,150,0.9053637385368347,0.2855956554412842,4
digits,hub,0.0,clean,101,fisher_rao,151,-0.11783810704946518,0.010225508362054825,1
digits,hub,0.0,clean,101,fisher_rao,152,-0.2674828767776489,0.0262787826359272,1
digits,hub,0.0,clean,101,fisher_rao,153,0.869676411151886,-1.515712857246399,1
digits,hub,0.0,clean,101,fisher_rao,154,-0.22172769904136658,-0.7051851749420166,2
digits,hub,0.0,clean,101,fisher_rao,155,0.3025765120983124,-0.18972957134246826,6
digits,hub,0.0,clean,101,fisher_rao,156,0.010745570994913578,0.8144755363464355,9
digits,hub,0.0,clean,101,fisher_rao,157,0.05969585105776787,-0.027081483975052834,8
digits,hub,0.0,clean,101,fisher_rao,158,0.20133733749389648,-0.11922376602888107,5
digits,hub,0.0,clean,101,fisher_rao,159,0.06129951775074005,-0.20532549917697906,9
digits,hub,0.0,clean,101,fisher_rao,160,0.15788257122039795,0.08768049627542496,6
digits,hub,0.0,clean,101,fisher_rao,161,-0.5337259769439697,0.5390933752059937,7
digits,hub,0.0,clean,101,fisher_rao,162,-0.10799334198236465,0.3688492178916931,1
digits,hub,0.0,clean,101,fisher_rao,163,-0.18826942145824432,-0.10442787408828735,7
digits,hub,0.0,clean,101,fisher_rao,164,0.210318922996521,0.320629358291626,4
digits,hub,0.0,clean,101,fisher_rao,165,-0.05853654816746712,-0.43487605452537537,3
digits,hub,0.0,clean,101,fisher_rao,166,0.2716676592826843,0.43731844425201416,4
digits,hub,0.0,clean,101,fisher_rao,167,0.15893448889255524,-0.3766184151172638,9
digits,hub,0.0,clean,101,fisher_rao,168,1.7597397565841675,-0.9264068603515625,6
digits,hub,0.0,clean,101,fisher_rao,169,0.48243221640586853,0.33538371324539185,4
digits,hub,0.0,clean,101,fisher_rao,170,-0.33940601348876953,-0.06687302142381668,7
digits,hub,0.0,clean,101,fisher_rao,171,0.2906593978404999,-0.11040608584880829,0
digits,hub,0.0,clean,101,fisher_rao,172,-0.8085320591926575,0.46970468759536743,7
digits,hub,0.0,clean,101,fisher_rao,173,-0.27035611867904663,-0.04310696944594383,1
digits,hub,0.0,clean,101,fisher_rao,174,0.02880076691508293,0.13008739054203033,5
digits,hub,0.0,clean,101,fisher_rao,175,-0.4266379475593567,-0.13247929513454437,7
digits,hub,0.0,clean,101,fisher_rao,176,-0.35941073298454285,-0.6872697472572327,2
digits,hub,0.0,clean,101,fisher_rao,177,-0.06138680875301361,-0.3316643238067627,3
digits,hub,0.0,clean,101,fisher_rao,178,-0.01232144795358181,0.5458741188049316,1
digits,hub,0.0,clean,101,fisher_rao,179,0.18200476467609406,0.7301515936851501,1
digits,hub,0.0,clean,101,fisher_rao,180,-0.2583446800708771,-0.7049246430397034,2
digits,hub,0.0,clean,101,fisher_rao,181,0.40930259227752686,-0.3728373348712921,0
digits,hub,0.0,clean,101,fisher_rao,182,0.4386034905910492,-0.33186835050582886,0
digits,hub,0.0,clean,101,fisher_rao,183,-0.013538015075027943,-0.16384638845920563,8
digits,hub,0.0,clean,101,fisher_rao,184,0.7807932496070862,-1.6738284826278687,1
digits,hub,0.0,clean,101,fisher_rao,185,0.6832407712936401,0.12173940241336823,4
digits,hub,0.0,clean,101,fisher_rao,186,0.5030645728111267,-0.27324485778808594,6
digits,hub,0.0,clean,101,fisher_rao,187,0.6412057876586914,0.3232201933860779,4
digits,hub,0.0,clean,101,fisher_rao,188,0.1138773038983345,-0.7093976140022278,3
digits,hub,0.0,clean,101,fisher_rao,189,-0.08067384362220764,0.972053587436676,9
digits,hub,0.0,clean,101,fisher_rao,190,-0.20832286775112152,-0.046601105481386185,1
digits,hub,0.0,clean,101,fisher_rao,191,0.16705669462680817,0.051673773676157,8
digits,hub,0.0,clean,101,fisher_rao,192,0.029171831905841827,-0.6528459787368774,9
digits,hub,0.0,clean,101,fisher_rao,193,-0.24250884354114532,-0.00034692580811679363,1
digits,hub,0.0,clean,101,fisher_rao,194,-0.03616366162896156,-0.027720898389816284,8
digits,hub,0.0,clean,101,fisher_rao,195,-0.015139252878725529,-0.04044310376048088,8
digits,hub,0.0,clean,101,fisher_rao,196,-0.2628035843372345,-0.04604874923825264,1
digits,hub,0.0,clean,101,fisher_rao,197,0.47968432307243347,-0.27304038405418396,6
digits,hub,0.0,clean,101,fisher_rao,198,-0.4354936182498932,-0.18100926280021667,5
digits,hub,0.0,clean,101,fisher_rao,199,0.2495751827955246,-0.21012574434280396,0
digits,hub,0.0,clean,101,fisher_rao,200,-0.3552568852901459,0.24210192263126373,7
digits,hub,0.0,clean,101,fisher_rao,201,0.47333061695098877,-0.27295738458633423,6
digits,hub,0.0,clean,101,fisher_rao,202,-0.04637422040104866,-0.1127590537071228,1
digits,hub,0.0,clean,101,fisher_rao,203,-0.07114441692829132,-0.0966019481420517,8
digits,hub,0.0,clean,101,fisher_rao,204,0.32453712821006775,-0.3368012607097626,0
digits,hub,0.0,clean,101,fisher_rao,205,0.5296939611434937,-0.27348825335502625,6
digits,hub,0.0,clean,101,fisher_rao,206,-0.00690988777205348,0.5724992156028748,9
digits,hub,0.0,clean,101,fisher_rao,207,-0.17271000146865845,-0.8063646554946899,2
digits,hub,0.0,clean,101,fisher_rao,208,0.3141382932662964,-0.03846772015094757,6
digits,hub,0.0,clean,101,fisher_rao,209,0.09412787854671478,-0.5559495091438293,9
digits,hub,0.0,clean,101,fisher_rao,210,-0.5413388013839722,1.500974178314209,7
digits,hub,0.0,clean,101,fisher_rao,211,0.06414491683244705,-0.3054324984550476,8
digits,hub,0.0,clean,101,fisher_rao,212,-0.14024321734905243,-0.5623705983161926,2
digits,hub,0.0,clean,101,fisher_rao,213,-0.07347552478313446,-0.43092814087867737,8
digits,hub,0.0,clean,101,fisher_rao,214,-0.1694861203432083,-0.4486779570579529,3
digits,hub,0.0,clean,101,fisher_rao,215,0.42029282450675964,-0.26913201808929443,0
digits,hub,0.0,clean,101,fisher_rao,216,0.2330339550971985,0.3076438009738922,4
digits,hub,0.0,clean,101,fisher_rao,217,0.3053784668445587,-0.2902972400188446,0
digits,hub,0.0,clean,101,fisher_rao,218,0.8957224488258362,0.30861303210258484,4
digits,hub,0.0,clean,101,fisher_rao,219,-0.095418781042099,0.39373302459716797,1
digits,hub,0.0,clean,101,fisher_rao,220,-0.6116693615913391,-0.33613383769989014,4
digits,hub,0.0,clean,101,fisher_rao,221,0.05950620025396347,-0.5363459587097168,8
digits,hub,0.0,clean,101,fisher_rao,222,-0.09048176556825638,0.022269729524850845,7
digits,hub,0.0,clean,101,fisher_rao,223,-0.1873217225074768,0.007199807092547417,1
digits,hub,0.0,clean,101,fisher_rao,224,-0.7808210253715515,-0.4885874092578888,3
digits,hub,0.0,clean,101,fisher_rao,225,-0.08969593793153763,-0.45867979526519775,3
digits,hub,0.0,clean,101,fisher_rao,226,-1.0962196588516235,2.5626306533813477,4
digits,hub,0.0,clean,101,fisher_rao,227,-0.41123831272125244,-0.862177312374115,2
digits,hub,0.0,clean,101,fisher_rao,228,-0.04460156708955765,0.11018415540456772,8
digits,hub,0.0,clean,101,fisher_rao,229,-0.4017351567745209,0.2671324908733368,7
digits,hub,0.0,clean,101,fisher_rao,230,0.02580324560403824,0.35718974471092224,1
digits,hub,0.0,clean,101,fisher_rao,231,0.10092484205961227,-0.1773657649755478,5
digits,hub,0.0,clean,101,fisher_rao,232,0.5264268517494202,-0.41842448711395264,0
digits,hub,0.0,clean,101,fisher_rao,233,-0.3808901011943817,0.0667768120765686,3
digits,hub,0.0,clean,101,fisher_rao,234,-0.44852185249328613,-0.24709102511405945,7
digits,hub,0.0,clean,101,fisher_rao,235,-0.36362186074256897,-0.03710654005408287,7
digits,hub,0.0,clean,101,fisher_rao,236,-0.5772764682769775,-1.243613600730896,3
digits,hub,0.0,clean,101,fisher_rao,237,0.2242559790611267,-0.3494683504104614,9
digits,hub,0.0,clean,101,fisher_rao,238,-0.5502999424934387,-0.10925941914319992,5
digits,hub,0.0,clean,101,fisher_rao,239,0.2640622556209564,0.057420890778303146,4
digits,hub,0.0,clean,101,fisher_rao,240,-0.33355996012687683,-0.24962040781974792,8
digits,hub,0.0,clean,101,fisher_rao,241,0.10620670765638351,-0.11547209322452545,5
digits,hub,0.0,clean,101,fisher_rao,242,-0.30161455273628235,-0.10466530919075012,3
digits,hub,0.0,clean,101,fisher_rao,243,-0.13795650005340576,-0.120195172727108,8
digits,hub,0.0,clean,101,fisher_rao,244,0.5664868354797363,-0.30588775873184204,6
digits,hub,0.0,clean,101,fisher_rao,245,0.007171183824539185,0.24845008552074432,2
digits,hub,0.0,clean,101,fisher_rao,246,0.04209661856293678,0.6132122278213501,7
digits,hub,0.0,clean,101,fisher_rao,247,-0.6334249973297119,-1.133528470993042,2
digits,hub,0.0,clean,101,fisher_rao,248,0.41593506932258606,-0.15507327020168304,6
digits,hub,0.0,clean,101,fisher_rao,249,0.16321036219596863,-1.0435534715652466,2
digits,hub,0.0,clean,101,fisher_rao,250,-0.1771264672279358,-0.4599930942058563,3
digits,hub,0.0,clean,101,fisher_rao,251,0.24084660410881042,-0.16980965435504913,6
digits,hub,0.0,clean,101,fisher_rao,252,-0.3608195185661316,-0.18424198031425476,5
digits,hub,0.0,clean,101,fisher_rao,253,0.36497947573661804,-0.1594047099351883,0
digits,hub,0.0,clean,101,fisher_rao,254,-0.7884330153465271,-0.012227466329932213,7
digits,hub,0.0,clean,101,fisher_rao,255,0.3159842789173126,-0.23158662021160126,0
digits,hub,0.0,clean,101,fisher_rao,256,0.09565781056880951,-0.38093534111976624,9
digits,hub,0.0,clean,101,fisher_rao,257,0.47939229011535645,0.3763810098171234,6
digits,hub,0.0,clean,101,fisher_rao,258,0.3331441283226013,-1.2677412033081055,2
digits,hub,0.0,clean,101,fisher_rao,259,0.2919852137565613,0.11565957218408585,4
digits,hub,0.0,clean,101,fisher_rao,260,-0.08322398364543915,-0.09812016040086746,9
digits,hub,0.0,clean,101,fisher_rao,261,-0.23914869129657745,-0.009277934208512306,1
digits,hub,0.0,clean,101,fisher_rao,262,0.22082065045833588,0.09933146089315414,5
digits,hub,0.0,clean,101,fisher_rao,263,0.5450173020362854,-0.20654833316802979,6
digits,hub,0.0,clean,101,fisher_rao,264,-0.22562411427497864,-0.02271764725446701,1
digits,hub,0.0,clean,101,fisher_rao,265,-0.872810959815979,-2.151085376739502,2
digits,hub,0.0,clean,101,fisher_rao,266,-0.0549679771065712,0.03781045600771904,8
digits,hub,0.0,clean,101,fisher_rao,267,-2.6628291606903076,-0.2985718846321106,7
digits,hub,0.0,clean,101,fisher_rao,268,0.6052196621894836,-0.4178217947483063,6
digits,hub,0.0,clean,101,fisher_rao,269,-0.2968108355998993,-0.18521469831466675,7
digits,hub,0.0,clean,101,fisher_rao,270,0.46627262234687805,-0.11981412023305893,6
digits,hub,0.0,clean,101,fisher_rao,271,-0.23395511507987976,-0.2303229570388794,2
digits,hub,0.0,clean,101,fisher_rao,272,0.026493290439248085,-0.5253496766090393,3
digits,hub,0.0,clean,101,fisher_rao,273,-0.03898873180150986,-0.0763305127620697,8
digits,hub,0.0,clean,101,fisher_rao,274,0.14584532380104065,-0.4684303104877472,9
digits,hub,0.0,clean,101,fisher_rao,275,0.3435359001159668,-0.3489319086074829,0
digits,hub,0.0,clean,101,fisher_rao,276,0.32544082403182983,-0.964725136756897,9
digits,hub,0.0,clean,101,fisher_rao,277,0.42382314801216125,-0.24289490282535553,6
digits,hub,0.0,clean,101,fisher_rao,278,-0.5350077152252197,-0.0720488578081131,7
digits,hub,0.0,clean,101,fisher_rao,279,0.4670119881629944,-0.31768694519996643,6
digits,hub,0.0,clean,101,fisher_rao,280,0.35389456152915955,-0.17897716164588928,6
digits,hub,0.0,clean,101,fisher_rao,281,0.14375300705432892,-0.3871518671512604,9
digits,hub,0.0,clean,101,fisher_rao,282,-0.5495594143867493,0.05781649053096771,7
digits,hub,0.0,clean,101,fisher_rao,283,0.08369658142328262,-0.63703852891922,9
digits,hub,0.0,clean,101,fisher_rao,284,-0.10234837234020233,-0.4434659481048584,2
digits,hub,0.0,clean,101,fisher_rao,285,-0.873862087726593,-0.2354682981967926,7
digits,hub,0.0,clean,101,fisher_rao,286,0.4969891309738159,0.6222564578056335,1
digits,hub,0.0,clean,101,fisher_rao,287,-0.06431975960731506,-0.6927589178085327,3
digits,hub,0.0,clean,101,fisher_rao,288,-0.04584573581814766,-0.7087748646736145,3
digits,hub,0.0,clean,101,fisher_rao,289,0.1097034215927124,-0.46304842829704285,9
digits,hub,0.0,clean,101,fisher_rao,290,-0.46519267559051514,-0.0561334453523159,7
digits,hub,0.0,clean,101,fisher_rao,291,-0.2502717077732086,-0.04024963825941086,7
digits,hub,0.0,clean,101,fisher_rao,292,0.01210015919059515,-0.516142725944519,3
digits,hub,0.0,clean,101,fisher_rao,293,0.41322827339172363,-0.2031974345445633,0
digits,hub,0.0,clean,101,fisher_rao,294,0.39924564957618713,-0.42919066548347473,0
digits,hub,0.0,clean,101,fisher_rao,295,0.062058914452791214,-0.43246757984161377,3
digits,hub,0.0,clean,101,fisher_rao,296,4.040018558502197,3.984337091445923,4
digits,hub,0.0,clean,101,fisher_rao,297,0.42677560448646545,0.3877660930156708,4
digits,hub,0.0,clean,101,fisher_rao,298,0.11470597237348557,-0.6461597681045532,9
digits,hub,0.0,clean,101,fisher_rao,299,-0.8657901883125305,-0.5918149352073669,5
digits,hub,0.3,corrupted,101,kl,0,0.88987135887146,0.48555105924606323,7
digits,hub,0.3,corrupted,101,kl,1,0.2692716419696808,-0.9517195224761963,3
digits,hub,0.3,corrupted,101,kl,2,0.20879116654396057,0.7764065265655518,2
digits,hub,0.3,corrupted,101,kl,3,0.0891408696770668,-0.27848002314567566,9
digits,hub,0.3,corrupted,101,kl,4,-0.030654337257146835,-0.13416987657546997,0
digits,hub,0.3,corrupted,101,kl,5,1.1841703653335571,-0.018214980140328407,7
digits,hub,0.3,corrupted,101,kl,6,-0.2796233594417572,-0.2776434123516083,0
digits,hub,0.3,corrupted,101,kl,7,0.38229042291641235,-0.05724208801984787,2
digits,hub,0.3,corrupted,101,kl,8,1.1415516138076782,0.37598535418510437,7
digits,hub,0.3,corrupted,101,kl,9,-1.0229361057281494,2.2312588691711426,4
digits,hub,0.3,corrupted,101,kl,10,-0.10001976788043976,0.14002500474452972,6
digits,hub,0.3,corrupted,101,kl,11,-0.2726511061191559,0.11759759485721588,0
digits,hub,0.3,corrupted,101,kl,12,1.3258094787597656,-0.7796409726142883,5
digits,hub,0.3,corrupted,101,kl,13,-0.04672563821077347,-0.6551620364189148,3
digits,hub,0.3,corrupted,101,kl,14,0.5488812923431396,0.27568620443344116,1
digits,hub,0.3,corrupted,101,kl,15,0.7484718561172485,-0.21819181740283966,5
digits,hub,0.3,corrupted,101,kl,16,0.29261264204978943,-0.22972656786441803,9
digits,hub,0.3,corrupted,101,kl,17,0.26433759927749634,-0.4625190198421478,3
digits,hub,0.3,corrupted,101,kl,18,0.0705631673336029,0.6483168601989746,1
digits,hub,0.3,corrupted,101,kl,19,-0.2236572802066803,-0.3406151533126831,0
digits,hub,0.3,corrupted,101,kl,20,0.073818139731884,0.5245850682258606,1
digits,hub,0.3,corrupted,101,kl,21,0.8484984636306763,0.5791312456130981,7
digits,hub,0.3,corrupted,101,kl,22,0.7004466652870178,-0.13876600563526154,8
digits,hub,0.3,corrupted,101,kl,23,0.7176967859268188,-0.6965897083282471,2
digits,hub,0.3,corrupted,101,kl,24,0.05606275051832199,0.0381227545440197,5
digits,hub,0.3,corrupted,101,kl,25,0.6547134518623352,-0.4479525089263916,2
digits,hub,0.3,corrupted,101,kl,26,-0.21230870485305786,-0.10958917438983917,0
digits,hub,0.3,corrupted,101,kl,27,0.4297228753566742,0.2877601683139801,1
digits,hub,0.3,corrupted,101,kl,28,0.7932243347167969,0.4960552155971527,7
digits,hub,0.3,corrupted,101,kl,29,0.01219141948968172,-0.2677617073059082,5
digits,hub,0.3,corrupted,101,kl,30,0.2614067792892456,0.18485292792320251,1
digits,hub,0.3,corrupted,101,kl,31,-0.5813338160514832,-0.29097920656204224,6
digits,hub,0.3,corrupted,101,kl,32,-1.202303171157837,-1.546971321105957,1
digits,hub,0.3,corrupted,101,kl,33,-0.7520979046821594,-0.05482847988605499,6
digits,hub,0.3,corrupted,101,kl,34,-0.040624428540468216,-0.6115341782569885,9
digits,hub,0.3,corrupted,101,kl,35,0.48071321845054626,-0.602976381778717,3
digits,hub,0.3,corrupted,101,kl,36,0.32774224877357483,-0.647476315498352,3
digits,hub,0.3,corrupted,101,kl,37,-0.004204276483505964,-1.1473259925842285,2
digits,hub,0.3,corrupted,101,kl,38,0.5321882367134094,-0.7035874128341675,8
digits,hub,0.3,corrupted,101,kl,39,2.2212634086608887,2.949739456176758,4
digits,hub,0.3,corrupted,101,kl,40,0.7042468786239624,-0.3522544801235199,2
digits,hub,0.3,corrupted,101,kl,41,-0.36255180835723877,0.13838966190814972,6
digits,hub,0.3,corrupted,101,kl,42,-0.41174277663230896,-0.33724355697631836,0
digits,hub,0.3,corrupted,101,kl,43,-0.5792043805122375,0.3547663390636444,4
digits,hub,0.3,corrupted,101,kl,44,0.14386296272277832,0.3801511824131012,8
digits,hub,0.3,corrupted,101,kl,45,0.815902054309845,-1.0915940999984741,2
digits,hub,0.3,corrupted,101,kl,46,0.9401019811630249,0.44768649339675903,7
digits,hub,0.3,corrupted,101,kl,47,0.28404542803764343,-0.06313356757164001,8
digits,hub,0.3,corrupted,101,kl,48,0.19272783398628235,-0.16776011884212494,8
digits,hub,0.3,corrupted,101,kl,49,0.1685808300971985,-0.30697372555732727,5
digits,hub,0.3,corrupted,101,kl,50,0.5800601840019226,0.2409515082836151,1
digits,hub,0.3,corrupted,101,kl,51,0.7800482511520386,0.24968162178993225,7
digits,hub,0.3,corrupted,101,kl,52,0.8051416277885437,-0.1083463728427887,4
digits,hub,0.3,corrupted,101,kl,53,0.4494923949241638,0.09253977239131927,8
digits,hub,0.3,corrupted,101,kl,54,0.675920844078064,0.820255696773529,7
digits,hub,0.3,corrupted,101,kl,55,0.07951608300209045,0.28311190009117126,8
digits,hub,0.3,corrupted,101,kl,56,-0.5119907259941101,-0.16080114245414734,6
digits,hub,0.3,corrupted,101,kl,57,0.36108142137527466,-0.2773185074329376,9
digits,hub,0.3,corrupted,101,kl,58,0.274245023727417,-0.40156441926956177,3
digits,hub,0.3,corrupted,101,kl,59,1.0366071462631226,0.3060077726840973,7
digits,hub,0.3,corrupted,101,kl,60,-0.37647879123687744,-0.10741531848907471,6
digits,hub,0.3,corrupted,101,kl,61,0.332616925239563,-0.0218058954924345,8
digits,hub,0.3,corrupted,101,kl,62,0.5217177271842957,0.16097155213356018,1
digits,hub,0.3,corrupted,101,kl,63,0.6010360717773438,0.001125312177464366,8
digits,hub,0.3,corrupted,101,kl,64,0.1795610785484314,-0.41378846764564514,9
digits,hub,0.3,corrupted,101,kl,65,0.29318326711654663,-0.06064245104789734,8
digits,hub,0.3,corrupted,101,kl,66,-0.3530327081680298,-0.2390083223581314,0
digits,hub,0.3,corrupted,101,kl,67,0.6715207695960999,-1.129035234451294,2
digits,hub,0.3,corrupted,101,kl,68,-0.608446478843689,0.7393155694007874,4
digits,hub,0.3,corrupted,101,kl,69,0.6627211570739746,1.306796669960022,7
digits,hub,0.3,corrupted,101,kl,70,-0.2803027927875519,-0.07600528001785278,0
digits,hub,0.3,corrupted,101,kl,71,0.4717348515987396,-0.5899498462677002,3
digits,hub,0.3,corrupted,101,kl,72,0.38088104128837585,1.6300203800201416,7
digits,hub,0.3,corrupted,101,kl,73,-0.17395681142807007,-0.1775997281074524,0
digits,hub,0.3,corrupted,101,kl,74,0.40149542689323425,-0.25649401545524597,9
digits,hub,0.3,corrupted,101,kl,75,0.6953644752502441,1.4126296043395996,7
digits,hub,0.3,corrupted,101,kl,76,1.042288899421692,-0.5222919583320618,2
digits,hub,0.3,corrupted,101,kl,77,0.272151917219162,0.5749589204788208,1
digits,hub,0.3,corrupted,101,kl,78,0.6105205416679382,-0.5039347410202026,2
digits,hub,0.3,corrupted,101,kl,79,0.1164722815155983,0.7417513132095337,1
digits,hub,0.3,corrupted,101,kl,80,0.09008818864822388,0.3659123480319977,1
digits,hub,0.3,corrupted,101,kl,81,-0.18995971977710724,0.1401684582233429,6
digits,hub,0.3,corrupted,101,kl,82,-0.05101805925369263,-0.854709804058075,5
digits,hub,0.3,corrupted,101,kl,83,0.42206719517707825,-0.2784542739391327,2
digits,hub,0.3,corrupted,101,kl,84,-0.3088945746421814,-0.23332087695598602,0
digits,hub,0.3,corrupted,101,kl,85,0.27555689215660095,-0.4805440604686737,3
digits,hub,0.3,corrupted,101,kl,86,0.1802903562784195,-0.112989641726017,8
digits,hub,0.3,corrupted,101,kl,87,0.08716646581888199,-0.5466209650039673,9
digits,hub,0.3,corrupted,101,kl,88,-0.4331926703453064,-0.2531311511993408,6
digits,hub,0.3,corrupted,101,kl,89,-1.8999601602554321,-2.250757932662964,6
digits,hub,0.3,corrupted,101,kl,90,0.47655463218688965,-0.12224295735359192,2
digits,hub,0.3,corrupted,101,kl,91,-0.10799530148506165,-0.07348863780498505,0
digits,hub,0.3,corrupted,101,kl,92,0.1174064427614212,-0.33493009209632874,9
digits,hub,0.3,corrupted,101,kl,93,0.46005499362945557,0.18704462051391602,1
digits,hub,0.3,corrupted,101,kl,94,0.01387032587081194,-0.5027132630348206,9
digits,hub,0.3,corrupted,101,kl,95,-0.32988083362579346,-0.3858569860458374,0
digits,hub,0.3,corrupted,101,kl,96,0.11070671677589417,-0.5393735766410828,9
digits,hub,0.3,corrupted,101,kl,97,0.3658905327320099,-0.031769055873155594,2
digits,hub,0.3,corrupted,101,kl,98,-0.4510595202445984,0.50298011302948,4
digits,hub,0.3,corrupted,101,kl,99,1.1934882402420044,0.046596407890319824,7
digits,hub,0.3,corrupted,101,kl,100,1.0510413646697998,-0.5911277532577515,8
digits,hub,0.3,corrupted,101,kl,101,0.694849967956543,0.6832131147384644,7
digits,hub,0.3,corrupted,101,kl,102,0.6993603706359863,-0.8697080016136169,2
digits,hub,0.3,corrupted,101,kl,103,-0.6570785045623779,-0.10248041898012161,6
digits,hub,0.3,corrupted,101,kl,104,-0.2221709042787552,0.38321858644485474,4
digits,hub,0.3,corrupted,101,kl,105,0.0187227763235569,-0.31045976281166077,8
digits,hub,0.3,corrupted,101,kl,106,-0.23783615231513977,0.001737968879751861,0
digits,hub,0.3,corrupted,101,kl,107,0.3000577688217163,-0.15083608031272888,3
digits,hub,0.3,corrupted,101,kl,108,0.04691355675458908,-0.5446673035621643,9
digits,hub,0.3,corrupted,101,kl,109,-0.31315359473228455,0.38913193345069885,5
digits,hub,0.3,corrupted,101,kl,110,0.5407220721244812,-0.33655935525894165,2
digits,hub,0.3,corrupted,101,kl,111,2.061492443084717,-1.8477369546890259,4
digits,hub,0.3,corrupted,101,kl,112,0.5988491773605347,-0.5763017535209656,2
digits,hub,0.3,corrupted,101,kl,113,0.30318087339401245,0.03791089355945587,5
digits,hub,0.3,corrupted,101,kl,114,-0.3622512221336365,-0.33780795335769653,0
digits,hub,0.3,corrupted,101,kl,115,0.46697530150413513,0.7841702103614807,7
digits,hub,0.3,corrupted,101,kl,116,0.796858012676239,-0.7593327164649963,2
digits,hub,0.3,corrupted,101,kl,117,-0.044975828379392624,0.18049629032611847,6
digits,hub,0.3,corrupted,101,kl,118,-0.006246859207749367,-0.9186662435531616,2
digits,hub,0.3,corrupted,101,kl,119,0.12546111643314362,0.1695418357849121,8
digits,hub,0.3,corrupted,101,kl,120,0.15867435932159424,-0.026713531464338303,8
digits,hub,0.3,corrupted,101,kl,121,0.11625044047832489,0.14112770557403564,8
digits,hub,0.3,corrupted,101,kl,122,-0.3366953730583191,0.04607190191745758,6
digits,hub,0.3,corrupted,101,kl,123,-0.43472322821617126,0.7662162184715271,4
digits,hub,0.3,corrupted,101,kl,124,0.2709875702857971,0.15165138244628906,1
digits,hub,0.3,corrupted,101,kl,125,-0.4566718637943268,-0.06617506593465805,6
digits,hub,0.3,corrupted,101,kl,126,1.0811182260513306,0.2934337258338928,7
digits,hub,0.3,corrupted,101,kl,127,-2.6901297569274902,1.4981927871704102,3
digits,hub,0.3,corrupted,101,kl,128,-0.03372999280691147,-0.2553744316101074,9
digits,hub,0.3,corrupted,101,kl,129,0.1432519555091858,0.617495596408844,9
digits,hub,0.3,corrupted,101,kl,130,0.30894795060157776,-0.4602736830711365,3
digits,hub,0.3,corrupted,101,kl,131,0.013711348176002502,-0.4876863956451416,5
digits,hub,0.3,corrupted,101,kl,132,0.03538704663515091,-0.3148614168167114,9
digits,hub,0.3,corrupted,101,kl,133,-0.30266982316970825,-0.2770472764968872,0
digits,hub,0.3,corrupted,101,kl,134,0.10538620501756668,-0.6126658320426941,3
digits,hub,0.3,corrupted,101,kl,135,-0.2781643867492676,-0.08060069382190704,0
digits,hub,0.3,corrupted,101,kl,136,0.0034575334284454584,0.6644542217254639,4
digits,hub,0.3,corrupted,101,kl,137,-2.34491229057312,-0.2931375801563263,4
digits,hub,0.3,corrupted,101,kl,138,0.26144832372665405,0.2261010706424713,1
digits,hub,0.3,corrupted,101,kl,139,0.5971485376358032,-0.568229615688324,2
digits,hub,0.3,corrupted,101,kl,140,0.6651004552841187,-1.3658260107040405,2
digits,hub,0.3,corrupted,101,kl,141,0.27095720171928406,-0.02514350414276123,5
digits,hub,0.3,corrupted,101,kl,142,0.9313773512840271,0.282198041677475,7
digits,hub,0.3,corrupted,101,kl,143,-0.569976270198822,-0.6148161292076111,0
digits,hub,0.3,corrupted,101,kl,144,0.8504400253295898,0.35908082127571106,7
digits,hub,0.3,corrupted,101,kl,145,-0.38288217782974243,-0.13105624914169312,6
digits,hub,0.3,corrupted,101,kl,146,0.5695574283599854,-0.5645192265510559,2
digits,hub,0.3,corrupted,101,kl,147,-0.4942464232444763,0.4183773398399353,4
digits,hub,0.3,corrupted,101,kl,148,-0.03817123547196388,1.1152334213256836,9
digits,hub,0.3,corrupted,101,kl,149,0.23497891426086426,-1.4486262798309326,5
digits,hub,0.3,corrupted,101,kl,150,-0.9251351356506348,0.34017300605773926,4
digits,hub,0.3,corrupted,101,kl,151,0.3697770833969116,0.24154679477214813,1
digits,hub,0.3,corrupted,101,kl,152,0.5272332429885864,0.25337082147598267,1
digits,hub,0.3,corrupted,101,kl,153,-1.05283522605896,-1.122199535369873,1
digits,hub,0.3,corrupted,101,kl,154,0.5317707657814026,-0.6635643243789673,2
digits,hub,0.3,corrupted,101,kl,155,-0.17521193623542786,-0.033719196915626526,6
digits,hub,0.3,corrupted,101,kl,156,-0.08950024098157883,1.0865776538848877,9
digits,hub,0.3,corrupted,101,kl,157,0.13344307243824005,0.1950448602437973,8
digits,hub,0.3,corrupted,101,kl,158,-0.026616688817739487,0.08956506103277206,5
digits,hub,0.3,corrupted,101,kl,159,0.14246055483818054,-0.05849936231970787,9
digits,hub,0.3,corrupted,101,kl,160,0.014264258556067944,0.3172972798347473,6
digits,hub,0.3,corrupted,101,kl,161,0.882446825504303,1.192780613899231,7
digits,hub,0.3,corrupted,101,kl,162,0.23444914817810059,0.6485092639923096,1
digits,hub,0.3,corrupted,101,kl,163,0.800754964351654,0.29340797662734985,7
digits,hub,0.3,corrupted,101,kl,164,-0.0720745325088501,0.5801084637641907,4
digits,hub,0.3,corrupted,101,kl,165,0.3367198705673218,-0.3478054106235504,3
digits,hub,0.3,corrupted,101,kl,166,-0.18148262798786163,0.6854842305183411,4
digits,hub,0.3,corrupted,101,kl,167,0.01103590801358223,-0.31946372985839844,9
digits,hub,0.3,corrupted,101,kl,168,-0.9927606582641602,-1.5280097723007202,6
digits,hub,0.3,corrupted,101,kl,169,-0.4452233612537384,0.5340046882629395,4
digits,hub,0.3,corrupted,101,kl,170,0.09298533946275711,-0.12454255670309067,7
digits,hub,0.3,corrupted,101,kl,171,-0.1698133647441864,0.05045689269900322,0
digits,hub,0.3,corrupted,101,kl,172,1.208041787147522,1.1698341369628906,7
digits,hub,0.3,corrupted,101,kl,173,0.5624322295188904,0.174787700176239,1
digits,hub,0.3,corrupted,101,kl,174,0.14655174314975739,0.3903672695159912,5
digits,hub,0.3,corrupted,101,kl,175,1.1353769302368164,0.11699861288070679,7
digits,hub,0.3,corrupted,101,kl,176,0.6765257120132446,-0.6389995217323303,2
digits,hub,0.3,corrupted,101,kl,177,0.3263816237449646,-0.20841281116008759,3
digits,hub,0.3,corrupted,101,kl,178,0.14767122268676758,0.8316610455513,1
digits,hub,0.3,corrupted,101,kl,179,-0.26259228587150574,0.9366071820259094,1
digits,hub,0.3,corrupted,101,kl,180,0.5447588562965393,-0.6755654811859131,2
digits,hub,0.3,corrupted,101,kl,181,-0.3185441195964813,-0.3626287579536438,0
digits,hub,0.3,corrupted,101,kl,182,-0.35144472122192383,-0.2960927486419678,0
digits,hub,0.3,corrupted,101,kl,183,0.26126572489738464,0.017027834430336952,8
digits,hub,0.3,corrupted,101,kl,184,-0.8988116979598999,-1.3865313529968262,1
digits,hub,0.3,corrupted,101,kl,185,-0.6505659222602844,0.29517942667007446,4
digits,hub,0.3,corrupted,101,kl,186,-0.4456084966659546,-0.18336862325668335,6
digits,hub,0.3,corrupted,101,kl,187,-0.6047256588935852,0.5190667510032654,4
digits,hub,0.3,corrupted,101,kl,188,0.05421938747167587,-0.7166255116462708,3
digits,hub,0.3,corrupted,101,kl,189,-0.14634881913661957,1.2345783710479736,9
digits,hub,0.3,corrupted,101,kl,190,0.4956998825073242,0.16860665380954742,1
digits,hub,0.3,corrupted,101,kl,191,0.005341315176337957,0.2892438471317291,8
digits,hub,0.3,corrupted,101,kl,192,0.14924634993076324,-0.6538301110267639,9
digits,hub,0.3,corrupted,101,kl,193,0.5130056142807007,0.2203368991613388,1
digits,hub,0.3,corrupted,101,kl,194,0.27927643060684204,0.1959148645401001,8
digits,hub,0.3,corrupted,101,kl,195,0.2463998645544052,0.17826947569847107,8
digits,hub,0.3,corrupted,101,kl,196,0.5504220724105835,0.17166893184185028,1
digits,hub,0.3,corrupted,101,kl,197,-0.41073957085609436,-0.17535711824893951,6
digits,hub,0.3,corrupted,101,kl,198,0.7484704852104187,-0.1033656969666481,5
digits,hub,0.3,corrupted,101,kl,199,-0.11249416321516037,-0.08268965035676956,0
digits,hub,0.3,corrupted,101,kl,200,0.8729951977729797,0.7907698154449463,7
digits,hub,0.3,corrupted,101,kl,201,-0.40750768780708313,-0.1921175867319107,6
digits,hub,0.3,corrupted,101,kl,202,0.29713982343673706,0.07975570857524872,1
digits,hub,0.3,corrupted,101,kl,203,0.33038797974586487,0.10856086015701294,8
digits,hub,0.3,corrupted,101,kl,204,-0.21407990157604218,-0.30442917346954346,0
digits,hub,0.3,corrupted,101,kl,205,-0.47644200921058655,-0.18264588713645935,6
digits,hub,0.3,corrupted,101,kl,206,0.038933806121349335,0.8481937646865845,9
digits,hub,0.3,corrupted,101,kl,207,0.3834742307662964,-0.8246094584465027,2
digits,hub,0.3,corrupted,101,kl,208,-0.18628142774105072,0.16142398118972778,6
digits,hub,0.3,corrupted,101,kl,209,0.0721251592040062,-0.5461650490760803,9
digits,hub,0.3,corrupted,101,kl,210,0.2589123547077179,2.301497220993042,7
digits,hub,0.3,corrupted,101,kl,211,0.15201517939567566,-0.18366292119026184,8
digits,hub,0.3,corrupted,101,kl,212,0.44187769293785095,-0.49858376383781433,2
digits,hub,0.3,corrupted,101,kl,213,0.401661217212677,-0.30069655179977417,8
digits,hub,0.3,corrupted,101,kl,214,0.45576268434524536,-0.3490261435508728,3
digits,hub,0.3,corrupted,101,kl,215,-0.3369222581386566,-0.20356032252311707,0
digits,hub,0.3,corrupted,101,kl,216,-0.11408957839012146,0.5691943168640137,4
digits,hub,0.3,corrupted,101,kl,217,-0.18993036448955536,-0.22113807499408722,0
digits,hub,0.3,corrupted,101,kl,218,-0.945438802242279,0.2924019694328308,4
digits,hub,0.3,corrupted,101,kl,219,0.2026480883359909,0.6683700084686279,1
digits,hub,0.3,corrupted,101,kl,220,0.9599618315696716,-0.28040263056755066,4
digits,hub,0.3,corrupted,101,kl,221,0.15449632704257965,-0.5048206448554993,8
digits,hub,0.3,corrupted,101,kl,222,0.6765175461769104,0.585717499256134,7
digits,hub,0.3,corrupted,101,kl,223,0.4477798640727997,0.239394411444664,1
digits,hub,0.3,corrupted,101,kl,224,1.0952377319335938,-0.49925848841667175,3
digits,hub,0.3,corrupted,101,kl,225,0.3663957417011261,-0.3695009648799896,3
digits,hub,0.3,corrupted,101,kl,226,-2.0815351009368896,0.8954970240592957,4
digits,hub,0.3,corrupted,101,kl,227,0.6827464699745178,-0.859523355960846,2
digits,hub,0.3,corrupted,101,kl,228,0.23616261780261993,0.3700137734413147,8
digits,hub,0.3,corrupted,101,kl,229,0.7948816418647766,0.8991856575012207,7
digits,hub,0.3,corrupted,101,kl,230,0.09596909582614899,0.6200721859931946,1
digits,hub,0.3,corrupted,101,kl,231,0.09042700380086899,-0.021511685103178024,5
digits,hub,0.3,corrupted,101,kl,232,-0.4366453289985657,-0.4335048496723175,0
digits,hub,0.3,corrupted,101,kl,233,0.4950798451900482,0.3933435082435608,3
digits,hub,0.3,corrupted,101,kl,234,1.1977933645248413,-0.005948422010987997,7
digits,hub,0.3,corrupted,101,kl,235,0.9893686771392822,0.4220229983329773,7
digits,hub,0.3,corrupted,101,kl,236,0.5853591561317444,-1.3363999128341675,3
digits,hub,0.3,corrupted,101,kl,237,-0.08973244577646255,-0.3160656988620758,9
digits,hub,0.3,corrupted,101,kl,238,0.8672070503234863,-0.02590821124613285,5
digits,hub,0.3,corrupted,101,kl,239,-0.14327123761177063,0.279816210269928,4
digits,hub,0.3,corrupted,101,kl,240,0.6418362855911255,-0.11134728789329529,8
digits,hub,0.3,corrupted,101,kl,241,0.07848529517650604,0.07280834764242172,5
digits,hub,0.3,corrupted,101,kl,242,0.5928036570549011,0.08708998560905457,3
digits,hub,0.3,corrupted,101,kl,243,0.4182765483856201,0.07900598645210266,8
digits,hub,0.3,corrupted,101,kl,244,-0.5169087648391724,-0.2551334500312805,6
digits,hub,0.3,corrupted,101,kl,245,0.196991965174675,0.5059226751327515,2
digits,hub,0.3,corrupted,101,kl,246,0.25141483545303345,1.2456308603286743,7
digits,hub,0.3,corrupted,101,kl,247,0.8613794445991516,-1.158209204673767,2
digits,hub,0.3,corrupted,101,kl,248,-0.3292045295238495,-0.0018705064430832863,6
digits,hub,0.3,corrupted,101,kl,249,-0.08848262578248978,-1.0492671728134155,2
digits,hub,0.3,corrupted,101,kl,250,0.48265597224235535,-0.35914015769958496,3
digits,hub,0.3,corrupted,101,kl,251,-0.09548808634281158,-0.002597128041088581,6
digits,hub,0.3,corrupted,101,kl,252,0.6891204118728638,-0.026063889265060425,5
digits,hub,0.3,corrupted,101,kl,253,-0.2748486399650574,-0.045185647904872894,0
digits,hub,0.3,corrupted,101,kl,254,1.5027284622192383,0.2973424196243286,7
digits,hub,0.3,corrupted,101,kl,255,-0.20671476423740387,-0.13675722479820251,0
digits,hub,0.3,corrupted,101,kl,256,0.09140274673700333,-0.3166150748729706,9
digits,hub,0.3,corrupted,101,kl,257,-0.48970937728881836,0.5138595104217529,6
digits,hub,0.3,corrupted,101,kl,258,-0.26438334584236145,-1.2340359687805176,2
digits,hub,0.3,corrupted,101,kl,259,-0.17986741662025452,0.3435616195201874,4
digits,hub,0.3,corrupted,101,kl,260,0.32415199279785156,0.09584929049015045,9
digits,hub,0.3,corrupted,101,kl,261,0.5212911367416382,0.21528272330760956,1
digits,hub,0.3,corrupted,101,kl,262,-0.0805862545967102,0.33823099732398987,5
digits,hub,0.3,corrupted,101,kl,263,-0.49456486105918884,-0.0724334865808487,6
digits,hub,0.3,corrupted,101,kl,264,0.4937543272972107,0.19378308951854706,1
digits,hub,0.3,corrupted,101,kl,265,0.8244229555130005,-2.049389123916626,2
digits,hub,0.3,corrupted,101,kl,266,0.29812005162239075,0.2861655056476593,8
digits,hub,0.3,corrupted,101,kl,267,-2.9607410430908203,-1.5749034881591797,7
digits,hub,0.3,corrupted,101,kl,268,-0.5514511466026306,-0.3868318200111389,6
digits,hub,0.3,corrupted,101,kl,269,0.9885587692260742,0.10817990452051163,7
digits,hub,0.3,corrupted,101,kl,270,-0.3847436010837555,0.0384833998978138,6
digits,hub,0.3,corrupted,101,kl,271,0.5541585683822632,-0.056567467749118805,2
digits,hub,0.3,corrupted,101,kl,272,0.18455226719379425,-0.49220502376556396,3
digits,hub,0.3,corrupted,101,kl,273,0.2587413191795349,0.13318264484405518,8
digits,hub,0.3,corrupted,101,kl,274,0.030632345005869865,-0.4342222809791565,9
digits,hub,0.3,corrupted,101,kl,275,-0.23165923357009888,-0.3084838092327118,0
digits,hub,0.3,corrupted,101,kl,276,-0.20119917392730713,-0.97800213098526,9
digits,hub,0.3,corrupted,101,kl,277,-0.34510338306427,-0.12087063491344452,6
digits,hub,0.3,corrupted,101,kl,278,1.2543476819992065,0.21386036276817322,7
digits,hub,0.3,corrupted,101,kl,279,-0.4004276394844055,-0.2546745836734772,6
digits,hub,0.3,corrupted,101,kl,280,-0.257355660200119,-0.029017599299550056,6
digits,hub,0.3,corrupted,101,kl,281,0.03493189811706543,-0.32808229327201843,9
digits,hub,0.3,corrupted,101,kl,282,1.220420479774475,0.4253247082233429,7
digits,hub,0.3,corrupted,101,kl,283,0.07170389592647552,-0.6434396505355835,9
digits,hub,0.3,corrupted,101,kl,284,0.3916647732257843,-0.354834645986557,2
digits,hub,0.3,corrupted,101,kl,285,1.5961397886276245,-0.21762438118457794,7
digits,hub,0.3,corrupted,101,kl,286,-0.6976705193519592,0.5978128910064697,1
digits,hub,0.3,corrupted,101,kl,287,0.2866162359714508,-0.6835684776306152,3
digits,hub,0.3,corrupted,101,kl,288,0.23721811175346375,-0.7146425843238831,3
digits,hub,0.3,corrupted,101,kl,289,0.06814046949148178,-0.42406076192855835,9
digits,hub,0.3,corrupted,101,kl,290,1.1778682470321655,0.2676655948162079,7
digits,hub,0.3,corrupted,101,kl,291,0.8622466325759888,0.3715845048427582,7
digits,hub,0.3,corrupted,101,kl,292,0.2173823118209839,-0.46949145197868347,3
digits,hub,0.3,corrupted,101,kl,293,-0.3408157229423523,-0.10965745896100998,0
digits,hub,0.3,corrupted,101,kl,294,-0.2955286502838135,-0.42590007185935974,0
digits,hub,0.3,corrupted,101,kl,295,0.1547989845275879,-0.3614617884159088,3
digits,hub,0.3,corrupted,101,kl,296,3.016118288040161,1.9800653457641602,4
digits,hub,0.3,corrupted,101,kl,297,-0.3921099603176117,0.5969703793525696,4
digits,hub,0.3,corrupted,101,kl,298,0.041140735149383545,-0.6540235877037048,9
digits,hub,0.3,corrupted,101,kl,299,1.168142318725586,-0.6174975037574768,5
digits,hub,0.3,corrupted,101,fisher_rao,0,-0.33035728335380554,-0.39612096548080444,7
digits,hub,0.3,corrupted,101,fisher_rao,1,0.1605871319770813,-1.4344005584716797,3
digits,hub,0.3,corrupted,101,fisher_rao,2,-0.07407314330339432,0.1068061888217926,2
digits,hub,0.3,corrupted,101,fisher_rao,3,0.24282032251358032,-0.7918825149536133,9
digits,hub,0.3,corrupted,101,fisher_rao,4,0.31770217418670654,-0.656099796295166,0
digits,hub,0.3,corrupted,101,fisher_rao,5,-0.4996693432331085,-0.766361653804779,7
digits,hub,0.3,corrupted,101,fisher_rao,6,0.5370948910713196,-0.7128943800926208,0
digits,hub,0.3,corrupted,101,fisher_rao,7,-0.01876150444149971,-0.6775761842727661,2
digits,hub,0.3,corrupted,101,fisher_rao,8,-0.5381165742874146,-0.4764062762260437,7
digits,hub,0.3,corrupted,101,fisher_rao,9,-1.4080111980438232,2.1533663272857666,4
digits,hub,0.3,corrupted,101,fisher_rao,10,0.3247774839401245,-0.41741853952407837,6
digits,hub,0.3,corrupted,101,fisher_rao,11,0.46776700019836426,-0.4003896713256836,0
digits,hub,0.3,corrupted,101,fisher_rao,12,-0.8932101130485535,-1.4184222221374512,5
digits,hub,0.3,corrupted,101,fisher_rao,13,0.4110660254955292,-1.082930088043213,3
digits,hub,0.3,corrupted,101,fisher_rao,14,-0.2568535804748535,-0.40846407413482666,1
digits,hub,0.3,corrupted,101,fisher_rao,15,-0.3213784396648407,-0.8682236671447754,5
digits,hub,0.3,corrupted,101,fisher_rao,16,0.07984642684459686,-0.7957347631454468,9
digits,hub,0.3,corrupted,101,fisher_rao,17,0.13133403658866882,-0.9848042726516724,3
digits,hub,0.3,corrupted,101,fisher_rao,18,0.07975326478481293,0.010956651531159878,1
digits,hub,0.3,corrupted,101,fisher_rao,19,0.49936971068382263,-0.7716579437255859,0
digits,hub,0.3,corrupted,101,fisher_rao,20,0.08663120120763779,-0.099461629986763,1
digits,hub,0.3,corrupted,101,fisher_rao,21,-0.36100706458091736,-0.36097875237464905,7
digits,hub,0.3,corrupted,101,fisher_rao,22,-0.28525277972221375,-0.7953742742538452,8
digits,hub,0.3,corrupted,101,fisher_rao,23,-0.22771842777729034,-1.2891827821731567,2
digits,hub,0.3,corrupted,101,fisher_rao,24,0.23196941614151,-0.547408401966095,5
digits,hub,0.3,corrupted,101,fisher_rao,25,-0.17539340257644653,-1.0701537132263184,2
digits,hub,0.3,corrupted,101,fisher_rao,26,0.4549177289009094,-0.6010132431983948,0
digits,hub,0.3,corrupted,101,fisher_rao,27,-0.13314937055110931,-0.3810754418373108,1
digits,hub,0.3,corrupted,101,fisher_rao,28,-0.26418638229370117,-0.4031848609447479,7
digits,hub,0.3,corrupted,101,fisher_rao,29,0.3093984127044678,-0.770971953868866,5
digits,hub,0.3,corrupted,101,fisher_rao,30,0.04046851024031639,-0.4388577342033386,1
digits,hub,0.3,corrupted,101,fisher_rao,31,0.8028236627578735,-0.6582363247871399,6
digits,hub,0.3,corrupted,101,fisher_rao,32,-2.126227617263794,-0.2263597697019577,1
digits,hub,0.3,corrupted,101,fisher_rao,33,0.9140733480453491,-0.403205543756485,6
digits,hub,0.3,corrupted,101,fisher_rao,34,0.39799273014068604,-1.0459351539611816,9
digits,hub,0.3,corrupted,101,fisher_rao,35,-0.020200124010443687,-1.1521128416061401,3
digits,hub,0.3,corrupted,101,fisher_rao,36,0.1020435318350792,-1.1530179977416992,3
digits,hub,0.3,corrupted,101,fisher_rao,37,0.37386444211006165,-1.6174757480621338,2
digits,hub,0.3,corrupted,101,fisher_rao,38,-0.04831356555223465,-1.2494351863861084,8
digits,hub,0.3,corrupted,101,fisher_rao,39,4.573657512664795,4.7602972984313965,4
digits,hub,0.3,corrupted,101,fisher_rao,40,-0.25614815950393677,-0.9827367663383484,2
digits,hub,0.3,corrupted,101,fisher_rao,41,0.5469282269477844,-0.36064615845680237,6
digits,hub,0.3,corrupted,101,fisher_rao,42,0.6625500917434692,-0.7125607132911682,0
digits,hub,0.3,corrupted,101,fisher_rao,43,0.7037028074264526,-0.12484840303659439,4
digits,hub,0.3,corrupted,101,fisher_rao,44,0.10146158188581467,-0.2641087770462036,8
digits,hub,0.3,corrupted,101,fisher_rao,45,-0.3034304678440094,-1.680020809173584,2
digits,hub,0.3,corrupted,101,fisher_rao,46,-0.3847472369670868,-0.42042532563209534,7
digits,hub,0.3,corrupted,101,fisher_rao,47,0.08205632120370865,-0.6559149622917175,8
digits,hub,0.3,corrupted,101,fisher_rao,48,0.1530367136001587,-0.7320544719696045,8
digits,hub,0.3,corrupted,101,fisher_rao,49,0.18472075462341309,-0.8340697884559631,5
digits,hub,0.3,corrupted,101,fisher_rao,50,-0.2722938060760498,-0.4449820816516876,1
digits,hub,0.3,corrupted,101,fisher_rao,51,-0.1853182464838028,-0.5599925518035889,7
digits,hub,0.3,corrupted,101,fisher_rao,52,-0.39108967781066895,-0.7665231823921204,4
digits,hub,0.3,corrupted,101,fisher_rao,53,-0.10123150050640106,-0.5589887499809265,8
digits,hub,0.3,corrupted,101,fisher_rao,54,-0.2974587082862854,-0.12270589917898178,7
digits,hub,0.3,corrupted,101,fisher_rao,55,0.15972548723220825,-0.33400166034698486,8
digits,hub,0.3,corrupted,101,fisher_rao,56,0.7105488181114197,-0.5733238458633423,6
digits,hub,0.3,corrupted,101,fisher_rao,57,0.0342879593372345,-0.852162778377533,9
digits,hub,0.3,corrupted,101,fisher_rao,58,0.11773041635751724,-0.9320709705352783,3
digits,hub,0.3,corrupted,101,fisher_rao,59,-0.4161975085735321,-0.5053932070732117,7
digits,hub,0.3,corrupted,101,fisher_rao,60,0.5912145376205444,-0.5661999583244324,6
digits,hub,0.3,corrupted,101,fisher_rao,61,0.015654508024454117,-0.6337680220603943,8
digits,hub,0.3,corrupted,101,fisher_rao,62,-0.18899491429328918,-0.5081073045730591,1
digits,hub,0.3,corrupted,101,fisher_rao,63,-0.2207215577363968,-0.6574980020523071,8
digits,hub,0.3,corrupted,101,fisher_rao,64,0.18533042073249817,-0.9265069365501404,9
digits,hub,0.3,corrupted,101,fisher_rao,65,0.053730275481939316,-0.660213053226471,8
digits,hub,0.3,corrupted,101,fisher_rao,66,0.5933248400688171,-0.6677905917167664,0
digits,hub,0.3,corrupted,101,fisher_rao,67,-0.1938730925321579,-1.6752939224243164,2
digits,hub,0.3,corrupted,101,fisher_rao,68,0.6023240685462952,0.28761351108551025,4
digits,hub,0.3,corrupted,101,fisher_rao,69,-0.6086214184761047,0.19976617395877838,7
digits,hub,0.3,corrupted,101,fisher_rao,70,0.5069864392280579,-0.5601314902305603,0
digits,hub,0.3,corrupted,101,fisher_rao,71,-0.019352629780769348,-1.1349748373031616,3
digits,hub,0.3,corrupted,101,fisher_rao,72,-0.5403769612312317,0.5556781888008118,7
digits,hub,0.3,corrupted,101,fisher_rao,73,0.43593451380729675,-0.6598705053329468,0
digits,hub,0.3,corrupted,101,fisher_rao,74,0.00202958844602108,-0.8436964750289917,9
digits,hub,0.3,corrupted,101,fisher_rao,75,-0.681713879108429,0.2747161090373993,7
digits,hub,0.3,corrupted,101,fisher_rao,76,-0.7385121583938599,-0.9375703930854797,2
digits,hub,0.3,corrupted,101,fisher_rao,77,-0.07303757965564728,-0.09654779732227325,1
digits,hub,0.3,corrupted,101,fisher_rao,78,-0.13088557124137878,-1.0997569561004639,2
digits,hub,0.3,corrupted,101,fisher_rao,79,-0.0003242009552195668,0.09493476152420044,1
digits,hub,0.3,corrupted,101,fisher_rao,80,0.12347663938999176,-0.2533421814441681,1
digits,hub,0.3,corrupted,101,fisher_rao,81,0.3983747065067291,-0.3980886936187744,6
digits,hub,0.3,corrupted,101,fisher_rao,82,0.4373209774494171,-1.2767037153244019,5
digits,hub,0.3,corrupted,101,fisher_rao,83,-0.00835590623319149,-0.863106906414032,2
digits,hub,0.3,corrupted,101,fisher_rao,84,0.5515913367271423,-0.6683398485183716,0
digits,hub,0.3,corrupted,101,fisher_rao,85,0.13153542578220367,-0.999617338180542,3
digits,hub,0.3,corrupted,101,fisher_rao,86,0.15064360201358795,-0.6835068464279175,8
digits,hub,0.3,corrupted,101,fisher_rao,87,0.2715705633163452,-1.0171979665756226,9
digits,hub,0.3,corrupted,101,fisher_rao,88,0.661522388458252,-0.6649369597434998,6
digits,hub,0.3,corrupted,101,fisher_rao,89,-3.5236053466796875,-3.584563732147217,6
digits,hub,0.3,corrupted,101,fisher_rao,90,-0.08320445567369461,-0.7423027157783508,2
digits,hub,0.3,corrupted,101,fisher_rao,91,0.3689141869544983,-0.5977584719657898,0
digits,hub,0.3,corrupted,101,fisher_rao,92,0.22596079111099243,-0.8463488817214966,9
digits,hub,0.3,corrupted,101,fisher_rao,93,-0.13556861877441406,-0.47935640811920166,1
digits,hub,0.3,corrupted,101,fisher_rao,94,0.3323957026004791,-0.9588161706924438,9
digits,hub,0.3,corrupted,101,fisher_rao,95,0.6005757451057434,-0.7864758968353271,0
digits,hub,0.3,corrupted,101,fisher_rao,96,0.25504961609840393,-1.0115387439727783,9
digits,hub,0.3,corrupted,101,fisher_rao,97,0.002409767359495163,-0.6506702303886414,2
digits,hub,0.3,corrupted,101,fisher_rao,98,0.5456749200820923,-0.007425702642649412,4
digits,hub,0.3,corrupted,101,fisher_rao,99,-0.5204606056213379,-0.7092574834823608,7
digits,hub,0.3,corrupted,101,fisher_rao,100,-0.6051611304283142,-1.2217473983764648,8
digits,hub,0.3,corrupted,101,fisher_rao,101,-0.2723619341850281,-0.25462788343429565,7
digits,hub,0.3,corrupted,101,fisher_rao,102,-0.19634129106998444,-1.4408684968948364,2
digits,hub,0.3,corrupted,101,fisher_rao,103,0.833152711391449,-0.4653320610523224,6
digits,hub,0.3,corrupted,101,fisher_rao,104,0.38114339113235474,-0.18574807047843933,4
digits,hub,0.3,corrupted,101,fisher_rao,105,0.3085651993751526,-0.8009325861930847,8
digits,hub,0.3,corrupted,101,fisher_rao,106,0.4588454067707062,-0.5133926868438721,0
digits,hub,0.3,corrupted,101,fisher_rao,107,0.061407484114170074,-0.7353873252868652,3
digits,hub,0.3,corrupted,101,fisher_rao,108,0.3100399672985077,-1.0022575855255127,9
digits,hub,0.3,corrupted,101,fisher_rao,109,0.47259125113487244,-0.16986781358718872,5
digits,hub,0.3,corrupted,101,fisher_rao,110,-0.10026762634515762,-0.9383230209350586,2
digits,hub,0.3,corrupted,101,fisher_rao,111,2.9305920600891113,-2.0735244750976562,4
digits,hub,0.3,corrupted,101,fisher_rao,112,-0.11732630431652069,-1.158517599105835,2
digits,hub,0.3,corrupted,101,fisher_rao,113,0.02639414370059967,-0.6094280481338501,5
digits,hub,0.3,corrupted,101,fisher_rao,114,0.6176556348800659,-0.7367303967475891,0
digits,hub,0.3,corrupted,101,fisher_rao,115,-0.13399817049503326,-0.1351577788591385,7
digits,hub,0.3,corrupted,101,fisher_rao,116,-0.29011017084121704,-1.3638312816619873,2
digits,hub,0.3,corrupted,101,fisher_rao,117,0.2822553217411041,-0.39110124111175537,6
digits,hub,0.3,corrupted,101,fisher_rao,118,0.3800816237926483,-1.3570888042449951,2
digits,hub,0.3,corrupted,101,fisher_rao,119,0.14377520978450775,-0.43850913643836975,8
digits,hub,0.3,corrupted,101,fisher_rao,120,0.15219205617904663,-0.6087693572044373,8
digits,hub,0.3,corrupted,101,fisher_rao,121,0.16381318867206573,-0.4540080726146698,8
digits,hub,0.3,corrupted,101,fisher_rao,122,0.5336161851882935,-0.4503524601459503,6
digits,hub,0.3,corrupted,101,fisher_rao,123,0.44715943932533264,0.251840740442276,4
digits,hub,0.3,corrupted,101,fisher_rao,124,0.03283916041254997,-0.46942830085754395,1
digits,hub,0.3,corrupted,101,fisher_rao,125,0.6520489454269409,-0.5144567489624023,6
digits,hub,0.3,corrupted,101,fisher_rao,126,-0.46544280648231506,-0.525494396686554,7
digits,hub,0.3,corrupted,101,fisher_rao,127,-3.818413257598877,3.443676471710205,3
digits,hub,0.3,corrupted,101,fisher_rao,128,0.34014761447906494,-0.746857762336731,9
digits,hub,0.3,corrupted,101,fisher_rao,129,-0.024037687107920647,-0.04588904231786728,9
digits,hub,0.3,corrupted,101,fisher_rao,130,0.10552515834569931,-0.9911165237426758,3
digits,hub,0.3,corrupted,101,fisher_rao,131,0.3296715021133423,-0.947153627872467,5
digits,hub,0.3,corrupted,101,fisher_rao,132,0.2945875823497772,-0.81862473487854,9
digits,hub,0.3,corrupted,101,fisher_rao,133,0.5544516444206238,-0.7036342620849609,0
digits,hub,0.3,corrupted,101,fisher_rao,134,0.278369665145874,-1.0761929750442505,3
digits,hub,0.3,corrupted,101,fisher_rao,135,0.5063051581382751,-0.564586877822876,0
digits,hub,0.3,corrupted,101,fisher_rao,136,0.1378221958875656,0.03464402258396149,4
digits,hub,0.3,corrupted,101,fisher_rao,137,-2.0802290439605713,-3.1785221099853516,4
digits,hub,0.3,corrupted,101,fisher_rao,138,0.03282633051276207,-0.4116007387638092,1
digits,hub,0.3,corrupted,101,fisher_rao,139,-0.1278933733701706,-1.145981788635254,2
digits,hub,0.3,corrupted,101,fisher_rao,140,-0.20719563961029053,-1.9265385866165161,2
digits,hub,0.3,corrupted,101,fisher_rao,141,0.05791793391108513,-0.6346126198768616,5
digits,hub,0.3,corrupted,101,fisher_rao,142,-0.32300865650177,-0.5439763069152832,7
digits,hub,0.3,corrupted,101,fisher_rao,143,0.88336580991745,-0.9534393548965454,0
digits,hub,0.3,corrupted,101,fisher_rao,144,-0.2847728133201599,-0.49097761511802673,7
digits,hub,0.3,corrupted,101,fisher_rao,145,0.5964751243591309,-0.5807310342788696,6
digits,hub,0.3,corrupted,101,fisher_rao,146,-0.09805261343717575,-1.1403396129608154,2
digits,hub,0.3,corrupted,101,fisher_rao,147,0.5978337526321411,-0.07609223574399948,4
digits,hub,0.3,corrupted,101,fisher_rao,148,-0.1650482714176178,0.466562420129776,9
digits,hub,0.3,corrupted,101,fisher_rao,149,-0.7621759176254272,-1.6513066291809082,5
digits,hub,0.3,corrupted,101,fisher_rao,150,0.987934947013855,0.02313418872654438,4
digits,hub,0.3,corrupted,101,fisher_rao,151,-0.07266264408826828,-0.41775181889533997,1
digits,hub,0.3,corrupted,101,fisher_rao,152,-0.22837461531162262,-0.4247995913028717,1
digits,hub,0.3,corrupted,101,fisher_rao,153,1.3424533605575562,-1.7379019260406494,1
digits,hub,0.3,corrupted,101,fisher_rao,154,-0.05817050114274025,-1.2170268297195435,2
digits,hub,0.3,corrupted,101,fisher_rao,155,0.4208596646785736,-0.5527534484863281,6
digits,hub,0.3,corrupted,101,fisher_rao,156,-0.027905669063329697,0.46098169684410095,9
digits,hub,0.3,corrupted,101,fisher_rao,157,0.12873226404190063,-0.4275968670845032,8
digits,hub,0.3,corrupted,101,fisher_rao,158,0.29303571581840515,-0.5002582669258118,5
digits,hub,0.3,corrupted,101,fisher_rao,159,0.16714994609355927,-0.6343991160392761,9
digits,hub,0.3,corrupted,101,fisher_rao,160,0.21040458977222443,-0.2877155840396881,6
digits,hub,0.3,corrupted,101,fisher_rao,161,-0.6540785431861877,0.12872545421123505,7
digits,hub,0.3,corrupted,101,fisher_rao,162,-0.08951574563980103,-0.02494298294186592,1
digits,hub,0.3,corrupted,101,fisher_rao,163,-0.22113877534866333,-0.5300140976905823,7
digits,hub,0.3,corrupted,101,fisher_rao,164,0.2355043590068817,-0.031715117394924164,4
digits,hub,0.3,corrupted,101,fisher_rao,165,0.07650633156299591,-0.9023070931434631,3
digits,hub,0.3,corrupted,101,fisher_rao,166,0.2881971597671509,0.09986331313848495,4
digits,hub,0.3,corrupted,101,fisher_rao,167,0.30838361382484436,-0.8053235411643982,9
digits,hub,0.3,corrupted,101,fisher_rao,168,2.0887911319732666,-0.750175416469574,6
digits,hub,0.3,corrupted,101,fisher_rao,169,0.5299203395843506,0.02454780414700508,4
digits,hub,0.3,corrupted,101,fisher_rao,170,0.1965508759021759,-0.6623912453651428,7
digits,hub,0.3,corrupted,101,fisher_rao,171,0.39560675621032715,-0.47877180576324463,0
digits,hub,0.3,corrupted,101,fisher_rao,172,-0.9330956339836121,0.012258094735443592,7
digits,hub,0.3,corrupted,101,fisher_rao,173,-0.2293999344110489,-0.50270676612854,1
digits,hub,0.3,corrupted,101,fisher_rao,174,0.07427173107862473,-0.26515424251556396,5
digits,hub,0.3,corrupted,101,fisher_rao,175,-0.48341095447540283,-0.6361694931983948,7
digits,hub,0.3,corrupted,101,fisher_rao,176,-0.18802444636821747,-1.2292096614837646,2
digits,hub,0.3,corrupted,101,fisher_rao,177,0.052533552050590515,-0.7879215478897095,3
digits,hub,0.3,corrupted,101,fisher_rao,178,-0.019968338310718536,0.17560932040214539,1
digits,hub,0.3,corrupted,101,fisher_rao,179,0.1757388561964035,0.39420396089553833,1
digits,hub,0.3,corrupted,101,fisher_rao,180,-0.0919012650847435,-1.2235193252563477,2
digits,hub,0.3,corrupted,101,fisher_rao,181,0.5827939510345459,-0.7725276947021484,0
digits,hub,0.3,corrupted,101,fisher_rao,182,0.6018625497817993,-0.7091826796531677,0
digits,hub,0.3,corrupted,101,fisher_rao,183,0.0687909722328186,-0.5898470878601074,8
digits,hub,0.3,corrupted,101,fisher_rao,184,1.2433913946151733,-1.958929419517517,1
digits,hub,0.3,corrupted,101,fisher_rao,185,0.796887218952179,-0.17638391256332397,4
digits,hub,0.3,corrupted,101,fisher_rao,186,0.6609993577003479,-0.6091328263282776,6
digits,hub,0.3,corrupted,101,fisher_rao,187,0.7046722769737244,0.035947881639003754,4
digits,hub,0.3,corrupted,101,fisher_rao,188,0.3323686718940735,-1.1638245582580566,3
digits,hub,0.3,corrupted,101,fisher_rao,189,-0.13344161212444305,0.6139146089553833,9
digits,hub,0.3,corrupted,101,fisher_rao,190,-0.1604793816804886,-0.4970412254333496,1
digits,hub,0.3,corrupted,101,fisher_rao,191,0.22092291712760925,-0.31015700101852417,8
digits,hub,0.3,corrupted,101,fisher_rao,192,0.23688967525959015,-1.1221548318862915,9
digits,hub,0.3,corrupted,101,fisher_rao,193,-0.20152930915355682,-0.4506584405899048,1
digits,hub,0.3,corrupted,101,fisher_rao,194,0.020525027066469193,-0.44433847069740295,8
digits,hub,0.3,corrupted,101,fisher_rao,195,0.04910637065768242,-0.45337793231010437,8
digits,hub,0.3,corrupted,101,fisher_rao,196,-0.21871232986450195,-0.5040874481201172,1
digits,hub,0.3,corrupted,101,fisher_rao,197,0.633381724357605,-0.6098127961158752,6
digits,hub,0.3,corrupted,101,fisher_rao,198,-0.3713451623916626,-0.7292806506156921,5
digits,hub,0.3,corrupted,101,fisher_rao,199,0.3717920184135437,-0.5993998646736145,0
digits,hub,0.3,corrupted,101,fisher_rao,200,-0.45386284589767456,-0.16433744132518768,7
digits,hub,0.3,corrupted,101,fisher_rao,201,0.6271951794624329,-0.6199760437011719,6
digits,hub,0.3,corrupted,101,fisher_rao,202,0.02434409223496914,-0.5361887812614441,1
digits,hub,0.3,corrupted,101,fisher_rao,203,-0.006215030327439308,-0.5270450711250305,8
digits,hub,0.3,corrupted,101,fisher_rao,204,0.4849633276462555,-0.7472706437110901,0
digits,hub,0.3,corrupted,101,fisher_rao,205,0.6886019706726074,-0.6011424660682678,6
digits,hub,0.3,corrupted,101,fisher_rao,206,-0.013114838860929012,0.2024724930524826,9
digits,hub,0.3,corrupted,101,fisher_rao,207,0.035901814699172974,-1.3195122480392456,2
digits,hub,0.3,corrupted,101,fisher_rao,208,0.3952745497226715,-0.37658604979515076,6
digits,hub,0.3,corrupted,101,fisher_rao,209,0.2876085638999939,-1.0143834352493286,9
digits,hub,0.3,corrupted,101,fisher_rao,210,-0.7800104022026062,1.1330819129943848,7
digits,hub,0.3,corrupted,101,fisher_rao,211,0.187061607837677,-0.7363017201423645,8
digits,hub,0.3,corrupted,101,fisher_rao,212,0.000405319151468575,-1.0489716529846191,2
digits,hub,0.3,corrupted,101,fisher_rao,213,0.050610389560461044,-0.8910313248634338,8
digits,hub,0.3,corrupted,101,fisher_rao,214,-0.032719459384679794,-0.9371747970581055,3
digits,hub,0.3,corrupted,101,fisher_rao,215,0.5702470541000366,-0.6382173299789429,0
digits,hub,0.3,corrupted,101,fisher_rao,216,0.259740948677063,-0.038488030433654785,4
digits,hub,0.3,corrupted,101,fisher_rao,217,0.4542328715324402,-0.6877273917198181,0
digits,hub,0.3,corrupted,101,fisher_rao,218,0.9943380355834961,0.03288592770695686,4
digits,hub,0.3,corrupted,101,fisher_rao,219,-0.0677669569849968,0.0005492245545610785,1
digits,hub,0.3,corrupted,101,fisher_rao,220,-0.5328748226165771,-0.920490026473999,4
digits,hub,0.3,corrupted,101,fisher_rao,221,0.22862520813941956,-0.9895858764648438,8
digits,hub,0.3,corrupted,101,fisher_rao,222,-0.15943583846092224,-0.33330485224723816,7
digits,hub,0.3,corrupted,101,fisher_rao,223,-0.1431325078010559,-0.4311985373497009,1
digits,hub,0.3,corrupted,101,fisher_rao,224,-0.6522436141967773,-1.1404558420181274,3
digits,hub,0.3,corrupted,101,fisher_rao,225,0.051043979823589325,-0.9334486722946167,3
digits,hub,0.3,corrupted,101,fisher_rao,226,-0.6420272588729858,2.32492995262146,4
digits,hub,0.3,corrupted,101,fisher_rao,227,-0.19384390115737915,-1.423461675643921,2
digits,hub,0.3,corrupted,101,fisher_rao,228,-0.004713544622063637,-0.29733729362487793,8
digits,hub,0.3,corrupted,101,fisher_rao,229,-0.4955691993236542,-0.1328383982181549,7
digits,hub,0.3,corrupted,101,fisher_rao,230,0.04685615748167038,-0.022128311917185783,1
digits,hub,0.3,corrupted,101,fisher_rao,231,0.20808841288089752,-0.595335066318512,5
digits,hub,0.3,corrupted,101,fisher_rao,232,0.7106323838233948,-0.8092812299728394,0
digits,hub,0.3,corrupted,101,fisher_rao,233,-0.33062294125556946,-0.3499658703804016,3
digits,hub,0.3,corrupted,101,fisher_rao,234,-0.5051135420799255,-0.7623831033706665,7
digits,hub,0.3,corrupted,101,fisher_rao,235,-0.43669500946998596,-0.4850549101829529,7
digits,hub,0.3,corrupted,101,fisher_rao,236,-0.1303032636642456,-1.8864619731903076,3
digits,hub,0.3,corrupted,101,fisher_rao,237,0.38702982664108276,-0.7887133955955505,9
digits,hub,0.3,corrupted,101,fisher_rao,238,-0.5097911953926086,-0.6609978079795837,5
digits,hub,0.3,corrupted,101,fisher_rao,239,0.33603835105895996,-0.2977796494960785,4
digits,hub,0.3,corrupted,101,fisher_rao,240,-0.24131982028484344,-0.7590447664260864,8
digits,hub,0.3,corrupted,101,fisher_rao,241,0.20118343830108643,-0.518831193447113,5
digits,hub,0.3,corrupted,101,fisher_rao,242,-0.24277666211128235,-0.5828254818916321,3
digits,hub,0.3,corrupted,101,fisher_rao,243,-0.07212880998849869,-0.5658735036849976,8
digits,hub,0.3,corrupted,101,fisher_rao,244,0.7343547344207764,-0.6458548307418823,6
digits,hub,0.3,corrupted,101,fisher_rao,245,0.02880137972533703,-0.14071349799633026,2
digits,hub,0.3,corrupted,101,fisher_rao,246,-0.06459333002567291,0.32101109623908997,7
digits,hub,0.3,corrupted,101,fisher_rao,247,-0.356271892786026,-1.7484710216522217,2
digits,hub,0.3,corrupted,101,fisher_rao,248,0.5357839465141296,-0.49090081453323364,6
digits,hub,0.3,corrupted,101,fisher_rao,249,0.47517120838165283,-1.494402289390564,2
digits,hub,0.3,corrupted,101,fisher_rao,250,-0.04513029381632805,-0.9482029676437378,3
digits,hub,0.3,corrupted,101,fisher_rao,251,0.34976381063461304,-0.5404821634292603,6
digits,hub,0.3,corrupted,101,fisher_rao,252,-0.3026452660560608,-0.6863850355148315,5
digits,hub,0.3,corrupted,101,fisher_rao,253,0.49440765380859375,-0.5324679613113403,0
digits,hub,0.3,corrupted,101,fisher_rao,254,-0.8693832755088806,-0.5512474775314331,7
digits,hub,0.3,corrupted,101,fisher_rao,255,0.453673779964447,-0.6187149286270142,0
digits,hub,0.3,corrupted,101,fisher_rao,256,0.2437455952167511,-0.8260274529457092,9
digits,hub,0.3,corrupted,101,fisher_rao,257,0.5234851837158203,0.07336057722568512,6
digits,hub,0.3,corrupted,101,fisher_rao,258,0.6779589653015137,-1.6887587308883667,2
digits,hub,0.3,corrupted,101,fisher_rao,259,0.35669970512390137,-0.23203131556510925,4
digits,hub,0.3,corrupted,101,fisher_rao,260,-0.0059080058708786964,-0.5408057570457458,9
digits,hub,0.3,corrupted,101,fisher_rao,261,-0.20053929090499878,-0.46082544326782227,1
digits,hub,0.3,corrupted,101,fisher_rao,262,0.2809085249900818,-0.26457077264785767,5
digits,hub,0.3,corrupted,101,fisher_rao,263,0.687616229057312,-0.5080423951148987,6
digits,hub,0.3,corrupted,101,fisher_rao,264,-0.17779451608657837,-0.47135674953460693,1
digits,hub,0.3,corrupted,101,fisher_rao,265,-0.3272841274738312,-2.826443910598755,2
digits,hub,0.3,corrupted,101,fisher_rao,266,-0.01200221199542284,-0.3746025562286377,8
digits,hub,0.3,corrupted,101,fisher_rao,267,-2.775198459625244,-0.40249279141426086,7
digits,hub,0.3,corrupted,101,fisher_rao,268,0.8009821176528931,-0.7462977766990662,6
digits,hub,0.3,corrupted,101,fisher_rao,269,-0.3380848169326782,-0.6611757278442383,7
digits,hub,0.3,corrupted,101,fisher_rao,270,0.5824235081672668,-0.44261276721954346,6
digits,hub,0.3,corrupted,101,fisher_rao,271,-0.15885420143604279,-0.7062309384346008,2
digits,hub,0.3,corrupted,101,fisher_rao,272,0.19806191325187683,-0.9885210990905762,3
digits,hub,0.3,corrupted,101,fisher_rao,273,0.03588784858584404,-0.5062844753265381,8
digits,hub,0.3,corrupted,101,fisher_rao,274,0.3121866285800934,-0.9069880843162537,9
digits,hub,0.3,corrupted,101,fisher_rao,275,0.5031879544258118,-0.743449866771698,0
digits,hub,0.3,corrupted,101,fisher_rao,276,0.6117236614227295,-1.378907322883606,9
digits,hub,0.3,corrupted,101,fisher_rao,277,0.5676181316375732,-0.5844760537147522,6
digits,hub,0.3,corrupted,101,fisher_rao,278,-0.6113104820251465,-0.5802597403526306,7
digits,hub,0.3,corrupted,101,fisher_rao,279,0.6335541009902954,-0.669401228427887,6
digits,hub,0.3,corrupted,101,fisher_rao,280,0.47701144218444824,-0.5289636254310608,6
digits,hub,0.3,corrupted,101,fisher_rao,281,0.2929597496986389,-0.8184506893157959,9
digits,hub,0.3,corrupted,101,fisher_rao,282,-0.6361653804779053,-0.43079742789268494,7
digits,hub,0.3,corrupted,101,fisher_rao,283,0.2966389060020447,-1.0987765789031982,9
digits,hub,0.3,corrupted,101,fisher_rao,284,0.02267327718436718,-0.91600102186203,2
digits,hub,0.3,corrupted,101,fisher_rao,285,-0.9150024652481079,-0.8726884126663208,7
digits,hub,0.3,corrupted,101,fisher_rao,286,0.525679886341095,0.32141533493995667,1
digits,hub,0.3,corrupted,101,fisher_rao,287,0.13958629965782166,-1.179348349571228,3
digits,hub,0.3,corrupted,101,fisher_rao,288,0.17368823289871216,-1.1951591968536377,3
digits,hub,0.3,corrupted,101,fisher_rao,289,0.2756262719631195,-0.9101868867874146,9
digits,hub,0.3,corrupted,101,fisher_rao,290,-0.5478783845901489,-0.5462439656257629,7
digits,hub,0.3,corrupted,101,fisher_rao,291,-0.3036072850227356,-0.4680060148239136,7
digits,hub,0.3,corrupted,101,fisher_rao,292,0.174030601978302,-0.9759913682937622,3
digits,hub,0.3,corrupted,101,fisher_rao,293,0.5594503283500671,-0.5789971947669983,0
digits,hub,0.3,corrupted,101,fisher_rao,294,0.5799829363822937,-0.8296617865562439,0
digits,hub,0.3,corrupted,101,fisher_rao,295,0.20536795258522034,-0.8749213218688965,3
digits,hub,0.3,corrupted,101,fisher_rao,296,3.8617055416107178,3.7841994762420654,4
digits,hub,0.3,corrupted,101,fisher_rao,297,0.4661259055137634,0.07194233685731888,4
digits,hub,0.3,corrupted,101,fisher_rao,298,0.32848086953163147,-1.1031990051269531,9
digits,hub,0.3,corrupted,101,fisher_rao,299,-0.7165931463241577,-1.2621898651123047,5
