condition,seed,step,fr_rd_to_final,final_test_acc
clean,0,10,2.0089988708496094,0.8939999938011169
clean,0,20,1.207055687904358,0.8939999938011169
clean,0,30,0.7196679711341858,0.8939999938011169
clean,0,40,0.48444947600364685,0.8939999938011169
clean,0,50,0.37146541476249695,0.8939999938011169
clean,0,60,0.3034977912902832,0.8939999938011169
clean,0,70,0.2456226348876953,0.8939999938011169
clean,0,80,0.1962321400642395,0.8939999938011169
clean,0,90,0.15745404362678528,0.8939999938011169
clean,0,100,0.12671034038066864,0.8939999938011169
clean,0,110,0.10228735208511353,0.8939999938011169
clean,0,120,0.08334238082170486,0.8939999938011169
clean,0,130,0.06863671541213989,0.8939999938011169
clean,0,140,0.057207703590393066,0.8939999938011169
clean,0,150,0.04815327376127243,0.8939999938011169
clean,0,160,0.040845368057489395,0.8939999938011169
clean,0,170,0.03479592874646187,0.8939999938011169
clean,0,180,0.029706232249736786,0.8939999938011169
clean,0,190,0.025345154106616974,0.8939999938011169
clean,0,200,0.021564926952123642,0.8939999938011169
clean,0,210,0.01825088821351528,0.8939999938011169
clean,0,220,0.015308314003050327,0.8939999938011169
clean,0,230,0.012676207348704338,0.8939999938011169
clean,0,240,0.010315735824406147,0.8939999938011169
clean,0,250,0.0081883380189538,0.8939999938011169
clean,0,260,0.006261367816478014,0.8939999938011169
clean,0,270,0.004502942319959402,0.8939999938011169
clean,0,280,0.0028886166401207447,0.8939999938011169
clean,0,290,0.0014056740328669548,0.8939999938011169
clean,0,300,0.00012563768541440368,0.8939999938011169
clean,1,10,2.001983404159546,0.8920000195503235
clean,1,20,1.1682963371276855,0.8920000195503235
clean,1,30,0.6791092753410339,0.8920000195503235
clean,1,40,0.48028773069381714,0.8920000195503235
clean,1,50,0.3732932209968567,0.8920000195503235
clean,1,60,0.3067176043987274,0.8920000195503235
clean,1,70,0.24793821573257446,0.8920000195503235
clean,1,80,0.196506530046463,0.8920000195503235
clean,1,90,0.15475930273532867,0.8920000195503235
clean,1,100,0.12196339666843414,0.8920000195503235
clean,1,110,0.0972469300031662,0.8920000195503235
clean,1,120,0.07876361906528473,0.8920000195503235
clean,1,130,0.064813993871212,0.8920000195503235
clean,1,140,0.05406663939356804,0.8920000195503235
clean,1,150,0.045594893395900726,0.8920000195503235
clean,1,160,0.03873269259929657,0.8920000195503235
clean,1,170,0.033054154366254807,0.8920000195503235
clean,1,180,0.028263594955205917,0.8920000195503235
clean,1,190,0.024152178317308426,0.8920000195503235
clean,1,200,0.020583631470799446,0.8920000195503235
clean,1,210,0.017440304160118103,0.8920000195503235
clean,1,220,0.01465272530913353,0.8920000195503235
clean,1,230,0.012155452743172646,0.8920000195503235
clean,1,240,0.009902686811983585,0.8920000195503235
clean,1,250,0.007871941663324833,0.8920000195503235
clean,1,260,0.006019331514835358,0.8920000195503235
clean,1,270,0.004327071364969015,0.8920000195503235
clean,1,280,0.0027730725705623627,0.8920000195503235
clean,1,290,0.0013445140793919563,0.8920000195503235
clean,1,300,0.0001266932231374085,0.8920000195503235
clean,2,10,2.0139050483703613,0.8859999775886536
clean,2,20,1.1954864263534546,0.8859999775886536
clean,2,30,0.7243219614028931,0.8859999775886536
clean,2,40,0.5052670240402222,0.8859999775886536
clean,2,50,0.387760728597641,0.8859999775886536
clean,2,60,0.31613823771476746,0.8859999775886536
clean,2,70,0.25590449571609497,0.8859999775886536
clean,2,80,0.20275886356830597,0.8859999775886536
clean,2,90,0.16011853516101837,0.8859999775886536
clean,2,100,0.1268656998872757,0.8859999775886536
clean,2,110,0.10143684595823288,0.8859999775886536
clean,2,120,0.08229677379131317,0.8859999775886536
clean,2,130,0.06781666725873947,0.8859999775886536
clean,2,140,0.05656406283378601,0.8859999775886536
clean,2,150,0.04764687642455101,0.8859999775886536
clean,2,160,0.04033924266695976,0.8859999775886536
clean,2,170,0.03429437428712845,0.8859999775886536
clean,2,180,0.029231078922748566,0.8859999775886536
clean,2,190,0.02491391822695732,0.8859999775886536
clean,2,200,0.021170319989323616,0.8859999775886536
clean,2,210,0.017894010990858078,0.8859999775886536
clean,2,220,0.01499693002551794,0.8859999775886536
clean,2,230,0.0124200489372015,0.8859999775886536
clean,2,240,0.010116161778569221,0.8859999775886536
clean,2,250,0.008033220656216145,0.8859999775886536
clean,2,260,0.006143043749034405,0.8859999775886536
clean,2,270,0.004410215187817812,0.8859999775886536
clean,2,280,0.00282569439150393,0.8859999775886536
clean,2,290,0.0013744871830567718,0.8859999775886536
clean,2,300,0.0001305831247009337,0.8859999775886536
clean,3,10,1.9559801816940308,0.9020000100135803
clean,3,20,1.1898423433303833,0.9020000100135803
clean,3,30,0.7083790898323059,0.9020000100135803
clean,3,40,0.49076855182647705,0.9020000100135803
clean,3,50,0.3733264207839966,0.9020000100135803
clean,3,60,0.30408602952957153,0.9020000100135803
clean,3,70,0.2470194697380066,0.9020000100135803
clean,3,80,0.19729696214199066,0.9020000100135803
clean,3,90,0.1570948213338852,0.9020000100135803
clean,3,100,0.12559610605239868,0.9020000100135803
clean,3,110,0.10130007565021515,0.9020000100135803
clean,3,120,0.08263630419969559,0.9020000100135803
clean,3,130,0.06828165054321289,0.9020000100135803
clean,3,140,0.057003479450941086,0.9020000100135803
clean,3,150,0.04806148633360863,0.9020000100135803
clean,3,160,0.04078108072280884,0.9020000100135803
clean,3,170,0.034761279821395874,0.9020000100135803
clean,3,180,0.02969047799706459,0.9020000100135803
clean,3,190,0.025341304019093513,0.9020000100135803
clean,3,200,0.02157025970518589,0.9020000100135803
clean,3,210,0.018253548070788383,0.9020000100135803
clean,3,220,0.015317224897444248,0.9020000100135803
clean,3,230,0.012698451988399029,0.9020000100135803
clean,3,240,0.010342828929424286,0.9020000100135803
clean,3,250,0.008210716769099236,0.9020000100135803
clean,3,260,0.006277843378484249,0.9020000100135803
clean,3,270,0.004507408943027258,0.9020000100135803
clean,3,280,0.0028874059207737446,0.9020000100135803
clean,3,290,0.0014026268618181348,0.9020000100135803
clean,3,300,0.00011685142817441374,0.9020000100135803
clean,4,10,1.9741132259368896,0.8899999856948853
clean,4,20,1.1492090225219727,0.8899999856948853
clean,4,30,0.6900209784507751,0.8899999856948853
clean,4,40,0.4808977544307709,0.8899999856948853
clean,4,50,0.3715554177761078,0.8899999856948853
clean,4,60,0.3025525212287903,0.8899999856948853
clean,4,70,0.24440671503543854,0.8899999856948853
clean,4,80,0.19476556777954102,0.8899999856948853
clean,4,90,0.15544478595256805,0.8899999856948853
clean,4,100,0.12388043105602264,0.8899999856948853
clean,4,110,0.09997286647558212,0.8899999856948853
clean,4,120,0.0817657932639122,0.8899999856948853
clean,4,130,0.06780001521110535,0.8899999856948853
clean,4,140,0.05682273954153061,0.8899999856948853
clean,4,150,0.04803207516670227,0.8899999856948853
clean,4,160,0.04084966704249382,0.8899999856948853
clean,4,170,0.034869980067014694,0.8899999856948853
clean,4,180,0.029801860451698303,0.8899999856948853
clean,4,190,0.025462793186306953,0.8899999856948853
clean,4,200,0.021686017513275146,0.8899999856948853
clean,4,210,0.01836564391851425,0.8899999856948853
clean,4,220,0.015416743233799934,0.8899999856948853
clean,4,230,0.012782608158886433,0.8899999856948853
clean,4,240,0.010413415729999542,0.8899999856948853
clean,4,250,0.008275682106614113,0.8899999856948853
clean,4,260,0.006329879630357027,0.8899999856948853
clean,4,270,0.004546286538243294,0.8899999856948853
clean,4,280,0.002917936537414789,0.8899999856948853
clean,4,290,0.0014100439148023725,0.8899999856948853
clean,4,300,0.00011997857654932886,0.8899999856948853
clean,5,10,1.9365460872650146,0.8980000019073486
clean,5,20,1.1235228776931763,0.8980000019073486
clean,5,30,0.6759394407272339,0.8980000019073486
clean,5,40,0.47310909628868103,0.8980000019073486
clean,5,50,0.3684156537055969,0.8980000019073486
clean,5,60,0.3022679090499878,0.8980000019073486
clean,5,70,0.24439705908298492,0.8980000019073486
clean,5,80,0.1937650591135025,0.8980000019073486
clean,5,90,0.15305685997009277,0.8980000019073486
clean,5,100,0.1216796264052391,0.8980000019073486
clean,5,110,0.09786311537027359,0.8980000019073486
clean,5,120,0.07981280237436295,0.8980000019073486
clean,5,130,0.06597810983657837,0.8980000019073486
clean,5,140,0.055226072669029236,0.8980000019073486
clean,5,150,0.046664152294397354,0.8980000019073486
clean,5,160,0.039685990661382675,0.8980000019073486
clean,5,170,0.03388379141688347,0.8980000019073486
clean,5,180,0.02896835096180439,0.8980000019073486
clean,5,190,0.02474232390522957,0.8980000019073486
clean,5,200,0.0210721418261528,0.8980000019073486
clean,5,210,0.017839256674051285,0.8980000019073486
clean,5,220,0.014980483800172806,0.8980000019073486
clean,5,230,0.012421280145645142,0.8980000019073486
clean,5,240,0.01012306846678257,0.8980000019073486
clean,5,250,0.00804402306675911,0.8980000019073486
clean,5,260,0.006147615611553192,0.8980000019073486
clean,5,270,0.004425133112818003,0.8980000019073486
clean,5,280,0.00284288777038455,0.8980000019073486
clean,5,290,0.001388281467370689,0.8980000019073486
clean,5,300,0.0001321780146099627,0.8980000019073486
clean,6,10,1.9838186502456665,0.8859999775886536
clean,6,20,1.1668758392333984,0.8859999775886536
clean,6,30,0.6925724148750305,0.8859999775886536
clean,6,40,0.4766838252544403,0.8859999775886536
clean,6,50,0.37021443247795105,0.8859999775886536
clean,6,60,0.3055151700973511,0.8859999775886536
clean,6,70,0.25072425603866577,0.8859999775886536
clean,6,80,0.20228533446788788,0.8859999775886536
clean,6,90,0.16245678067207336,0.8859999775886536
clean,6,100,0.13056673109531403,0.8859999775886536
clean,6,110,0.10574886202812195,0.8859999775886536
clean,6,120,0.08681349456310272,0.8859999775886536
clean,6,130,0.07220663130283356,0.8859999775886536
clean,6,140,0.060766611248254776,0.8859999775886536
clean,6,150,0.05163045600056648,0.8859999775886536
clean,6,160,0.04415528476238251,0.8859999775886536
clean,6,170,0.03785819560289383,0.8859999775886536
clean,6,180,0.032512106001377106,0.8859999775886536
clean,6,190,0.027939941734075546,0.8859999775886536
clean,6,200,0.023926198482513428,0.8859999775886536
clean,6,210,0.02034507691860199,0.8859999775886536
clean,6,220,0.017143815755844116,0.8859999775886536
clean,6,230,0.014240143820643425,0.8859999775886536
clean,6,240,0.011599327437579632,0.8859999775886536
clean,6,250,0.00921020470559597,0.8859999775886536
clean,6,260,0.007035036105662584,0.8859999775886536
clean,6,270,0.005050655920058489,0.8859999775886536
clean,6,280,0.0032308378722518682,0.8859999775886536
clean,6,290,0.0015641929348930717,0.8859999775886536
clean,6,300,0.000123105724924244,0.8859999775886536
clean,7,10,2.0069804191589355,0.8920000195503235
clean,7,20,1.1529967784881592,0.8920000195503235
clean,7,30,0.674755871295929,0.8920000195503235
clean,7,40,0.46903887391090393,0.8920000195503235
clean,7,50,0.3661656081676483,0.8920000195503235
clean,7,60,0.29939356446266174,0.8920000195503235
clean,7,70,0.2434714287519455,0.8920000195503235
clean,7,80,0.19577069580554962,0.8920000195503235
clean,7,90,0.15595637261867523,0.8920000195503235
clean,7,100,0.1240687444806099,0.8920000195503235
clean,7,110,0.09976929426193237,0.8920000195503235
clean,7,120,0.08131463080644608,0.8920000195503235
clean,7,130,0.06711889058351517,0.8920000195503235
clean,7,140,0.055920787155628204,0.8920000195503235
clean,7,150,0.04701734334230423,0.8920000195503235
clean,7,160,0.039770226925611496,0.8920000195503235
clean,7,170,0.033764444291591644,0.8920000195503235
clean,7,180,0.0287094097584486,0.8920000195503235
clean,7,190,0.02440783753991127,0.8920000195503235
clean,7,200,0.02069111168384552,0.8920000195503235
clean,7,210,0.01744374819099903,0.8920000195503235
clean,7,220,0.014594287611544132,0.8920000195503235
clean,7,230,0.012064033187925816,0.8920000195503235
clean,7,240,0.009798475541174412,0.8920000195503235
clean,7,250,0.007762470282614231,0.8920000195503235
clean,7,260,0.0059211840853095055,0.8920000195503235
clean,7,270,0.004239992704242468,0.8920000195503235
clean,7,280,0.0027187189552932978,0.8920000195503235
clean,7,290,0.001316596637479961,0.8920000195503235
clean,7,300,0.00013244767615105957,0.8920000195503235
clean,8,10,2.033377170562744,0.8939999938011169
clean,8,20,1.171953797340393,0.8939999938011169
clean,8,30,0.6877966523170471,0.8939999938011169
clean,8,40,0.4819906949996948,0.8939999938011169
clean,8,50,0.3729957640171051,0.8939999938011169
clean,8,60,0.30834144353866577,0.8939999938011169
clean,8,70,0.2514224648475647,0.8939999938011169
clean,8,80,0.20078572630882263,0.8939999938011169
clean,8,90,0.1593696027994156,0.8939999938011169
clean,8,100,0.1264859437942505,0.8939999938011169
clean,8,110,0.10112222284078598,0.8939999938011169
clean,8,120,0.08195953071117401,0.8939999938011169
clean,8,130,0.06743678450584412,0.8939999938011169
clean,8,140,0.05626504123210907,0.8939999938011169
clean,8,150,0.04744160547852516,0.8939999938011169
clean,8,160,0.04029982537031174,0.8939999938011169
clean,8,170,0.034363001585006714,0.8939999938011169
clean,8,180,0.029349613934755325,0.8939999938011169
clean,8,190,0.02504809759557247,0.8939999938011169
clean,8,200,0.021314704790711403,0.8939999938011169
clean,8,210,0.01804068684577942,0.8939999938011169
clean,8,220,0.0151396868750453,0.8939999938011169
clean,8,230,0.01254995632916689,0.8939999938011169
clean,8,240,0.01021272037178278,0.8939999938011169
clean,8,250,0.008107731118798256,0.8939999938011169
clean,8,260,0.006200302857905626,0.8939999938011169
clean,8,270,0.004457202274352312,0.8939999938011169
clean,8,280,0.002854339312762022,0.8939999938011169
clean,8,290,0.0013886027736589313,0.8939999938011169
clean,8,300,0.00013037609460297972,0.8939999938011169
clean,9,10,2.0052456855773926,0.8920000195503235
clean,9,20,1.145200252532959,0.8920000195503235
clean,9,30,0.668891191482544,0.8920000195503235
clean,9,40,0.4677504003047943,0.8920000195503235
clean,9,50,0.36238589882850647,0.8920000195503235
clean,9,60,0.2942434251308441,0.8920000195503235
clean,9,70,0.23772263526916504,0.8920000195503235
clean,9,80,0.1880011409521103,0.8920000195503235
clean,9,90,0.14902174472808838,0.8920000195503235
clean,9,100,0.11885123699903488,0.8920000195503235
clean,9,110,0.09585148096084595,0.8920000195503235
clean,9,120,0.07858168333768845,0.8920000195503235
clean,9,130,0.06528493016958237,0.8920000195503235
clean,9,140,0.05486893653869629,0.8920000195503235
clean,9,150,0.04652853310108185,0.8920000195503235
clean,9,160,0.03968536853790283,0.8920000195503235
clean,9,170,0.03397548571228981,0.8920000195503235
clean,9,180,0.029113274067640305,0.8920000195503235
clean,9,190,0.024925166741013527,0.8920000195503235
clean,9,200,0.02126431092619896,0.8920000195503235
clean,9,210,0.01803404651582241,0.8920000195503235
clean,9,220,0.015165652148425579,0.8920000195503235
clean,9,230,0.012594432570040226,0.8920000195503235
clean,9,240,0.010268078185617924,0.8920000195503235
clean,9,250,0.008167257532477379,0.8920000195503235
clean,9,260,0.006248115096241236,0.8920000195503235
clean,9,270,0.004494794178754091,0.8920000195503235
clean,9,280,0.0028821665327996016,0.8920000195503235
clean,9,290,0.001391750993207097,0.8920000195503235
clean,9,300,0.00011242218897677958,0.8920000195503235
noisy_30,0,10,2.152771234512329,0.7099999785423279
noisy_30,0,20,1.7552212476730347,0.7099999785423279
noisy_30,0,30,1.643426775932312,0.7099999785423279
noisy_30,0,40,1.5468109846115112,0.7099999785423279
noisy_30,0,50,1.4472776651382446,0.7099999785423279
noisy_30,0,60,1.3208481073379517,0.7099999785423279
noisy_30,0,70,1.174960732460022,0.7099999785423279
noisy_30,0,80,1.0051809549331665,0.7099999785423279
noisy_30,0,90,0.818697988986969,0.7099999785423279
noisy_30,0,100,0.6318504214286804,0.7099999785423279
noisy_30,0,110,0.4689071476459503,0.7099999785423279
noisy_30,0,120,0.3435380756855011,0.7099999785423279
noisy_30,0,130,0.25981634855270386,0.7099999785423279
noisy_30,0,140,0.19947759807109833,0.7099999785423279
noisy_30,0,150,0.16221553087234497,0.7099999785423279
noisy_30,0,160,0.1332419067621231,0.7099999785423279
noisy_30,0,170,0.10971751064062119,0.7099999785423279
noisy_30,0,180,0.09122433513402939,0.7099999785423279
noisy_30,0,190,0.07651036232709885,0.7099999785423279
noisy_30,0,200,0.06384401768445969,0.7099999785423279
noisy_30,0,210,0.053067244589328766,0.7099999785423279
noisy_30,0,220,0.0438266284763813,0.7099999785423279
noisy_30,0,230,0.0358252227306366,0.7099999785423279
noisy_30,0,240,0.02884027548134327,0.7099999785423279
noisy_30,0,250,0.022619232535362244,0.7099999785423279
noisy_30,0,260,0.0170897264033556,0.7099999785423279
noisy_30,0,270,0.012158181518316269,0.7099999785423279
noisy_30,0,280,0.007712168153375387,0.7099999785423279
noisy_30,0,290,0.003685048082843423,0.7099999785423279
noisy_30,0,300,0.00010169917368330061,0.7099999785423279
noisy_30,1,10,2.1523380279541016,0.6800000071525574
noisy_30,1,20,1.7388770580291748,0.6800000071525574
noisy_30,1,30,1.6643203496932983,0.6800000071525574
noisy_30,1,40,1.5531032085418701,0.6800000071525574
noisy_30,1,50,1.4501503705978394,0.6800000071525574
noisy_30,1,60,1.3255431652069092,0.6800000071525574
noisy_30,1,70,1.1802774667739868,0.6800000071525574
noisy_30,1,80,1.0097888708114624,0.6800000071525574
noisy_30,1,90,0.819669246673584,0.6800000071525574
noisy_30,1,100,0.6314926147460938,0.6800000071525574
noisy_30,1,110,0.46627652645111084,0.6800000071525574
noisy_30,1,120,0.3414340913295746,0.6800000071525574
noisy_30,1,130,0.2548103928565979,0.6800000071525574
noisy_30,1,140,0.2021138072013855,0.6800000071525574
noisy_30,1,150,0.15615978837013245,0.6800000071525574
noisy_30,1,160,0.1288672834634781,0.6800000071525574
noisy_30,1,170,0.10807696729898453,0.6800000071525574
noisy_30,1,180,0.09092002362012863,0.6800000071525574
noisy_30,1,190,0.07640931010246277,0.6800000071525574
noisy_30,1,200,0.0640941932797432,0.6800000071525574
noisy_30,1,210,0.053411487489938736,0.6800000071525574
noisy_30,1,220,0.04421376436948776,0.6800000071525574
noisy_30,1,230,0.036039698868989944,0.6800000071525574
noisy_30,1,240,0.029015986248850822,0.6800000071525574
noisy_30,1,250,0.022790400311350822,0.6800000071525574
noisy_30,1,260,0.01720968447625637,0.6800000071525574
noisy_30,1,270,0.012262513861060143,0.6800000071525574
noisy_30,1,280,0.007747346069663763,0.6800000071525574
noisy_30,1,290,0.0037113071884959936,0.6800000071525574
noisy_30,1,300,0.00010244556324323639,0.6800000071525574
noisy_30,2,10,2.1560661792755127,0.7139999866485596
noisy_30,2,20,1.7731380462646484,0.7139999866485596
noisy_30,2,30,1.6702558994293213,0.7139999866485596
noisy_30,2,40,1.5629847049713135,0.7139999866485596
noisy_30,2,50,1.4586328268051147,0.7139999866485596
noisy_30,2,60,1.3386085033416748,0.7139999866485596
noisy_30,2,70,1.1962697505950928,0.7139999866485596
noisy_30,2,80,1.0280137062072754,0.7139999866485596
noisy_30,2,90,0.8420631289482117,0.7139999866485596
noisy_30,2,100,0.6582908630371094,0.7139999866485596
noisy_30,2,110,0.49274972081184387,0.7139999866485596
noisy_30,2,120,0.36122557520866394,0.7139999866485596
noisy_30,2,130,0.2658984661102295,0.7139999866485596
noisy_30,2,140,0.2039148360490799,0.7139999866485596
noisy_30,2,150,0.1594890058040619,0.7139999866485596
noisy_30,2,160,0.12881407141685486,0.7139999866485596
noisy_30,2,170,0.10584674030542374,0.7139999866485596
noisy_30,2,180,0.0880252867937088,0.7139999866485596
noisy_30,2,190,0.07338867336511612,0.7139999866485596
noisy_30,2,200,0.06113274022936821,0.7139999866485596
noisy_30,2,210,0.050800710916519165,0.7139999866485596
noisy_30,2,220,0.04200344160199165,0.7139999866485596
noisy_30,2,230,0.03423769772052765,0.7139999866485596
noisy_30,2,240,0.027505798265337944,0.7139999866485596
noisy_30,2,250,0.021550463512539864,0.7139999866485596
noisy_30,2,260,0.0163140669465065,0.7139999866485596
noisy_30,2,270,0.011571425013244152,0.7139999866485596
noisy_30,2,280,0.007337038870900869,0.7139999866485596
noisy_30,2,290,0.0034813357051461935,0.7139999866485596
noisy_30,2,300,0.00010054828453576192,0.7139999866485596
noisy_30,3,10,2.118130922317505,0.7400000095367432
noisy_30,3,20,1.7640459537506104,0.7400000095367432
noisy_30,3,30,1.6559144258499146,0.7400000095367432
noisy_30,3,40,1.551271677017212,0.7400000095367432
noisy_30,3,50,1.4483851194381714,0.7400000095367432
noisy_30,3,60,1.3338077068328857,0.7400000095367432
noisy_30,3,70,1.1913297176361084,0.7400000095367432
noisy_30,3,80,1.0241504907608032,0.7400000095367432
noisy_30,3,90,0.8377229571342468,0.7400000095367432
noisy_30,3,100,0.6522440314292908,0.7400000095367432
noisy_30,3,110,0.4904937744140625,0.7400000095367432
noisy_30,3,120,0.36410146951675415,0.7400000095367432
noisy_30,3,130,0.2724032700061798,0.7400000095367432
noisy_30,3,140,0.20832514762878418,0.7400000095367432
noisy_30,3,150,0.1622018665075302,0.7400000095367432
noisy_30,3,160,0.13090379536151886,0.7400000095367432
noisy_30,3,170,0.10686267167329788,0.7400000095367432
noisy_30,3,180,0.08820845186710358,0.7400000095367432
noisy_30,3,190,0.07310932129621506,0.7400000095367432
noisy_30,3,200,0.06035427004098892,0.7400000095367432
noisy_30,3,210,0.049922872334718704,0.7400000095367432
noisy_30,3,220,0.041020024567842484,0.7400000095367432
noisy_30,3,230,0.033319540321826935,0.7400000095367432
noisy_30,3,240,0.0267278291285038,0.7400000095367432
noisy_30,3,250,0.020965566858649254,0.7400000095367432
noisy_30,3,260,0.015825724229216576,0.7400000095367432
noisy_30,3,270,0.01122953835874796,0.7400000095367432
noisy_30,3,280,0.007117255125194788,0.7400000095367432
noisy_30,3,290,0.0033914700616151094,0.7400000095367432
noisy_30,3,300,9.939740266418085e-05,0.7400000095367432
noisy_30,4,10,2.125946521759033,0.656000018119812
noisy_30,4,20,1.730017900466919,0.656000018119812
noisy_30,4,30,1.656084656715393,0.656000018119812
noisy_30,4,40,1.5411816835403442,0.656000018119812
noisy_30,4,50,1.4455434083938599,0.656000018119812
noisy_30,4,60,1.3225915431976318,0.656000018119812
noisy_30,4,70,1.1803507804870605,0.656000018119812
noisy_30,4,80,1.0076490640640259,0.656000018119812
noisy_30,4,90,0.8161925673484802,0.656000018119812
noisy_30,4,100,0.6272797584533691,0.656000018119812
noisy_30,4,110,0.4636785387992859,0.656000018119812
noisy_30,4,120,0.33870729804039,0.656000018119812
noisy_30,4,130,0.25571298599243164,0.656000018119812
noisy_30,4,140,0.20066703855991364,0.656000018119812
noisy_30,4,150,0.1593034267425537,0.656000018119812
noisy_30,4,160,0.1315750926733017,0.656000018119812
noisy_30,4,170,0.10897061228752136,0.656000018119812
noisy_30,4,180,0.09036848694086075,0.656000018119812
noisy_30,4,190,0.0756605789065361,0.656000018119812
noisy_30,4,200,0.0631718784570694,0.656000018119812
noisy_30,4,210,0.05251901224255562,0.656000018119812
noisy_30,4,220,0.043413542211055756,0.656000018119812
noisy_30,4,230,0.03549513593316078,0.656000018119812
noisy_30,4,240,0.028601212427020073,0.656000018119812
noisy_30,4,250,0.02243182435631752,0.656000018119812
noisy_30,4,260,0.016970688477158546,0.656000018119812
noisy_30,4,270,0.012100456282496452,0.656000018119812
noisy_30,4,280,0.007703205104917288,0.656000018119812
noisy_30,4,290,0.003671657294034958,0.656000018119812
noisy_30,4,300,0.00010465199738973752,0.656000018119812
noisy_30,5,10,2.1217024326324463,0.6919999718666077
noisy_30,5,20,1.7397874593734741,0.6919999718666077
noisy_30,5,30,1.6556663513183594,0.6919999718666077
noisy_30,5,40,1.5329153537750244,0.6919999718666077
noisy_30,5,50,1.433236002922058,0.6919999718666077
noisy_30,5,60,1.3006608486175537,0.6919999718666077
noisy_30,5,70,1.1512891054153442,0.6919999718666077
noisy_30,5,80,0.9785237908363342,0.6919999718666077
noisy_30,5,90,0.793505847454071,0.6919999718666077
noisy_30,5,100,0.6127659678459167,0.6919999718666077
noisy_30,5,110,0.4568102955818176,0.6919999718666077
noisy_30,5,120,0.33875182271003723,0.6919999718666077
noisy_30,5,130,0.25532808899879456,0.6919999718666077
noisy_30,5,140,0.19976073503494263,0.6919999718666077
noisy_30,5,150,0.1572568714618683,0.6919999718666077
noisy_30,5,160,0.1292363554239273,0.6919999718666077
noisy_30,5,170,0.10656599700450897,0.6919999718666077
noisy_30,5,180,0.08843822032213211,0.6919999718666077
noisy_30,5,190,0.07376130670309067,0.6919999718666077
noisy_30,5,200,0.061477143317461014,0.6919999718666077
noisy_30,5,210,0.050881072878837585,0.6919999718666077
noisy_30,5,220,0.0420285128057003,0.6919999718666077
noisy_30,5,230,0.03428123891353607,0.6919999718666077
noisy_30,5,240,0.02753145806491375,0.6919999718666077
noisy_30,5,250,0.021541966125369072,0.6919999718666077
noisy_30,5,260,0.01629309542477131,0.6919999718666077
noisy_30,5,270,0.011571723967790604,0.6919999718666077
noisy_30,5,280,0.007325068116188049,0.6919999718666077
noisy_30,5,290,0.00349894305691123,0.6919999718666077
noisy_30,5,300,0.00010535983892623335,0.6919999718666077
noisy_30,6,10,2.1384341716766357,0.7200000286102295
noisy_30,6,20,1.754207730293274,0.7200000286102295
noisy_30,6,30,1.6368547677993774,0.7200000286102295
noisy_30,6,40,1.5525339841842651,0.7200000286102295
noisy_30,6,50,1.4468036890029907,0.7200000286102295
noisy_30,6,60,1.3279865980148315,0.7200000286102295
noisy_30,6,70,1.1879957914352417,0.7200000286102295
noisy_30,6,80,1.0239982604980469,0.7200000286102295
noisy_30,6,90,0.8427078723907471,0.7200000286102295
noisy_30,6,100,0.6616243720054626,0.7200000286102295
noisy_30,6,110,0.4998554587364197,0.7200000286102295
noisy_30,6,120,0.37001436948776245,0.7200000286102295
noisy_30,6,130,0.2772717773914337,0.7200000286102295
noisy_30,6,140,0.20794405043125153,0.7200000286102295
noisy_30,6,150,0.16471290588378906,0.7200000286102295
noisy_30,6,160,0.13270924985408783,0.7200000286102295
noisy_30,6,170,0.1081194058060646,0.7200000286102295
noisy_30,6,180,0.08861249685287476,0.7200000286102295
noisy_30,6,190,0.0735728070139885,0.7200000286102295
noisy_30,6,200,0.06108403578400612,0.7200000286102295
noisy_30,6,210,0.05059752240777016,0.7200000286102295
noisy_30,6,220,0.041705287992954254,0.7200000286102295
noisy_30,6,230,0.03406521677970886,0.7200000286102295
noisy_30,6,240,0.027400150895118713,0.7200000286102295
noisy_30,6,250,0.021472826600074768,0.7200000286102295
noisy_30,6,260,0.016248269006609917,0.7200000286102295
noisy_30,6,270,0.011565431021153927,0.7200000286102295
noisy_30,6,280,0.007333361078053713,0.7200000286102295
noisy_30,6,290,0.0035405100788921118,0.7200000286102295
noisy_30,6,300,0.00010584237315924838,0.7200000286102295
noisy_30,7,10,2.1534550189971924,0.6940000057220459
noisy_30,7,20,1.7282829284667969,0.6940000057220459
noisy_30,7,30,1.6531845331192017,0.6940000057220459
noisy_30,7,40,1.5535473823547363,0.6940000057220459
noisy_30,7,50,1.4531818628311157,0.6940000057220459
noisy_30,7,60,1.3406273126602173,0.6940000057220459
noisy_30,7,70,1.2011775970458984,0.6940000057220459
noisy_30,7,80,1.0366688966751099,0.6940000057220459
noisy_30,7,90,0.8570407032966614,0.6940000057220459
noisy_30,7,100,0.6775966882705688,0.6940000057220459
noisy_30,7,110,0.5110390186309814,0.6940000057220459
noisy_30,7,120,0.3751031160354614,0.6940000057220459
noisy_30,7,130,0.2769351899623871,0.6940000057220459
noisy_30,7,140,0.21075373888015747,0.6940000057220459
noisy_30,7,150,0.16520388424396515,0.6940000057220459
noisy_30,7,160,0.133104145526886,0.6940000057220459
noisy_30,7,170,0.10966850817203522,0.6940000057220459
noisy_30,7,180,0.0902722179889679,0.6940000057220459
noisy_30,7,190,0.07485146075487137,0.6940000057220459
noisy_30,7,200,0.062108635902404785,0.6940000057220459
noisy_30,7,210,0.05155409872531891,0.6940000057220459
noisy_30,7,220,0.04239363223314285,0.6940000057220459
noisy_30,7,230,0.03460806608200073,0.6940000057220459
noisy_30,7,240,0.027735557407140732,0.6940000057220459
noisy_30,7,250,0.021771525964140892,0.6940000057220459
noisy_30,7,260,0.01641320064663887,0.6940000057220459
noisy_30,7,270,0.0116497240960598,0.6940000057220459
noisy_30,7,280,0.007369452156126499,0.6940000057220459
noisy_30,7,290,0.0035207392647862434,0.6940000057220459
noisy_30,7,300,0.00010188986198045313,0.6940000057220459
noisy_30,8,10,2.1708083152770996,0.6779999732971191
noisy_30,8,20,1.750558614730835,0.6779999732971191
noisy_30,8,30,1.6602249145507812,0.6779999732971191
noisy_30,8,40,1.557813286781311,0.6779999732971191
noisy_30,8,50,1.4562288522720337,0.6779999732971191
noisy_30,8,60,1.336784839630127,0.6779999732971191
noisy_30,8,70,1.1928536891937256,0.6779999732971191
noisy_30,8,80,1.0194506645202637,0.6779999732971191
noisy_30,8,90,0.8256989121437073,0.6779999732971191
noisy_30,8,100,0.6342834234237671,0.6779999732971191
noisy_30,8,110,0.47009292244911194,0.6779999732971191
noisy_30,8,120,0.3430064022541046,0.6779999732971191
noisy_30,8,130,0.2536633312702179,0.6779999732971191
noisy_30,8,140,0.19310489296913147,0.6779999732971191
noisy_30,8,150,0.15153612196445465,0.6779999732971191
noisy_30,8,160,0.12164922803640366,0.6779999732971191
noisy_30,8,170,0.09914395213127136,0.6779999732971191
noisy_30,8,180,0.08170178532600403,0.6779999732971191
noisy_30,8,190,0.0677027776837349,0.6779999732971191
noisy_30,8,200,0.05626820772886276,0.6779999732971191
noisy_30,8,210,0.0466400608420372,0.6779999732971191
noisy_30,8,220,0.03846932202577591,0.6779999732971191
noisy_30,8,230,0.03142324462532997,0.6779999732971191
noisy_30,8,240,0.02525009587407112,0.6779999732971191
noisy_30,8,250,0.01980491727590561,0.6779999732971191
noisy_30,8,260,0.01500155683606863,0.6779999732971191
noisy_30,8,270,0.01068610604852438,0.6779999732971191
noisy_30,8,280,0.0067777372896671295,0.6779999732971191
noisy_30,8,290,0.003245897823944688,0.6779999732971191
noisy_30,8,300,9.709561709314585e-05,0.6779999732971191
noisy_30,9,10,2.1394262313842773,0.6660000085830688
noisy_30,9,20,1.7300269603729248,0.6660000085830688
noisy_30,9,30,1.643498182296753,0.6660000085830688
noisy_30,9,40,1.5332170724868774,0.6660000085830688
noisy_30,9,50,1.4332373142242432,0.6660000085830688
noisy_30,9,60,1.313474416732788,0.6660000085830688
noisy_30,9,70,1.1762535572052002,0.6660000085830688
noisy_30,9,80,1.0110259056091309,0.6660000085830688
noisy_30,9,90,0.8290233016014099,0.6660000085830688
noisy_30,9,100,0.649288535118103,0.6660000085830688
noisy_30,9,110,0.487304151058197,0.6660000085830688
noisy_30,9,120,0.35838213562965393,0.6660000085830688
noisy_30,9,130,0.26763924956321716,0.6660000085830688
noisy_30,9,140,0.20211587846279144,0.6660000085830688
noisy_30,9,150,0.16044464707374573,0.6660000085830688
noisy_30,9,160,0.12997975945472717,0.6660000085830688
noisy_30,9,170,0.1062868982553482,0.6660000085830688
noisy_30,9,180,0.0878150463104248,0.6660000085830688
noisy_30,9,190,0.07317175716161728,0.6660000085830688
noisy_30,9,200,0.06098086014389992,0.6660000085830688
noisy_30,9,210,0.05060673505067825,0.6660000085830688
noisy_30,9,220,0.04188469052314758,0.6660000085830688
noisy_30,9,230,0.03421556204557419,0.6660000085830688
noisy_30,9,240,0.027549520134925842,0.6660000085830688
noisy_30,9,250,0.02164415828883648,0.6660000085830688
noisy_30,9,260,0.016396524384617805,0.6660000085830688
noisy_30,9,270,0.011686109937727451,0.6660000085830688
noisy_30,9,280,0.007395665626972914,0.6660000085830688
noisy_30,9,290,0.0034811925143003464,0.6660000085830688
noisy_30,9,300,0.00010916021710727364,0.6660000085830688
noisy_60,0,10,2.3172969818115234,0.414000004529953
noisy_60,0,20,2.165440320968628,0.414000004529953
noisy_60,0,30,2.0457186698913574,0.414000004529953
noisy_60,0,40,1.877508521080017,0.414000004529953
noisy_60,0,50,1.6490888595581055,0.414000004529953
noisy_60,0,60,1.3621876239776611,0.414000004529953
noisy_60,0,70,1.0466135740280151,0.414000004529953
noisy_60,0,80,0.7481088042259216,0.414000004529953
noisy_60,0,90,0.5282668471336365,0.414000004529953
noisy_60,0,100,0.3833174705505371,0.414000004529953
noisy_60,0,110,0.2882358729839325,0.414000004529953
noisy_60,0,120,0.22632205486297607,0.414000004529953
noisy_60,0,130,0.18305271863937378,0.414000004529953
noisy_60,0,140,0.15074039995670319,0.414000004529953
noisy_60,0,150,0.1254664957523346,0.414000004529953
noisy_60,0,160,0.10531048476696014,0.414000004529953
noisy_60,0,170,0.08873865008354187,0.414000004529953
noisy_60,0,180,0.07497996091842651,0.414000004529953
noisy_60,0,190,0.06333549320697784,0.414000004529953
noisy_60,0,200,0.0533953495323658,0.414000004529953
noisy_60,0,210,0.04478473588824272,0.414000004529953
noisy_60,0,220,0.03729701414704323,0.414000004529953
noisy_60,0,230,0.030706211924552917,0.414000004529953
noisy_60,0,240,0.024867385625839233,0.414000004529953
noisy_60,0,250,0.019627919420599937,0.414000004529953
noisy_60,0,260,0.014927276410162449,0.414000004529953
noisy_60,0,270,0.010669252835214138,0.414000004529953
noisy_60,0,280,0.006797335110604763,0.414000004529953
noisy_60,0,290,0.0032561460975557566,0.414000004529953
noisy_60,0,300,9.765132563188672e-05,0.414000004529953
noisy_60,1,10,2.3055644035339355,0.3919999897480011
noisy_60,1,20,2.151071786880493,0.3919999897480011
noisy_60,1,30,2.03470516204834,0.3919999897480011
noisy_60,1,40,1.8637714385986328,0.3919999897480011
noisy_60,1,50,1.634523630142212,0.3919999897480011
noisy_60,1,60,1.3460904359817505,0.3919999897480011
noisy_60,1,70,1.0326045751571655,0.3919999897480011
noisy_60,1,80,0.7428010106086731,0.3919999897480011
noisy_60,1,90,0.5283878445625305,0.3919999897480011
noisy_60,1,100,0.3887500464916229,0.3919999897480011
noisy_60,1,110,0.2944582402706146,0.3919999897480011
noisy_60,1,120,0.23406799137592316,0.3919999897480011
noisy_60,1,130,0.19001708924770355,0.3919999897480011
noisy_60,1,140,0.15761969983577728,0.3919999897480011
noisy_60,1,150,0.1319921314716339,0.3919999897480011
noisy_60,1,160,0.11128880083560944,0.3919999897480011
noisy_60,1,170,0.09418229013681412,0.3919999897480011
noisy_60,1,180,0.07973925024271011,0.3919999897480011
noisy_60,1,190,0.06746647506952286,0.3919999897480011
noisy_60,1,200,0.05689932405948639,0.3919999897480011
noisy_60,1,210,0.047743719071149826,0.3919999897480011
noisy_60,1,220,0.03974400833249092,0.3919999897480011
noisy_60,1,230,0.03272167593240738,0.3919999897480011
noisy_60,1,240,0.026467595249414444,0.3919999897480011
noisy_60,1,250,0.020889531821012497,0.3919999897480011
noisy_60,1,260,0.015883417800068855,0.3919999897480011
noisy_60,1,270,0.011344457045197487,0.3919999897480011
noisy_60,1,280,0.007215597666800022,0.3919999897480011
noisy_60,1,290,0.003453639568760991,0.3919999897480011
noisy_60,1,300,9.488917567068711e-05,0.3919999897480011
noisy_60,2,10,2.310645580291748,0.4320000112056732
noisy_60,2,20,2.1654820442199707,0.4320000112056732
noisy_60,2,30,2.0402679443359375,0.4320000112056732
noisy_60,2,40,1.871461272239685,0.4320000112056732
noisy_60,2,50,1.645403265953064,0.4320000112056732
noisy_60,2,60,1.363682508468628,0.4320000112056732
noisy_60,2,70,1.0535491704940796,0.4320000112056732
noisy_60,2,80,0.7582186460494995,0.4320000112056732
noisy_60,2,90,0.5394993424415588,0.4320000112056732
noisy_60,2,100,0.39368802309036255,0.4320000112056732
noisy_60,2,110,0.29924336075782776,0.4320000112056732
noisy_60,2,120,0.23611800372600555,0.4320000112056732
noisy_60,2,130,0.19175167381763458,0.4320000112056732
noisy_60,2,140,0.15885330736637115,0.4320000112056732
noisy_60,2,150,0.13301078975200653,0.4320000112056732
noisy_60,2,160,0.1120288297533989,0.4320000112056732
noisy_60,2,170,0.09476971626281738,0.4320000112056732
noisy_60,2,180,0.0802537053823471,0.4320000112056732
noisy_60,2,190,0.06794020533561707,0.4320000112056732
noisy_60,2,200,0.05735628306865692,0.4320000112056732
noisy_60,2,210,0.048138558864593506,0.4320000112056732
noisy_60,2,220,0.04007146880030632,0.4320000112056732
noisy_60,2,230,0.03297019377350807,0.4320000112056732
noisy_60,2,240,0.026664575561881065,0.4320000112056732
noisy_60,2,250,0.02104303240776062,0.4320000112056732
noisy_60,2,260,0.015997426584362984,0.4320000112056732
noisy_60,2,270,0.01141524501144886,0.4320000112056732
noisy_60,2,280,0.007271760143339634,0.4320000112056732
noisy_60,2,290,0.0034843836911022663,0.4320000112056732
noisy_60,2,300,8.53960300446488e-05,0.4320000112056732
noisy_60,3,10,2.3051698207855225,0.39399999380111694
noisy_60,3,20,2.1591830253601074,0.39399999380111694
noisy_60,3,30,2.03900146484375,0.39399999380111694
noisy_60,3,40,1.8795220851898193,0.39399999380111694
noisy_60,3,50,1.6563457250595093,0.39399999380111694
noisy_60,3,60,1.3716959953308105,0.39399999380111694
noisy_60,3,70,1.0587834119796753,0.39399999380111694
noisy_60,3,80,0.7646920680999756,0.39399999380111694
noisy_60,3,90,0.5327103734016418,0.39399999380111694
noisy_60,3,100,0.38347122073173523,0.39399999380111694
noisy_60,3,110,0.2877342998981476,0.39399999380111694
noisy_60,3,120,0.22700552642345428,0.39399999380111694
noisy_60,3,130,0.1842426210641861,0.39399999380111694
noisy_60,3,140,0.1527499258518219,0.39399999380111694
noisy_60,3,150,0.1279097944498062,0.39399999380111694
noisy_60,3,160,0.10731565207242966,0.39399999380111694
noisy_60,3,170,0.09044869244098663,0.39399999380111694
noisy_60,3,180,0.0763673335313797,0.39399999380111694
noisy_60,3,190,0.06439017504453659,0.39399999380111694
noisy_60,3,200,0.054186996072530746,0.39399999380111694
noisy_60,3,210,0.04538007453083992,0.39399999380111694
noisy_60,3,220,0.0377403199672699,0.39399999380111694
noisy_60,3,230,0.03102334775030613,0.39399999380111694
noisy_60,3,240,0.025097470730543137,0.39399999380111694
noisy_60,3,250,0.019799627363681793,0.39399999380111694
noisy_60,3,260,0.015042455866932869,0.39399999380111694
noisy_60,3,270,0.010727868415415287,0.39399999380111694
noisy_60,3,280,0.006829557009041309,0.39399999380111694
noisy_60,3,290,0.0032632339280098677,0.39399999380111694
noisy_60,3,300,9.62702397373505e-05,0.39399999380111694
noisy_60,4,10,2.289468765258789,0.421999990940094
noisy_60,4,20,2.1505565643310547,0.421999990940094
noisy_60,4,30,2.037364959716797,0.421999990940094
noisy_60,4,40,1.875550627708435,0.421999990940094
noisy_60,4,50,1.6568769216537476,0.421999990940094
noisy_60,4,60,1.379597544670105,0.421999990940094
noisy_60,4,70,1.0738122463226318,0.421999990940094
noisy_60,4,80,0.780953586101532,0.421999990940094
noisy_60,4,90,0.5532467365264893,0.421999990940094
noisy_60,4,100,0.403532475233078,0.421999990940094
noisy_60,4,110,0.3064485490322113,0.421999990940094
noisy_60,4,120,0.24104151129722595,0.421999990940094
noisy_60,4,130,0.1949460506439209,0.421999990940094
noisy_60,4,140,0.1606159210205078,0.421999990940094
noisy_60,4,150,0.1337672919034958,0.421999990940094
noisy_60,4,160,0.11224377155303955,0.421999990940094
noisy_60,4,170,0.09467457979917526,0.421999990940094
noisy_60,4,180,0.07991977035999298,0.421999990940094
noisy_60,4,190,0.06745200604200363,0.421999990940094
noisy_60,4,200,0.05665984004735947,0.421999990940094
noisy_60,4,210,0.04735390096902847,0.421999990940094
noisy_60,4,220,0.03928963840007782,0.421999990940094
noisy_60,4,230,0.03229556605219841,0.421999990940094
noisy_60,4,240,0.026110433042049408,0.421999990940094
noisy_60,4,250,0.020601004362106323,0.421999990940094
noisy_60,4,260,0.015654029324650764,0.421999990940094
noisy_60,4,270,0.01118131261318922,0.421999990940094
noisy_60,4,280,0.007117421366274357,0.421999990940094
noisy_60,4,290,0.0034067428205162287,0.421999990940094
noisy_60,4,300,9.521469473838806e-05,0.421999990940094
noisy_60,5,10,2.2897627353668213,0.4099999964237213
noisy_60,5,20,2.151916742324829,0.4099999964237213
noisy_60,5,30,2.0257186889648438,0.4099999964237213
noisy_60,5,40,1.8611383438110352,0.4099999964237213
noisy_60,5,50,1.642014980316162,0.4099999964237213
noisy_60,5,60,1.367762565612793,0.4099999964237213
noisy_60,5,70,1.0602550506591797,0.4099999964237213
noisy_60,5,80,0.7674911022186279,0.4099999964237213
noisy_60,5,90,0.5423119068145752,0.4099999964237213
noisy_60,5,100,0.386840283870697,0.4099999964237213
noisy_60,5,110,0.29152655601501465,0.4099999964237213
noisy_60,5,120,0.2282283902168274,0.4099999964237213
noisy_60,5,130,0.1849457174539566,0.4099999964237213
noisy_60,5,140,0.1524978131055832,0.4099999964237213
noisy_60,5,150,0.12718310952186584,0.4099999964237213
noisy_60,5,160,0.10694153606891632,0.4099999964237213
noisy_60,5,170,0.09029440581798553,0.4099999964237213
noisy_60,5,180,0.07645018398761749,0.4099999964237213
noisy_60,5,190,0.06468980014324188,0.4099999964237213
noisy_60,5,200,0.054617349058389664,0.4099999964237213
noisy_60,5,210,0.045894231647253036,0.4099999964237213
noisy_60,5,220,0.03827439248561859,0.4099999964237213
noisy_60,5,230,0.0315326489508152,0.4099999964237213
noisy_60,5,240,0.025520173832774162,0.4099999964237213
noisy_60,5,250,0.02014188840985298,0.4099999964237213
noisy_60,5,260,0.015325277112424374,0.4099999964237213
noisy_60,5,270,0.010946273803710938,0.4099999964237213
noisy_60,5,280,0.0069708749651908875,0.4099999964237213
noisy_60,5,290,0.0033331941813230515,0.4099999964237213
noisy_60,5,300,8.913472993299365e-05,0.4099999964237213
noisy_60,6,10,2.3064794540405273,0.3959999978542328
noisy_60,6,20,2.1748828887939453,0.3959999978542328
noisy_60,6,30,2.054553985595703,0.3959999978542328
noisy_60,6,40,1.8971322774887085,0.3959999978542328
noisy_60,6,50,1.678890585899353,0.3959999978542328
noisy_60,6,60,1.4018961191177368,0.3959999978542328
noisy_60,6,70,1.0914406776428223,0.3959999978542328
noisy_60,6,80,0.7916975617408752,0.3959999978542328
noisy_60,6,90,0.5599233508110046,0.3959999978542328
noisy_60,6,100,0.398081511259079,0.3959999978542328
noisy_60,6,110,0.29684239625930786,0.3959999978542328
noisy_60,6,120,0.23285765945911407,0.3959999978542328
noisy_60,6,130,0.18738354742527008,0.3959999978542328
noisy_60,6,140,0.15396904945373535,0.3959999978542328
noisy_60,6,150,0.12839572131633759,0.3959999978542328
noisy_60,6,160,0.10799787193536758,0.3959999978542328
noisy_60,6,170,0.09128054976463318,0.3959999978542328
noisy_60,6,180,0.07731563597917557,0.3959999978542328
noisy_60,6,190,0.06546268612146378,0.3959999978542328
noisy_60,6,200,0.05534980446100235,0.3959999978542328
noisy_60,6,210,0.046505462378263474,0.3959999978542328
noisy_60,6,220,0.038790542632341385,0.3959999978542328
noisy_60,6,230,0.03197047486901283,0.3959999978542328
noisy_60,6,240,0.025892889127135277,0.3959999978542328
noisy_60,6,250,0.020455582067370415,0.3959999978542328
noisy_60,6,260,0.015556917525827885,0.3959999978542328
noisy_60,6,270,0.011122996918857098,0.3959999978542328
noisy_60,6,280,0.007080823183059692,0.3959999978542328
noisy_60,6,290,0.003380474168807268,0.3959999978542328
noisy_60,6,300,9.318259253632277e-05,0.3959999978542328
noisy_60,7,10,2.3059422969818115,0.414000004529953
noisy_60,7,20,2.1458804607391357,0.414000004529953
noisy_60,7,30,2.0293962955474854,0.414000004529953
noisy_60,7,40,1.870801568031311,0.414000004529953
noisy_60,7,50,1.658832311630249,0.414000004529953
noisy_60,7,60,1.3956427574157715,0.414000004529953
noisy_60,7,70,1.095310091972351,0.414000004529953
noisy_60,7,80,0.8013848662376404,0.414000004529953
noisy_60,7,90,0.562130868434906,0.414000004529953
noisy_60,7,100,0.4019642770290375,0.414000004529953
noisy_60,7,110,0.2993645966053009,0.414000004529953
noisy_60,7,120,0.23393648862838745,0.414000004529953
noisy_60,7,130,0.18837343156337738,0.414000004529953
noisy_60,7,140,0.1548207551240921,0.414000004529953
noisy_60,7,150,0.12886594235897064,0.414000004529953
noisy_60,7,160,0.10796383768320084,0.414000004529953
noisy_60,7,170,0.0908505767583847,0.414000004529953
noisy_60,7,180,0.07668125629425049,0.414000004529953
noisy_60,7,190,0.06469136476516724,0.414000004529953
noisy_60,7,200,0.05456576123833656,0.414000004529953
noisy_60,7,210,0.04574281722307205,0.414000004529953
noisy_60,7,220,0.03805068880319595,0.414000004529953
noisy_60,7,230,0.031272340565919876,0.414000004529953
noisy_60,7,240,0.025289291515946388,0.414000004529953
noisy_60,7,250,0.019953088834881783,0.414000004529953
noisy_60,7,260,0.015134024433791637,0.414000004529953
noisy_60,7,270,0.010808226652443409,0.414000004529953
noisy_60,7,280,0.006889899726957083,0.414000004529953
noisy_60,7,290,0.003296440467238426,0.414000004529953
noisy_60,7,300,9.870686335489154e-05,0.414000004529953
noisy_60,8,10,2.3167531490325928,0.33000001311302185
noisy_60,8,20,2.153883218765259,0.33000001311302185
noisy_60,8,30,2.043398380279541,0.33000001311302185
noisy_60,8,40,1.8752083778381348,0.33000001311302185
noisy_60,8,50,1.6466940641403198,0.33000001311302185
noisy_60,8,60,1.360886573791504,0.33000001311302185
noisy_60,8,70,1.0497584342956543,0.33000001311302185
noisy_60,8,80,0.7547121644020081,0.33000001311302185
noisy_60,8,90,0.5249108076095581,0.33000001311302185
noisy_60,8,100,0.374796599149704,0.33000001311302185
noisy_60,8,110,0.2825630009174347,0.33000001311302185
noisy_60,8,120,0.2231602817773819,0.33000001311302185
noisy_60,8,130,0.18143509328365326,0.33000001311302185
noisy_60,8,140,0.15005728602409363,0.33000001311302185
noisy_60,8,150,0.1254570037126541,0.33000001311302185
noisy_60,8,160,0.10560504347085953,0.33000001311302185
noisy_60,8,170,0.08918320387601852,0.33000001311302185
noisy_60,8,180,0.07549060136079788,0.33000001311302185
noisy_60,8,190,0.06388858705759048,0.33000001311302185
noisy_60,8,200,0.05389276146888733,0.33000001311302185
noisy_60,8,210,0.0452696718275547,0.33000001311302185
noisy_60,8,220,0.037736911326646805,0.33000001311302185
noisy_60,8,230,0.031069310382008553,0.33000001311302185
noisy_60,8,240,0.025175923481583595,0.33000001311302185
noisy_60,8,250,0.019878875464200974,0.33000001311302185
noisy_60,8,260,0.015123700723052025,0.33000001311302185
noisy_60,8,270,0.010808388702571392,0.33000001311302185
noisy_60,8,280,0.006883386056870222,0.33000001311302185
noisy_60,8,290,0.003295816481113434,0.33000001311302185
noisy_60,8,300,0.0001023897057166323,0.33000001311302185
noisy_60,9,10,2.3119983673095703,0.3720000088214874
noisy_60,9,20,2.156897783279419,0.3720000088214874
noisy_60,9,30,2.0303032398223877,0.3720000088214874
noisy_60,9,40,1.8535022735595703,0.3720000088214874
noisy_60,9,50,1.6193243265151978,0.3720000088214874
noisy_60,9,60,1.3244152069091797,0.3720000088214874
noisy_60,9,70,1.0073214769363403,0.3720000088214874
noisy_60,9,80,0.7231723666191101,0.3720000088214874
noisy_60,9,90,0.5091240406036377,0.3720000088214874
noisy_60,9,100,0.3719988465309143,0.3720000088214874
noisy_60,9,110,0.2851380705833435,0.3720000088214874
noisy_60,9,120,0.22535058856010437,0.3720000088214874
noisy_60,9,130,0.18335071206092834,0.3720000088214874
noisy_60,9,140,0.151072695851326,0.3720000088214874
noisy_60,9,150,0.12569573521614075,0.3720000088214874
noisy_60,9,160,0.10551051795482635,0.3720000088214874
noisy_60,9,170,0.08897478878498077,0.3720000088214874
noisy_60,9,180,0.0752134695649147,0.3720000088214874
noisy_60,9,190,0.06349349021911621,0.3720000088214874
noisy_60,9,200,0.05350543186068535,0.3720000088214874
noisy_60,9,210,0.044898442924022675,0.3720000088214874
noisy_60,9,220,0.037389278411865234,0.3720000088214874
noisy_60,9,230,0.030756335705518723,0.3720000088214874
noisy_60,9,240,0.024890312924981117,0.3720000088214874
noisy_60,9,250,0.019661180675029755,0.3720000088214874
noisy_60,9,260,0.014947463758289814,0.3720000088214874
noisy_60,9,270,0.010671675205230713,0.3720000088214874
noisy_60,9,280,0.006789844948798418,0.3720000088214874
noisy_60,9,290,0.003256395226344466,0.3720000088214874
noisy_60,9,300,8.932541095418856e-05,0.3720000088214874
fr_loss,0,10,1.9995895624160767,0.8939999938011169
fr_loss,0,20,1.1983704566955566,0.8939999938011169
fr_loss,0,30,0.7299962639808655,0.8939999938011169
fr_loss,0,40,0.4533349573612213,0.8939999938011169
fr_loss,0,50,0.3256014287471771,0.8939999938011169
fr_loss,0,60,0.249012291431427,0.8939999938011169
fr_loss,0,70,0.1977049708366394,0.8939999938011169
fr_loss,0,80,0.15955647826194763,0.8939999938011169
fr_loss,0,90,0.1300305873155594,0.8939999938011169
fr_loss,0,100,0.10834861546754837,0.8939999938011169
fr_loss,0,110,0.09172665327787399,0.8939999938011169
fr_loss,0,120,0.07751283794641495,0.8939999938011169
fr_loss,0,130,0.06558975577354431,0.8939999938011169
fr_loss,0,140,0.0558997206389904,0.8939999938011169
fr_loss,0,150,0.04827677085995674,0.8939999938011169
fr_loss,0,160,0.04147329181432724,0.8939999938011169
fr_loss,0,170,0.035134609788656235,0.8939999938011169
fr_loss,0,180,0.028721654787659645,0.8939999938011169
fr_loss,0,190,0.02337164804339409,0.8939999938011169
fr_loss,0,200,0.019349228590726852,0.8939999938011169
fr_loss,0,210,0.01619025133550167,0.8939999938011169
fr_loss,0,220,0.013532535172998905,0.8939999938011169
fr_loss,0,230,0.01130330003798008,0.8939999938011169
fr_loss,0,240,0.009371185675263405,0.8939999938011169
fr_loss,0,250,0.007889664731919765,0.8939999938011169
fr_loss,0,260,0.006661912426352501,0.8939999938011169
fr_loss,0,270,0.004497685004025698,0.8939999938011169
fr_loss,0,280,0.002925802255049348,0.8939999938011169
fr_loss,0,290,0.0013881095219403505,0.8939999938011169
fr_loss,0,300,0.0001353446568828076,0.8939999938011169
fr_loss,1,10,1.9891436100006104,0.8899999856948853
fr_loss,1,20,1.1659018993377686,0.8899999856948853
fr_loss,1,30,0.6612388491630554,0.8899999856948853
fr_loss,1,40,0.43333879113197327,0.8899999856948853
fr_loss,1,50,0.3183749318122864,0.8899999856948853
fr_loss,1,60,0.24979574978351593,0.8899999856948853
fr_loss,1,70,0.20342330634593964,0.8899999856948853
fr_loss,1,80,0.16892772912979126,0.8899999856948853
fr_loss,1,90,0.13966207206249237,0.8899999856948853
fr_loss,1,100,0.11584845185279846,0.8899999856948853
fr_loss,1,110,0.09532003104686737,0.8899999856948853
fr_loss,1,120,0.07903289049863815,0.8899999856948853
fr_loss,1,130,0.0661734789609909,0.8899999856948853
fr_loss,1,140,0.05596299096941948,0.8899999856948853
fr_loss,1,150,0.04746371880173683,0.8899999856948853
fr_loss,1,160,0.040413666516542435,0.8899999856948853
fr_loss,1,170,0.03436743840575218,0.8899999856948853
fr_loss,1,180,0.029467636719346046,0.8899999856948853
fr_loss,1,190,0.02450326830148697,0.8899999856948853
fr_loss,1,200,0.020750343799591064,0.8899999856948853
fr_loss,1,210,0.017872443422675133,0.8899999856948853
fr_loss,1,220,0.01552091259509325,0.8899999856948853
fr_loss,1,230,0.01357984822243452,0.8899999856948853
fr_loss,1,240,0.011920753866434097,0.8899999856948853
fr_loss,1,250,0.01059145200997591,0.8899999856948853
fr_loss,1,260,0.009112829342484474,0.8899999856948853
fr_loss,1,270,0.007890275679528713,0.8899999856948853
fr_loss,1,280,0.006097234785556793,0.8899999856948853
fr_loss,1,290,0.004493748769164085,0.8899999856948853
fr_loss,1,300,0.00013613053306471556,0.8899999856948853
fr_loss,2,10,2.00496244430542,0.8920000195503235
fr_loss,2,20,1.1728334426879883,0.8920000195503235
fr_loss,2,30,0.7195147275924683,0.8920000195503235
fr_loss,2,40,0.46209025382995605,0.8920000195503235
fr_loss,2,50,0.33358389139175415,0.8920000195503235
fr_loss,2,60,0.2602638006210327,0.8920000195503235
fr_loss,2,70,0.2082933485507965,0.8920000195503235
fr_loss,2,80,0.17120037972927094,0.8920000195503235
fr_loss,2,90,0.1420360952615738,0.8920000195503235
fr_loss,2,100,0.11765410006046295,0.8920000195503235
fr_loss,2,110,0.0977674350142479,0.8920000195503235
fr_loss,2,120,0.08097334951162338,0.8920000195503235
fr_loss,2,130,0.06777505576610565,0.8920000195503235
fr_loss,2,140,0.05733833834528923,0.8920000195503235
fr_loss,2,150,0.04874452203512192,0.8920000195503235
fr_loss,2,160,0.04153373837471008,0.8920000195503235
fr_loss,2,170,0.035820093005895615,0.8920000195503235
fr_loss,2,180,0.031407300382852554,0.8920000195503235
fr_loss,2,190,0.02687394991517067,0.8920000195503235
fr_loss,2,200,0.022905347868800163,0.8920000195503235
fr_loss,2,210,0.01972357928752899,0.8920000195503235
fr_loss,2,220,0.017151078209280968,0.8920000195503235
fr_loss,2,230,0.015482873655855656,0.8920000195503235
fr_loss,2,240,0.013583500869572163,0.8920000195503235
fr_loss,2,250,0.011665093712508678,0.8920000195503235
fr_loss,2,260,0.009410183876752853,0.8920000195503235
fr_loss,2,270,0.007775627542287111,0.8920000195503235
fr_loss,2,280,0.006535098422318697,0.8920000195503235
fr_loss,2,290,0.0028272559866309166,0.8920000195503235
fr_loss,2,300,0.00013001105980947614,0.8920000195503235
fr_loss,3,10,1.9456279277801514,0.8999999761581421
fr_loss,3,20,1.1798077821731567,0.8999999761581421
fr_loss,3,30,0.7213544845581055,0.8999999761581421
fr_loss,3,40,0.4603014588356018,0.8999999761581421
fr_loss,3,50,0.3293255567550659,0.8999999761581421
fr_loss,3,60,0.2554735541343689,0.8999999761581421
fr_loss,3,70,0.2058134377002716,0.8999999761581421
fr_loss,3,80,0.1686704158782959,0.8999999761581421
fr_loss,3,90,0.13952107727527618,0.8999999761581421
fr_loss,3,100,0.11712463200092316,0.8999999761581421
fr_loss,3,110,0.09844684600830078,0.8999999761581421
fr_loss,3,120,0.08230532705783844,0.8999999761581421
fr_loss,3,130,0.06940978765487671,0.8999999761581421
fr_loss,3,140,0.05931061878800392,0.8999999761581421
fr_loss,3,150,0.05087214335799217,0.8999999761581421
fr_loss,3,160,0.0435335598886013,0.8999999761581421
fr_loss,3,170,0.037650156766176224,0.8999999761581421
fr_loss,3,180,0.03212188184261322,0.8999999761581421
fr_loss,3,190,0.027121897786855698,0.8999999761581421
fr_loss,3,200,0.02303437329828739,0.8999999761581421
fr_loss,3,210,0.01955244690179825,0.8999999761581421
fr_loss,3,220,0.016346793621778488,0.8999999761581421
fr_loss,3,230,0.01358325220644474,0.8999999761581421
fr_loss,3,240,0.011557159014046192,0.8999999761581421
fr_loss,3,250,0.009820294566452503,0.8999999761581421
fr_loss,3,260,0.008241374976933002,0.8999999761581421
fr_loss,3,270,0.006966205779463053,0.8999999761581421
fr_loss,3,280,0.006791867781430483,0.8999999761581421
fr_loss,3,290,0.002928920090198517,0.8999999761581421
fr_loss,3,300,0.00012678858183789998,0.8999999761581421
fr_loss,4,10,1.9676768779754639,0.8960000276565552
fr_loss,4,20,1.135050654411316,0.8960000276565552
fr_loss,4,30,0.6835617423057556,0.8960000276565552
fr_loss,4,40,0.4423060417175293,0.8960000276565552
fr_loss,4,50,0.3189695477485657,0.8960000276565552
fr_loss,4,60,0.24956178665161133,0.8960000276565552
fr_loss,4,70,0.2016657292842865,0.8960000276565552
fr_loss,4,80,0.16467149555683136,0.8960000276565552
fr_loss,4,90,0.1357240527868271,0.8960000276565552
fr_loss,4,100,0.11344835162162781,0.8960000276565552
fr_loss,4,110,0.09423421323299408,0.8960000276565552
fr_loss,4,120,0.07883407920598984,0.8960000276565552
fr_loss,4,130,0.06664515286684036,0.8960000276565552
fr_loss,4,140,0.055561766028404236,0.8960000276565552
fr_loss,4,150,0.046582162380218506,0.8960000276565552
fr_loss,4,160,0.03993541747331619,0.8960000276565552
fr_loss,4,170,0.03348233550786972,0.8960000276565552
fr_loss,4,180,0.02786412090063095,0.8960000276565552
fr_loss,4,190,0.023290036246180534,0.8960000276565552
fr_loss,4,200,0.019307533279061317,0.8960000276565552
fr_loss,4,210,0.016196858137845993,0.8960000276565552
fr_loss,4,220,0.013663897290825844,0.8960000276565552
fr_loss,4,230,0.011389000341296196,0.8960000276565552
fr_loss,4,240,0.0092755276709795,0.8960000276565552
fr_loss,4,250,0.007523302920162678,0.8960000276565552
fr_loss,4,260,0.006235324312001467,0.8960000276565552
fr_loss,4,270,0.004571536555886269,0.8960000276565552
fr_loss,4,280,0.0029736277647316456,0.8960000276565552
fr_loss,4,290,0.001636667875573039,0.8960000276565552
fr_loss,4,300,0.00013770228542853147,0.8960000276565552
fr_loss,5,10,1.9240888357162476,0.8980000019073486
fr_loss,5,20,1.1174448728561401,0.8980000019073486
fr_loss,5,30,0.6900663375854492,0.8980000019073486
fr_loss,5,40,0.43055179715156555,0.8980000019073486
fr_loss,5,50,0.31781595945358276,0.8980000019073486
fr_loss,5,60,0.24288448691368103,0.8980000019073486
fr_loss,5,70,0.19575488567352295,0.8980000019073486
fr_loss,5,80,0.15859772264957428,0.8980000019073486
fr_loss,5,90,0.13090750575065613,0.8980000019073486
fr_loss,5,100,0.10886327177286148,0.8980000019073486
fr_loss,5,110,0.09083357453346252,0.8980000019073486
fr_loss,5,120,0.0757255032658577,0.8980000019073486
fr_loss,5,130,0.06386460363864899,0.8980000019073486
fr_loss,5,140,0.05413065478205681,0.8980000019073486
fr_loss,5,150,0.04630567878484726,0.8980000019073486
fr_loss,5,160,0.03953060507774353,0.8980000019073486
fr_loss,5,170,0.033991679549217224,0.8980000019073486
fr_loss,5,180,0.02915802039206028,0.8980000019073486
fr_loss,5,190,0.025037061423063278,0.8980000019073486
fr_loss,5,200,0.021522432565689087,0.8980000019073486
fr_loss,5,210,0.018778398633003235,0.8980000019073486
fr_loss,5,220,0.016452424228191376,0.8980000019073486
fr_loss,5,230,0.014555899426341057,0.8980000019073486
fr_loss,5,240,0.0134982755407691,0.8980000019073486
fr_loss,5,250,0.011421503499150276,0.8980000019073486
fr_loss,5,260,0.009266478940844536,0.8980000019073486
fr_loss,5,270,0.008400124497711658,0.8980000019073486
fr_loss,5,280,0.006113254465162754,0.8980000019073486
fr_loss,5,290,0.003792473115026951,0.8980000019073486
fr_loss,5,300,0.0001331382227363065,0.8980000019073486
fr_loss,6,10,1.975645661354065,0.8880000114440918
fr_loss,6,20,1.1575442552566528,0.8880000114440918
fr_loss,6,30,0.6955742239952087,0.8880000114440918
fr_loss,6,40,0.44055765867233276,0.8880000114440918
fr_loss,6,50,0.32711827754974365,0.8880000114440918
fr_loss,6,60,0.2556286156177521,0.8880000114440918
fr_loss,6,70,0.20936273038387299,0.8880000114440918
fr_loss,6,80,0.1728004813194275,0.8880000114440918
fr_loss,6,90,0.1439894437789917,0.8880000114440918
fr_loss,6,100,0.1195918545126915,0.8880000114440918
fr_loss,6,110,0.0991639792919159,0.8880000114440918
fr_loss,6,120,0.08324024826288223,0.8880000114440918
fr_loss,6,130,0.07031653076410294,0.8880000114440918
fr_loss,6,140,0.059687189757823944,0.8880000114440918
fr_loss,6,150,0.05099981650710106,0.8880000114440918
fr_loss,6,160,0.04451005160808563,0.8880000114440918
fr_loss,6,170,0.03931238874793053,0.8880000114440918
fr_loss,6,180,0.03485498204827309,0.8880000114440918
fr_loss,6,190,0.030350511893630028,0.8880000114440918
fr_loss,6,200,0.02553737908601761,0.8880000114440918
fr_loss,6,210,0.02115410380065441,0.8880000114440918
fr_loss,6,220,0.017828168347477913,0.8880000114440918
fr_loss,6,230,0.015591618604958057,0.8880000114440918
fr_loss,6,240,0.0120700653642416,0.8880000114440918
fr_loss,6,250,0.01053793728351593,0.8880000114440918
fr_loss,6,260,0.008883736096322536,0.8880000114440918
fr_loss,6,270,0.007223598659038544,0.8880000114440918
fr_loss,6,280,0.005124901887029409,0.8880000114440918
fr_loss,6,290,0.0026944007258862257,0.8880000114440918
fr_loss,6,300,0.00014268721861299127,0.8880000114440918
fr_loss,7,10,2.001333236694336,0.8840000033378601
fr_loss,7,20,1.1387296915054321,0.8840000033378601
fr_loss,7,30,0.6515900492668152,0.8840000033378601
fr_loss,7,40,0.42931413650512695,0.8840000033378601
fr_loss,7,50,0.3122226595878601,0.8840000033378601
fr_loss,7,60,0.24182140827178955,0.8840000033378601
fr_loss,7,70,0.19406495988368988,0.8840000033378601
fr_loss,7,80,0.15795041620731354,0.8840000033378601
fr_loss,7,90,0.12883862853050232,0.8840000033378601
fr_loss,7,100,0.10500318557024002,0.8840000033378601
fr_loss,7,110,0.08664624392986298,0.8840000033378601
fr_loss,7,120,0.07299192249774933,0.8840000033378601
fr_loss,7,130,0.06214248761534691,0.8840000033378601
fr_loss,7,140,0.0533309280872345,0.8840000033378601
fr_loss,7,150,0.04579746350646019,0.8840000033378601
fr_loss,7,160,0.03902050852775574,0.8840000033378601
fr_loss,7,170,0.03273957967758179,0.8840000033378601
fr_loss,7,180,0.02752629853785038,0.8840000033378601
fr_loss,7,190,0.023075200617313385,0.8840000033378601
fr_loss,7,200,0.019375566393136978,0.8840000033378601
fr_loss,7,210,0.01655028574168682,0.8840000033378601
fr_loss,7,220,0.014211494475603104,0.8840000033378601
fr_loss,7,230,0.012215892784297466,0.8840000033378601
fr_loss,7,240,0.010297359898686409,0.8840000033378601
fr_loss,7,250,0.00866660475730896,0.8840000033378601
fr_loss,7,260,0.007767273113131523,0.8840000033378601
fr_loss,7,270,0.005025235004723072,0.8840000033378601
fr_loss,7,280,0.002925490727648139,0.8840000033378601
fr_loss,7,290,0.0016199094243347645,0.8840000033378601
fr_loss,7,300,0.00013770228542853147,0.8840000033378601
fr_loss,8,10,2.025272846221924,0.8999999761581421
fr_loss,8,20,1.1678560972213745,0.8999999761581421
fr_loss,8,30,0.6829420328140259,0.8999999761581421
fr_loss,8,40,0.4474739134311676,0.8999999761581421
fr_loss,8,50,0.32445624470710754,0.8999999761581421
fr_loss,8,60,0.25348711013793945,0.8999999761581421
fr_loss,8,70,0.20452257990837097,0.8999999761581421
fr_loss,8,80,0.167174831032753,0.8999999761581421
fr_loss,8,90,0.13676303625106812,0.8999999761581421
fr_loss,8,100,0.11359447985887527,0.8999999761581421
fr_loss,8,110,0.09539658576250076,0.8999999761581421
fr_loss,8,120,0.08078273385763168,0.8999999761581421
fr_loss,8,130,0.06790757924318314,0.8999999761581421
fr_loss,8,140,0.058315373957157135,0.8999999761581421
fr_loss,8,150,0.05050402507185936,0.8999999761581421
fr_loss,8,160,0.04362213984131813,0.8999999761581421
fr_loss,8,170,0.03659004718065262,0.8999999761581421
fr_loss,8,180,0.03123830445110798,0.8999999761581421
fr_loss,8,190,0.026474667713046074,0.8999999761581421
fr_loss,8,200,0.02256762608885765,0.8999999761581421
fr_loss,8,210,0.019567515701055527,0.8999999761581421
fr_loss,8,220,0.0176174845546484,0.8999999761581421
fr_loss,8,230,0.014287304133176804,0.8999999761581421
fr_loss,8,240,0.01140198390930891,0.8999999761581421
fr_loss,8,250,0.010000000707805157,0.8999999761581421
fr_loss,8,260,0.007346500176936388,0.8999999761581421
fr_loss,8,270,0.005236360710114241,0.8999999761581421
fr_loss,8,280,0.00311312940903008,0.8999999761581421
fr_loss,8,290,0.00172799127176404,0.8999999761581421
fr_loss,8,300,0.00013678157120011747,0.8999999761581421
fr_loss,9,10,1.9994525909423828,0.8920000195503235
fr_loss,9,20,1.1179187297821045,0.8920000195503235
fr_loss,9,30,0.6497313976287842,0.8920000195503235
fr_loss,9,40,0.4223772883415222,0.8920000195503235
fr_loss,9,50,0.30799055099487305,0.8920000195503235
fr_loss,9,60,0.23874157667160034,0.8920000195503235
fr_loss,9,70,0.191301167011261,0.8920000195503235
fr_loss,9,80,0.15712954103946686,0.8920000195503235
fr_loss,9,90,0.1294870227575302,0.8920000195503235
fr_loss,9,100,0.10667181760072708,0.8920000195503235
fr_loss,9,110,0.08876950293779373,0.8920000195503235
fr_loss,9,120,0.0751616582274437,0.8920000195503235
fr_loss,9,130,0.06431591510772705,0.8920000195503235
fr_loss,9,140,0.055063195526599884,0.8920000195503235
fr_loss,9,150,0.04766770452260971,0.8920000195503235
fr_loss,9,160,0.04116838425397873,0.8920000195503235
fr_loss,9,170,0.03605545684695244,0.8920000195503235
fr_loss,9,180,0.031679458916187286,0.8920000195503235
fr_loss,9,190,0.028120428323745728,0.8920000195503235
fr_loss,9,200,0.02467060089111328,0.8920000195503235
fr_loss,9,210,0.021779775619506836,0.8920000195503235
fr_loss,9,220,0.019306063652038574,0.8920000195503235
fr_loss,9,230,0.01768793910741806,0.8920000195503235
fr_loss,9,240,0.015907201915979385,0.8920000195503235
fr_loss,9,250,0.014426547102630138,0.8920000195503235
fr_loss,9,260,0.010886146686971188,0.8920000195503235
fr_loss,9,270,0.009195729158818722,0.8920000195503235
fr_loss,9,280,0.006186607293784618,0.8920000195503235
fr_loss,9,290,0.004010577220469713,0.8920000195503235
fr_loss,9,300,0.0001257725089089945,0.8920000195503235
smoothed,0,10,1.4447044134140015,0.8939999938011169
smoothed,0,20,0.8699946403503418,0.8939999938011169
smoothed,0,30,0.6423079967498779,0.8939999938011169
smoothed,0,40,0.5301106572151184,0.8939999938011169
smoothed,0,50,0.46191105246543884,0.8939999938011169
smoothed,0,60,0.4014042615890503,0.8939999938011169
smoothed,0,70,0.3558213710784912,0.8939999938011169
smoothed,0,80,0.3184513747692108,0.8939999938011169
smoothed,0,90,0.2854306399822235,0.8939999938011169
smoothed,0,100,0.25603583455085754,0.8939999938011169
smoothed,0,110,0.2289852648973465,0.8939999938011169
smoothed,0,120,0.20460593700408936,0.8939999938011169
smoothed,0,130,0.18269576132297516,0.8939999938011169
smoothed,0,140,0.16286464035511017,0.8939999938011169
smoothed,0,150,0.14495068788528442,0.8939999938011169
smoothed,0,160,0.12878625094890594,0.8939999938011169
smoothed,0,170,0.11410879343748093,0.8939999938011169
smoothed,0,180,0.10073495656251907,0.8939999938011169
smoothed,0,190,0.08850868791341782,0.8939999938011169
smoothed,0,200,0.0772235170006752,0.8939999938011169
smoothed,0,210,0.06683111935853958,0.8939999938011169
smoothed,0,220,0.05720333382487297,0.8939999938011169
smoothed,0,230,0.04825539514422417,0.8939999938011169
smoothed,0,240,0.039951391518116,0.8939999938011169
smoothed,0,250,0.032227773219347,0.8939999938011169
smoothed,0,260,0.025023605674505234,0.8939999938011169
smoothed,0,270,0.018244221806526184,0.8939999938011169
smoothed,0,280,0.011846723034977913,0.8939999938011169
smoothed,0,290,0.005793245509266853,0.8939999938011169
smoothed,0,300,8.794603490969166e-05,0.8939999938011169
smoothed,1,10,1.4335963726043701,0.8980000019073486
smoothed,1,20,0.8480218052864075,0.8980000019073486
smoothed,1,30,0.6386881470680237,0.8980000019073486
smoothed,1,40,0.5300340056419373,0.8980000019073486
smoothed,1,50,0.4645117223262787,0.8980000019073486
smoothed,1,60,0.400410532951355,0.8980000019073486
smoothed,1,70,0.3552340567111969,0.8980000019073486
smoothed,1,80,0.3171840310096741,0.8980000019073486
smoothed,1,90,0.28307685256004333,0.8980000019073486
smoothed,1,100,0.253178209066391,0.8980000019073486
smoothed,1,110,0.22615376114845276,0.8980000019073486
smoothed,1,120,0.2020312249660492,0.8980000019073486
smoothed,1,130,0.18038050830364227,0.8980000019073486
smoothed,1,140,0.1608322411775589,0.8980000019073486
smoothed,1,150,0.1431559920310974,0.8980000019073486
smoothed,1,160,0.12716971337795258,0.8980000019073486
smoothed,1,170,0.1127312183380127,0.8980000019073486
smoothed,1,180,0.0995214432477951,0.8980000019073486
smoothed,1,190,0.0873921811580658,0.8980000019073486
smoothed,1,200,0.07620647549629211,0.8980000019073486
smoothed,1,210,0.06588409096002579,0.8980000019073486
smoothed,1,220,0.05635305866599083,0.8980000019073486
smoothed,1,230,0.047512203454971313,0.8980000019073486
smoothed,1,240,0.039300769567489624,0.8980000019073486
smoothed,1,250,0.03167074918746948,0.8980000019073486
smoothed,1,260,0.024549944326281548,0.8980000019073486
smoothed,1,270,0.017872251570224762,0.8980000019073486
smoothed,1,280,0.01159481517970562,0.8980000019073486
smoothed,1,290,0.005672775208950043,0.8980000019073486
smoothed,1,300,9.011863585328683e-05,0.8980000019073486
smoothed,2,10,1.440945029258728,0.8880000114440918
smoothed,2,20,0.8755205273628235,0.8880000114440918
smoothed,2,30,0.6479243040084839,0.8880000114440918
smoothed,2,40,0.533888578414917,0.8880000114440918
smoothed,2,50,0.4634495973587036,0.8880000114440918
smoothed,2,60,0.40329238772392273,0.8880000114440918
smoothed,2,70,0.3591303825378418,0.8880000114440918
smoothed,2,80,0.32121604681015015,0.8880000114440918
smoothed,2,90,0.28780123591423035,0.8880000114440918
smoothed,2,100,0.2579662799835205,0.8880000114440918
smoothed,2,110,0.23100410401821136,0.8880000114440918
smoothed,2,120,0.20667240023612976,0.8880000114440918
smoothed,2,130,0.18465861678123474,0.8880000114440918
smoothed,2,140,0.1645040065050125,0.8880000114440918
smoothed,2,150,0.1463402509689331,0.8880000114440918
smoothed,2,160,0.12997949123382568,0.8880000114440918
smoothed,2,170,0.11512984335422516,0.8880000114440918
smoothed,2,180,0.10160185396671295,0.8880000114440918
smoothed,2,190,0.08922167867422104,0.8880000114440918
smoothed,2,200,0.07782124727964401,0.8880000114440918
smoothed,2,210,0.06733513623476028,0.8880000114440918
smoothed,2,220,0.05764993280172348,0.8880000114440918
smoothed,2,230,0.048650309443473816,0.8880000114440918
smoothed,2,240,0.040254443883895874,0.8880000114440918
smoothed,2,250,0.0324416309595108,0.8880000114440918
smoothed,2,260,0.025158442556858063,0.8880000114440918
smoothed,2,270,0.018345585092902184,0.8880000114440918
smoothed,2,280,0.011915578506886959,0.8880000114440918
smoothed,2,290,0.0058393320068717,0.8880000114440918
smoothed,2,300,8.830522710923105e-05,0.8880000114440918
smoothed,3,10,1.4028689861297607,0.8980000019073486
smoothed,3,20,0.8720584511756897,0.8980000019073486
smoothed,3,30,0.6378821730613708,0.8980000019073486
smoothed,3,40,0.5269556045532227,0.8980000019073486
smoothed,3,50,0.45956820249557495,0.8980000019073486
smoothed,3,60,0.39775171875953674,0.8980000019073486
smoothed,3,70,0.35395824909210205,0.8980000019073486
smoothed,3,80,0.31639352440834045,0.8980000019073486
smoothed,3,90,0.28264322876930237,0.8980000019073486
smoothed,3,100,0.25283220410346985,0.8980000019073486
smoothed,3,110,0.22572414577007294,0.8980000019073486
smoothed,3,120,0.20162522792816162,0.8980000019073486
smoothed,3,130,0.179867222905159,0.8980000019073486
smoothed,3,140,0.16035714745521545,0.8980000019073486
smoothed,3,150,0.1429746001958847,0.8980000019073486
smoothed,3,160,0.12732772529125214,0.8980000019073486
smoothed,3,170,0.11320025473833084,0.8980000019073486
smoothed,3,180,0.10037058591842651,0.8980000019073486
smoothed,3,190,0.0885985717177391,0.8980000019073486
smoothed,3,200,0.07781761884689331,0.8980000019073486
smoothed,3,210,0.06786096841096878,0.8980000019073486
smoothed,3,220,0.05862196534872055,0.8980000019073486
smoothed,3,230,0.04999638721346855,0.8980000019073486
smoothed,3,240,0.0418747216463089,0.8980000019073486
smoothed,3,250,0.03413446992635727,0.8980000019073486
smoothed,3,260,0.02670425735414028,0.8980000019073486
smoothed,3,270,0.019580241292715073,0.8980000019073486
smoothed,3,280,0.012757326476275921,0.8980000019073486
smoothed,3,290,0.006267201621085405,0.8980000019073486
smoothed,3,300,8.788435661699623e-05,0.8980000019073486
smoothed,4,10,1.4072353839874268,0.8999999761581421
smoothed,4,20,0.8463424444198608,0.8999999761581421
smoothed,4,30,0.6338205337524414,0.8999999761581421
smoothed,4,40,0.5242730975151062,0.8999999761581421
smoothed,4,50,0.4535396695137024,0.8999999761581421
smoothed,4,60,0.392006516456604,0.8999999761581421
smoothed,4,70,0.3487403690814972,0.8999999761581421
smoothed,4,80,0.3103726804256439,0.8999999761581421
smoothed,4,90,0.277139276266098,0.8999999761581421
smoothed,4,100,0.24786582589149475,0.8999999761581421
smoothed,4,110,0.22146691381931305,0.8999999761581421
smoothed,4,120,0.19775012135505676,0.8999999761581421
smoothed,4,130,0.17644816637039185,0.8999999761581421
smoothed,4,140,0.1571730077266693,0.8999999761581421
smoothed,4,150,0.13990554213523865,0.8999999761581421
smoothed,4,160,0.12433391064405441,0.8999999761581421
smoothed,4,170,0.11022386699914932,0.8999999761581421
smoothed,4,180,0.09736981242895126,0.8999999761581421
smoothed,4,190,0.08555738627910614,0.8999999761581421
smoothed,4,200,0.07467588037252426,0.8999999761581421
smoothed,4,210,0.06464596837759018,0.8999999761581421
smoothed,4,220,0.05537846311926842,0.8999999761581421
smoothed,4,230,0.04675764963030815,0.8999999761581421
smoothed,4,240,0.038723550736904144,0.8999999761581421
smoothed,4,250,0.031260743737220764,0.8999999761581421
smoothed,4,260,0.024259192869067192,0.8999999761581421
smoothed,4,270,0.01769917830824852,0.8999999761581421
smoothed,4,280,0.011518409475684166,0.8999999761581421
smoothed,4,290,0.005643892101943493,0.8999999761581421
smoothed,4,300,9.066285565495491e-05,0.8999999761581421
smoothed,5,10,1.379651665687561,0.9039999842643738
smoothed,5,20,0.8362387418746948,0.9039999842643738
smoothed,5,30,0.6309586763381958,0.9039999842643738
smoothed,5,40,0.5289881825447083,0.9039999842643738
smoothed,5,50,0.45575177669525146,0.9039999842643738
smoothed,5,60,0.3979319632053375,0.9039999842643738
smoothed,5,70,0.35450562834739685,0.9039999842643738
smoothed,5,80,0.3167876601219177,0.9039999842643738
smoothed,5,90,0.28338631987571716,0.9039999842643738
smoothed,5,100,0.2530970871448517,0.9039999842643738
smoothed,5,110,0.22567273676395416,0.9039999842643738
smoothed,5,120,0.20098519325256348,0.9039999842643738
smoothed,5,130,0.17889465391635895,0.9039999842643738
smoothed,5,140,0.1591663807630539,0.9039999842643738
smoothed,5,150,0.1414051204919815,0.9039999842643738
smoothed,5,160,0.12543751299381256,0.9039999842643738
smoothed,5,170,0.11099571734666824,0.9039999842643738
smoothed,5,180,0.09791503846645355,0.9039999842643738
smoothed,5,190,0.08598238229751587,0.9039999842643738
smoothed,5,200,0.07506255805492401,0.9039999842643738
smoothed,5,210,0.06502080708742142,0.9039999842643738
smoothed,5,220,0.055756062269210815,0.9039999842643738
smoothed,5,230,0.04714982211589813,0.9039999842643738
smoothed,5,240,0.03910199552774429,0.9039999842643738
smoothed,5,250,0.031598545610904694,0.9039999842643738
smoothed,5,260,0.02455710433423519,0.9039999842643738
smoothed,5,270,0.01793915592133999,0.9039999842643738
smoothed,5,280,0.011686792597174644,0.9039999842643738
smoothed,5,290,0.0057405331172049046,0.9039999842643738
smoothed,5,300,8.194505790015683e-05,0.9039999842643738
smoothed,6,10,1.419980764389038,0.8920000195503235
smoothed,6,20,0.8439266681671143,0.8920000195503235
smoothed,6,30,0.6260626912117004,0.8920000195503235
smoothed,6,40,0.522466778755188,0.8920000195503235
smoothed,6,50,0.4576168954372406,0.8920000195503235
smoothed,6,60,0.3993522822856903,0.8920000195503235
smoothed,6,70,0.3548285663127899,0.8920000195503235
smoothed,6,80,0.31786757707595825,0.8920000195503235
smoothed,6,90,0.2845288813114166,0.8920000195503235
smoothed,6,100,0.2551220953464508,0.8920000195503235
smoothed,6,110,0.22837048768997192,0.8920000195503235
smoothed,6,120,0.20425307750701904,0.8920000195503235
smoothed,6,130,0.1826259344816208,0.8920000195503235
smoothed,6,140,0.16285842657089233,0.8920000195503235
smoothed,6,150,0.1449653059244156,0.8920000195503235
smoothed,6,160,0.12863261997699738,0.8920000195503235
smoothed,6,170,0.1138528510928154,0.8920000195503235
smoothed,6,180,0.10041060298681259,0.8920000195503235
smoothed,6,190,0.08814292401075363,0.8920000195503235
smoothed,6,200,0.07688532769680023,0.8920000195503235
smoothed,6,210,0.06647752970457077,0.8920000195503235
smoothed,6,220,0.05687503144145012,0.8920000195503235
smoothed,6,230,0.04796210676431656,0.8920000195503235
smoothed,6,240,0.039713285863399506,0.8920000195503235
smoothed,6,250,0.03202228620648384,0.8920000195503235
smoothed,6,260,0.02481924183666706,0.8920000195503235
smoothed,6,270,0.018077068030834198,0.8920000195503235
smoothed,6,280,0.011730032972991467,0.8920000195503235
smoothed,6,290,0.005733200814574957,0.8920000195503235
smoothed,6,300,9.390075865667313e-05,0.8920000195503235
smoothed,7,10,1.4362146854400635,0.9020000100135803
smoothed,7,20,0.823293149471283,0.9020000100135803
smoothed,7,30,0.6282595992088318,0.9020000100135803
smoothed,7,40,0.5260287523269653,0.9020000100135803
smoothed,7,50,0.4601154029369354,0.9020000100135803
smoothed,7,60,0.3982357680797577,0.9020000100135803
smoothed,7,70,0.35333722829818726,0.9020000100135803
smoothed,7,80,0.31610703468322754,0.9020000100135803
smoothed,7,90,0.28312942385673523,0.9020000100135803
smoothed,7,100,0.2537958025932312,0.9020000100135803
smoothed,7,110,0.22747768461704254,0.9020000100135803
smoothed,7,120,0.20335103571414948,0.9020000100135803
smoothed,7,130,0.18170619010925293,0.9020000100135803
smoothed,7,140,0.16212156414985657,0.9020000100135803
smoothed,7,150,0.14439676702022552,0.9020000100135803
smoothed,7,160,0.12824735045433044,0.9020000100135803
smoothed,7,170,0.11352818459272385,0.9020000100135803
smoothed,7,180,0.10011329501867294,0.9020000100135803
smoothed,7,190,0.08793666213750839,0.9020000100135803
smoothed,7,200,0.07683172821998596,0.9020000100135803
smoothed,7,210,0.06659814715385437,0.9020000100135803
smoothed,7,220,0.05713070556521416,0.9020000100135803
smoothed,7,230,0.04831138625741005,0.9020000100135803
smoothed,7,240,0.04006810113787651,0.9020000100135803
smoothed,7,250,0.032350484281778336,0.9020000100135803
smoothed,7,260,0.02504655160009861,0.9020000100135803
smoothed,7,270,0.01815953478217125,0.9020000100135803
smoothed,7,280,0.011754224076867104,0.9020000100135803
smoothed,7,290,0.005732898600399494,0.9020000100135803
smoothed,7,300,9.490139927947894e-05,0.9020000100135803
smoothed,8,10,1.4579275846481323,0.8980000019073486
smoothed,8,20,0.8374419212341309,0.8980000019073486
smoothed,8,30,0.6303229928016663,0.8980000019073486
smoothed,8,40,0.521674633026123,0.8980000019073486
smoothed,8,50,0.45879238843917847,0.8980000019073486
smoothed,8,60,0.3959076702594757,0.8980000019073486
smoothed,8,70,0.35125717520713806,0.8980000019073486
smoothed,8,80,0.31344056129455566,0.8980000019073486
smoothed,8,90,0.2796905040740967,0.8980000019073486
smoothed,8,100,0.25046056509017944,0.8980000019073486
smoothed,8,110,0.22378087043762207,0.8980000019073486
smoothed,8,120,0.19982917606830597,0.8980000019073486
smoothed,8,130,0.17813432216644287,0.8980000019073486
smoothed,8,140,0.1585642248392105,0.8980000019073486
smoothed,8,150,0.14094534516334534,0.8980000019073486
smoothed,8,160,0.12513893842697144,0.8980000019073486
smoothed,8,170,0.11078432947397232,0.8980000019073486
smoothed,8,180,0.09770506620407104,0.8980000019073486
smoothed,8,190,0.08571869134902954,0.8980000019073486
smoothed,8,200,0.07475683838129044,0.8980000019073486
smoothed,8,210,0.06468690186738968,0.8980000019073486
smoothed,8,220,0.05539852753281593,0.8980000019073486
smoothed,8,230,0.046794719994068146,0.8980000019073486
smoothed,8,240,0.038812022656202316,0.8980000019073486
smoothed,8,250,0.03133769705891609,0.8980000019073486
smoothed,8,260,0.02433442510664463,0.8980000019073486
smoothed,8,270,0.017754556611180305,0.8980000019073486
smoothed,8,280,0.011535459198057652,0.8980000019073486
smoothed,8,290,0.005625602789223194,0.8980000019073486
smoothed,8,300,9.284616680815816e-05,0.8980000019073486
smoothed,9,10,1.4370075464248657,0.9039999842643738
smoothed,9,20,0.8324186205863953,0.9039999842643738
smoothed,9,30,0.6244352459907532,0.9039999842643738
smoothed,9,40,0.523135244846344,0.9039999842643738
smoothed,9,50,0.45436978340148926,0.9039999842643738
smoothed,9,60,0.3931284248828888,0.9039999842643738
smoothed,9,70,0.3508192002773285,0.9039999842643738
smoothed,9,80,0.31366515159606934,0.9039999842643738
smoothed,9,90,0.2809487581253052,0.9039999842643738
smoothed,9,100,0.2520390450954437,0.9039999842643738
smoothed,9,110,0.22582657635211945,0.9039999842643738
smoothed,9,120,0.20196355879306793,0.9039999842643738
smoothed,9,130,0.18026572465896606,0.9039999842643738
smoothed,9,140,0.16062460839748383,0.9039999842643738
smoothed,9,150,0.14286555349826813,0.9039999842643738
smoothed,9,160,0.12669578194618225,0.9039999842643738
smoothed,9,170,0.11202666908502579,0.9039999842643738
smoothed,9,180,0.09868792444467545,0.9039999842643738
smoothed,9,190,0.08650852739810944,0.9039999842643738
smoothed,9,200,0.07539169490337372,0.9039999842643738
smoothed,9,210,0.065178282558918,0.9039999842643738
smoothed,9,220,0.0557602122426033,0.9039999842643738
smoothed,9,230,0.0470731146633625,0.9039999842643738
smoothed,9,240,0.03899787366390228,0.9039999842643738
smoothed,9,250,0.03147493675351143,0.9039999842643738
smoothed,9,260,0.02443849667906761,0.9039999842643738
smoothed,9,270,0.017797471955418587,0.9039999842643738
smoothed,9,280,0.011544342152774334,0.9039999842643738
smoothed,9,290,0.005647925194352865,0.9039999842643738
smoothed,9,300,9.557541488902643e-05,0.9039999842643738
