experiment,dataset,corruption_type,stress_level,objective,baseline,eval_accuracy_n,eval_accuracy_mean_diff,eval_accuracy_wilcoxon_stat,eval_accuracy_wilcoxon_p,eval_accuracy_cliffs_delta,eval_accuracy_positive_seed_count,eval_accuracy_negative_seed_count,eval_accuracy_tie_seed_count,eval_accuracy_direction_consistency,eval_nll_n,eval_nll_mean_diff,eval_nll_wilcoxon_stat,eval_nll_wilcoxon_p,eval_nll_cliffs_delta,eval_nll_positive_seed_count,eval_nll_negative_seed_count,eval_nll_tie_seed_count,eval_nll_direction_consistency,eval_ece_n,eval_ece_mean_diff,eval_ece_wilcoxon_stat,eval_ece_wilcoxon_p,eval_ece_cliffs_delta,eval_ece_positive_seed_count,eval_ece_negative_seed_count,eval_ece_tie_seed_count,eval_ece_direction_consistency,eval_brier_n,eval_brier_mean_diff,eval_brier_wilcoxon_stat,eval_brier_wilcoxon_p,eval_brier_cliffs_delta,eval_brier_positive_seed_count,eval_brier_negative_seed_count,eval_brier_tie_seed_count,eval_brier_direction_consistency,eval_mean_true_probability_n,eval_mean_true_probability_mean_diff,eval_mean_true_probability_wilcoxon_stat,eval_mean_true_probability_wilcoxon_p,eval_mean_true_probability_cliffs_delta,eval_mean_true_probability_positive_seed_count,eval_mean_true_probability_negative_seed_count,eval_mean_true_probability_tie_seed_count,eval_mean_true_probability_direction_consistency,eval_train_corrupted_fraction_n,eval_train_corrupted_fraction_mean_diff,eval_train_corrupted_fraction_wilcoxon_stat,eval_train_corrupted_fraction_wilcoxon_p,eval_train_corrupted_fraction_cliffs_delta,eval_train_corrupted_fraction_positive_seed_count,eval_train_corrupted_fraction_negative_seed_count,eval_train_corrupted_fraction_tie_seed_count,eval_train_corrupted_fraction_direction_consistency,eval_teacher_accuracy_n,eval_teacher_accuracy_mean_diff,eval_teacher_accuracy_wilcoxon_stat,eval_teacher_accuracy_wilcoxon_p,eval_teacher_accuracy_cliffs_delta,eval_teacher_accuracy_positive_seed_count,eval_teacher_accuracy_negative_seed_count,eval_teacher_accuracy_tie_seed_count,eval_teacher_accuracy_direction_consistency,eval_teacher_error_imitation_n,eval_teacher_error_imitation_mean_diff,eval_teacher_error_imitation_wilcoxon_stat,eval_teacher_error_imitation_wilcoxon_p,eval_teacher_error_imitation_cliffs_delta,eval_teacher_error_imitation_positive_seed_count,eval_teacher_error_imitation_negative_seed_count,eval_teacher_error_imitation_tie_seed_count,eval_teacher_error_imitation_direction_consistency,eval_accuracy_on_teacher_wrong_n,eval_accuracy_on_teacher_wrong_mean_diff,eval_accuracy_on_teacher_wrong_wilcoxon_stat,eval_accuracy_on_teacher_wrong_wilcoxon_p,eval_accuracy_on_teacher_wrong_cliffs_delta,eval_accuracy_on_teacher_wrong_positive_seed_count,eval_accuracy_on_teacher_wrong_negative_seed_count,eval_accuracy_on_teacher_wrong_tie_seed_count,eval_accuracy_on_teacher_wrong_direction_consistency,eval_teacher_student_js_n,eval_teacher_student_js_mean_diff,eval_teacher_student_js_wilcoxon_stat,eval_teacher_student_js_wilcoxon_p,eval_teacher_student_js_cliffs_delta,eval_teacher_student_js_positive_seed_count,eval_teacher_student_js_negative_seed_count,eval_teacher_student_js_tie_seed_count,eval_teacher_student_js_direction_consistency
distillation,digits,class_confusion,0.1,fisher_rao,kl,10,0.06814814814814814,0.0,0.001953125,1.0,10,0,0,1.0,10,-0.12851878851652146,3.0,0.009765625,-0.64,1,9,0,0.9,10,0.013760093422951527,5.0,0.01953125,0.7,8,2,0,0.8,10,-0.09669961109757423,0.0,0.001953125,-1.0,0,10,0,1.0,10,0.11865248084068299,0.0,0.001953125,1.0,10,0,0,1.0,10,0.0,0.0,1.0,0.0,0,0,10,1.0,10,0.0,0.0,1.0,0.0,0,0,10,1.0,10,0.23122518910705409,2.0,0.005859375,0.92,9,1,0,0.9,10,-0.053571405775353145,3.0,0.01953125,-0.39,2,7,1,0.7,10,-0.06328179221600294,0.0,0.001953125,-1.0,0,10,0,1.0
distillation,digits,class_confusion,0.1,hellinger,kl,10,0.06814814814814814,0.0,0.001953125,1.0,10,0,0,1.0,10,-0.11172631531953811,5.0,0.01953125,-0.48,1,9,0,0.9,10,0.016881716830862918,3.0,0.009765625,0.76,9,1,0,0.9,10,-0.09534834623336792,0.0,0.001953125,-1.0,0,10,0,1.0,10,0.11940218806266785,0.0,0.001953125,1.0,10,0,0,1.0,10,0.0,0.0,1.0,0.0,0,0,10,1.0,10,0.0,0.0,1.0,0.0,0,0,10,1.0,10,0.23850858424371008,1.0,0.00390625,0.91,9,1,0,0.9,10,-0.07006302038767713,1.0,0.00390625,-0.54,1,9,0,0.9,10,-0.06343342531472444,0.0,0.001953125,-1.0,0,10,0,1.0
distillation,digits,class_confusion,0.1,jensen_shannon,kl,10,0.07277777777777776,0.0,0.001953125,1.0,10,0,0,1.0,10,-0.122966830432415,4.0,0.013671875,-0.56,1,9,0,0.9,10,0.01404176269416455,2.0,0.005859375,0.7,9,1,0,0.9,10,-0.10340472161769867,0.0,0.001953125,-1.0,0,10,0,1.0,10,0.1255441427230835,0.0,0.001953125,1.0,10,0,0,1.0,10,0.0,0.0,1.0,0.0,0,0,10,1.0,10,0.0,0.0,1.0,0.0,0,0,10,1.0,10,0.22350209459906253,1.0,0.00390625,0.96,9,1,0,0.9,10,-0.06460669633724553,2.0,0.0234375,-0.58,1,7,2,0.7,10,-0.06427221074700355,0.0,0.001953125,-1.0,0,10,0,1.0
distillation,digits,class_confusion,0.1,kl_capped,kl,10,0.03333333333333335,5.0,0.01953125,0.76,9,1,0,0.9,10,0.26317876279354097,9.0,0.064453125,0.46,7,3,0,0.7,10,0.04675223549758948,0.0,0.001953125,0.92,10,0,0,1.0,10,-0.03495997115969658,10.0,0.083984375,-0.6,2,8,0,0.8,10,0.08673171401023864,0.0,0.001953125,0.9,10,0,0,1.0,10,0.0,0.0,1.0,0.0,0,0,10,1.0,10,0.0,0.0,1.0,0.0,0,0,10,1.0,10,0.15731389258849213,1.0,0.0078125,0.76,8,1,1,0.8,10,-0.053449270114029855,11.0,0.095703125,-0.44,2,8,0,0.8,10,-0.037656378000974655,0.0,0.001953125,-0.82,0,10,0,1.0
distillation,digits,class_confusion,0.1,kl_smoothed,kl,10,0.02777777777777777,0.0,0.001953125,0.96,10,0,0,1.0,10,-0.07796676754951477,3.0,0.009765625,-0.48,1,9,0,0.9,10,0.0055757139292028175,16.0,0.275390625,0.34,6,4,0,0.6,10,-0.04234669953584671,0.0,0.001953125,-0.94,0,10,0,1.0,10,0.04824935793876648,0.0,0.001953125,1.0,10,0,0,1.0,10,0.0,0.0,1.0,0.0,0,0,10,1.0,10,0.0,0.0,1.0,0.0,0,0,10,1.0,10,0.06834191686594433,11.0,0.10546875,0.42,7,3,0,0.7,10,0.001795233826126269,20.0,0.8203125,-0.01,6,3,1,0.6,10,-0.02464219704270363,0.0,0.001953125,-1.0,0,10,0,1.0
distillation,digits,class_confusion,0.3,fisher_rao,kl,10,0.07370370370370373,0.0,0.001953125,1.0,10,0,0,1.0,10,0.1096329391002655,5.0,0.01953125,0.54,9,1,0,0.9,10,0.07249403973972356,0.0,0.001953125,1.0,10,0,0,1.0,10,-0.0729364812374115,0.0,0.001953125,-0.88,0,10,0,1.0,10,0.15578621625900269,0.0,0.001953125,1.0,10,0,0,1.0,10,0.0,0.0,1.0,0.0,0,0,10,1.0,10,0.0,0.0,1.0,0.0,0,0,10,1.0,10,0.03969512446915193,12.0,0.25,0.26,5,4,1,0.5,10,0.02737578092841251,11.0,0.3828125,0.24,4,4,2,0.4,10,-0.05780550986528397,0.0,0.001953125,-1.0,0,10,0,1.0
distillation,digits,class_confusion,0.3,hellinger,kl,10,0.10092592592592595,0.0,0.001953125,1.0,10,0,0,1.0,10,0.13136186003684996,6.0,0.02734375,0.52,7,3,0,0.7,10,0.07663133668126883,0.0,0.001953125,1.0,10,0,0,1.0,10,-0.10000960528850555,0.0,0.001953125,-0.94,0,10,0,1.0,10,0.18950685262680053,0.0,0.001953125,1.0,10,0,0,1.0,10,0.0,0.0,1.0,0.0,0,0,10,1.0,10,0.0,0.0,1.0,0.0,0,0,10,1.0,10,0.07569169615651308,7.0,0.07421875,0.4,6,3,1,0.6,10,0.04894919138340191,10.0,0.15625,0.35,6,3,1,0.6,10,-0.07219255194067956,0.0,0.001953125,-1.0,0,10,0,1.0
distillation,digits,class_confusion,0.3,jensen_shannon,kl,10,0.1335185185185185,0.0,0.001953125,1.0,10,0,0,1.0,10,0.104678875207901,16.0,0.275390625,0.28,6,4,0,0.6,10,0.06287186742380814,0.0,0.001953125,0.98,10,0,0,1.0,10,-0.14611266702413558,0.0,0.001953125,-0.98,0,10,0,1.0,10,0.22655336260795594,0.0,0.001953125,1.0,10,0,0,1.0,10,0.0,0.0,1.0,0.0,0,0,10,1.0,10,0.0,0.0,1.0,0.0,0,0,10,1.0,10,0.12981439082983706,4.0,0.013671875,0.64,9,1,0,0.9,10,0.020675505971558608,13.0,0.9375,0.0,4,3,3,0.4,10,-0.09237509816884995,0.0,0.001953125,-1.0,0,10,0,1.0
distillation,digits,class_confusion,0.3,kl_capped,kl,10,-0.37870370370370365,0.0,0.001953125,-1.0,0,10,0,1.0,10,1.0787450075149536,0.0,0.001953125,1.0,10,0,0,1.0,10,0.050677258521318436,2.0,0.005859375,0.84,9,1,0,0.9,10,0.387605807185173,0.0,0.001953125,1.0,10,0,0,1.0,10,-0.3710466116666794,0.0,0.001953125,-1.0,0,10,0,1.0,10,0.0,0.0,1.0,0.0,0,0,10,1.0,10,0.0,0.0,1.0,0.0,0,0,10,1.0,10,0.008803582340481652,22.0,1.0,0.06,4,5,1,0.5,10,-0.09244125451362292,5.0,0.078125,-0.57,2,6,2,0.6,10,0.23484456092119216,0.0,0.001953125,1.0,10,0,0,1.0
distillation,digits,class_confusion,0.3,kl_smoothed,kl,10,-0.004444444444444429,9.0,0.060546875,-0.19,2,8,0,0.8,10,0.02115345001220703,1.0,0.00390625,0.2,9,1,0,0.9,10,-0.0007845851558226227,27.0,1.0,-0.02,5,5,0,0.5,10,0.0050040483474731445,1.0,0.00390625,0.2,9,1,0,0.9,10,0.0005894660949707031,16.0,0.275390625,0.0,6,4,0,0.6,10,0.0,0.0,1.0,0.0,0,0,10,1.0,10,0.0,0.0,1.0,0.0,0,0,10,1.0,10,-0.005531424281424285,6.0,0.8125,0.0,3,2,5,0.5,10,0.006974902534113064,1.0,0.25,0.02,3,1,6,0.6,10,0.0008554086089134216,7.0,0.037109375,0.18,9,1,0,0.9
distillation,digits,clean,0.0,fisher_rao,kl,10,0.0007407407407407751,20.5,0.484375,0.04,6,4,0,0.6,10,0.035718271136283876,11.0,0.10546875,0.14,7,3,0,0.7,10,0.004167092365247237,3.0,0.009765625,0.4,9,1,0,0.9,10,0.0018609039485454558,18.0,0.375,0.08,6,4,0,0.6,10,0.0019747912883758545,9.0,0.064453125,0.18,8,2,0,0.8,10,0.0,0.0,1.0,0.0,0,0,10,1.0,10,0.0,0.0,1.0,0.0,0,0,10,1.0,10,-0.1297582932279729,0.0,0.00390625,-0.73,0,9,1,0.9,10,0.09469878225599049,1.0,0.00390625,0.69,9,1,0,0.9,10,0.007862675539217889,0.0,0.001953125,0.94,10,0,0,1.0
distillation,digits,clean,0.0,hellinger,kl,10,-0.0011111111111110961,20.0,0.474609375,-0.04,3,7,0,0.7,10,0.03993268013000488,8.0,0.048828125,0.16,7,3,0,0.7,10,0.0031030551978835246,12.0,0.130859375,0.22,7,3,0,0.7,10,0.0018617451190948487,19.0,0.431640625,0.1,8,2,0,0.8,10,0.0018534421920776366,18.0,0.375,0.12,6,4,0,0.6,10,0.0,0.0,1.0,0.0,0,0,10,1.0,10,0.0,0.0,1.0,0.0,0,0,10,1.0,10,-0.12093899197875171,1.0,0.00390625,-0.7,1,9,0,0.9,10,0.07968536494852284,1.0,0.0078125,0.68,8,1,1,0.8,10,0.009053785796277225,0.0,0.001953125,0.92,10,0,0,1.0
distillation,digits,clean,0.0,jensen_shannon,kl,10,-0.0005555555555555314,21.0,0.8828125,-0.08,5,4,1,0.5,10,0.03406483381986618,10.0,0.083984375,0.18,8,2,0,0.8,10,0.0032528414935977445,10.0,0.083984375,0.2,8,2,0,0.8,10,0.0016393713653087617,19.0,0.431640625,0.06,7,3,0,0.7,10,0.002061206102371216,13.0,0.16015625,0.22,7,3,0,0.7,10,0.0,0.0,1.0,0.0,0,0,10,1.0,10,0.0,0.0,1.0,0.0,0,0,10,1.0,10,-0.17230962231248273,0.0,0.001953125,-0.82,0,10,0,1.0,10,0.12378848323642375,0.0,0.00390625,0.77,9,0,1,0.9,10,0.011966990469954909,0.0,0.001953125,0.96,10,0,0,1.0
distillation,digits,clean,0.0,kl_capped,kl,10,-0.015370370370370357,1.0,0.00390625,-0.69,1,9,0,0.9,10,0.24556872099637986,0.0,0.001953125,0.84,10,0,0,1.0,10,0.01808134138032242,0.0,0.001953125,0.76,10,0,0,1.0,10,0.03190107047557831,0.0,0.001953125,0.8,10,0,0,1.0,10,-0.012921142578125,2.0,0.005859375,-0.64,1,9,0,0.9,10,0.0,0.0,1.0,0.0,0,0,10,1.0,10,0.0,0.0,1.0,0.0,0,0,10,1.0,10,-0.27079918953202703,0.0,0.001953125,-0.98,0,10,0,1.0,10,0.179908337798784,1.0,0.00390625,0.88,9,1,0,0.9,10,0.026130383904092013,0.0,0.001953125,1.0,10,0,0,1.0
distillation,digits,clean,0.0,kl_smoothed,kl,10,1.1102230246251566e-17,4.0,1.0,0.03,2,2,6,0.6,10,0.007268005609512329,12.0,0.130859375,0.04,8,2,0,0.8,10,-0.0007339639630582359,20.0,0.4921875,-0.06,4,6,0,0.6,10,0.00025381818413734437,25.0,0.845703125,0.0,6,4,0,0.6,10,1.1610984802246094e-05,27.0,1.0,0.02,5,5,0,0.5,10,0.0,0.0,1.0,0.0,0,0,10,1.0,10,0.0,0.0,1.0,0.0,0,0,10,1.0,10,-0.008966861598440545,0.0,0.5,-0.08,0,2,8,0.8,10,0.011530964162543105,0.0,0.25,0.13,3,0,7,0.7,10,0.0004619990009814501,13.0,0.16015625,0.12,7,3,0,0.7
distillation,digits,high_temperature,0.1,fisher_rao,kl,10,0.001666666666666683,12.0,0.23828125,0.11,6,3,1,0.6,10,0.018432846665382384,20.0,0.4921875,0.02,6,4,0,0.6,10,0.001639754104393485,25.0,0.845703125,0.08,4,6,0,0.6,10,-0.00012382045388221742,27.0,1.0,0.04,6,4,0,0.6,10,0.0031082212924957277,3.0,0.009765625,0.24,8,2,0,0.8,10,0.0,0.0,1.0,0.0,0,0,10,1.0,10,0.0,0.0,1.0,0.0,0,0,10,1.0,10,-0.12087638310035338,0.0,0.00390625,-0.66,0,9,1,0.9,10,0.08211934968513915,1.0,0.0078125,0.75,8,1,1,0.8,10,0.006105250515975058,0.0,0.001953125,0.82,10,0,0,1.0
distillation,digits,high_temperature,0.1,hellinger,kl,10,0.00277777777777779,3.5,0.09375,0.16,5,2,3,0.5,10,0.01578192561864853,17.0,0.322265625,0.08,7,3,0,0.7,10,0.00011904960429226299,23.0,0.6953125,0.0,6,4,0,0.6,10,-0.002338524162769318,21.0,0.556640625,-0.1,4,6,0,0.6,10,0.004065656661987304,6.0,0.02734375,0.24,8,2,0,0.8,10,0.0,0.0,1.0,0.0,0,0,10,1.0,10,0.0,0.0,1.0,0.0,0,0,10,1.0,10,-0.13746229982213962,0.0,0.00390625,-0.73,0,9,1,0.9,10,0.08772108854774759,2.0,0.005859375,0.78,9,1,0,0.9,10,0.006641819444485009,0.0,0.001953125,0.86,10,0,0,1.0
distillation,digits,high_temperature,0.1,jensen_shannon,kl,10,0.0033333333333333435,13.5,0.171875,0.2,6,4,0,0.6,10,0.02797061949968338,11.0,0.10546875,0.12,7,3,0,0.7,10,0.0008784873121314366,23.0,0.6953125,0.08,5,5,0,0.5,10,-0.001598416268825531,23.0,0.6953125,-0.06,4,6,0,0.6,10,0.004279994964599609,10.0,0.083984375,0.22,7,3,0,0.7,10,0.0,0.0,1.0,0.0,0,0,10,1.0,10,0.0,0.0,1.0,0.0,0,0,10,1.0,10,-0.17267055690110614,0.0,0.00390625,-0.81,0,9,1,0.9,10,0.1261988633370212,0.0,0.0078125,0.86,8,0,2,0.8,10,0.009874438890255988,0.0,0.001953125,0.94,10,0,0,1.0
distillation,digits,high_temperature,0.1,kl_capped,kl,10,-0.062222222222222213,0.0,0.001953125,-1.0,0,10,0,1.0,10,0.5728017255663872,0.0,0.001953125,1.0,10,0,0,1.0,10,0.0542358677309972,0.0,0.001953125,1.0,10,0,0,1.0,10,0.11545041427016259,0.0,0.001953125,1.0,10,0,0,1.0,10,-0.0625156044960022,0.0,0.001953125,-1.0,0,10,0,1.0,10,0.0,0.0,1.0,0.0,0,0,10,1.0,10,0.0,0.0,1.0,0.0,0,0,10,1.0,10,-0.1983958685846558,1.0,0.00390625,-0.86,1,9,0,0.9,10,0.07190958155203006,5.0,0.01953125,0.63,8,2,0,0.8,10,0.05008701824117452,0.0,0.001953125,1.0,10,0,0,1.0
distillation,digits,high_temperature,0.1,kl_smoothed,kl,10,-0.00018518518518518824,20.5,0.86328125,-0.02,5,4,1,0.5,10,0.00035951584577560426,24.0,0.76953125,0.02,6,4,0,0.6,10,-0.001168137579052548,15.0,0.232421875,-0.08,4,6,0,0.6,10,0.000629996508359909,18.0,0.375,0.04,7,3,0,0.7,10,0.0003098189830780029,18.0,0.375,0.04,7,3,0,0.7,10,0.0,0.0,1.0,0.0,0,0,10,1.0,10,0.0,0.0,1.0,0.0,0,0,10,1.0,10,-0.02803686566844462,0.0,0.0625,-0.14,0,5,5,0.5,10,0.007759564075353546,5.0,0.3125,0.15,4,2,4,0.4,10,0.0009812557836994529,0.0,0.001953125,0.2,10,0,0,1.0
distillation,digits,high_temperature,0.3,fisher_rao,kl,10,0.003333333333333355,12.0,0.2421875,0.11,6,3,1,0.6,10,0.03098624050617218,10.0,0.083984375,0.14,6,4,0,0.6,10,0.008479402622690911,4.0,0.013671875,0.42,9,1,0,0.9,10,0.0003347977995872498,25.0,0.845703125,-0.02,6,4,0,0.6,10,0.008343428373336792,0.0,0.001953125,0.42,10,0,0,1.0,10,0.0,0.0,1.0,0.0,0,0,10,1.0,10,0.0,0.0,1.0,0.0,0,0,10,1.0,10,-0.05134710495694478,3.0,0.01953125,-0.37,1,8,1,0.8,10,0.03791537778379884,3.0,0.0390625,0.52,7,1,2,0.7,10,0.0011285243555903435,13.0,0.16015625,0.18,6,4,0,0.6
distillation,digits,high_temperature,0.3,hellinger,kl,10,0.002962962962962967,16.0,0.484375,0.1,6,3,1,0.6,10,0.032203152775764465,6.0,0.02734375,0.18,7,3,0,0.7,10,0.008238439493709133,7.0,0.037109375,0.38,8,2,0,0.8,10,0.0005494117736816406,20.0,0.4921875,0.08,6,4,0,0.6,10,0.007225328683853149,2.0,0.005859375,0.36,9,1,0,0.9,10,0.0,0.0,1.0,0.0,0,0,10,1.0,10,0.0,0.0,1.0,0.0,0,0,10,1.0,10,-0.04287207474278411,2.0,0.01171875,-0.31,1,8,1,0.8,10,0.03442235386743396,6.0,0.05078125,0.51,7,2,1,0.7,10,0.001636540237814188,4.0,0.013671875,0.36,9,1,0,0.9
distillation,digits,high_temperature,0.3,jensen_shannon,kl,10,0.005370370370370381,11.5,0.11328125,0.3,7,3,0,0.7,10,0.036489807069301605,10.0,0.083984375,0.16,6,4,0,0.6,10,0.005336064861880411,15.0,0.232421875,0.26,6,4,0,0.6,10,-0.0025756262242794038,19.0,0.431640625,-0.04,4,6,0,0.6,10,0.009707564115524292,0.0,0.001953125,0.52,10,0,0,1.0,10,0.0,0.0,1.0,0.0,0,0,10,1.0,10,0.0,0.0,1.0,0.0,0,0,10,1.0,10,-0.0977082674937366,2.0,0.01171875,-0.55,1,8,1,0.8,10,0.07344394857552752,0.0,0.00390625,0.67,9,0,1,0.9,10,0.0034226300194859505,2.0,0.005859375,0.58,9,1,0,0.9
distillation,digits,high_temperature,0.3,kl_capped,kl,10,-0.4529629629629629,0.0,0.001953125,-1.0,0,10,0,1.0,10,1.394859567284584,0.0,0.001953125,1.0,10,0,0,1.0,10,0.14485780377906782,0.0,0.001953125,1.0,10,0,0,1.0,10,0.5638527706265449,0.0,0.001953125,1.0,10,0,0,1.0,10,-0.4823985457420349,0.0,0.001953125,-1.0,0,10,0,1.0,10,0.0,0.0,1.0,0.0,0,0,10,1.0,10,0.0,0.0,1.0,0.0,0,0,10,1.0,10,-0.33792613340954303,0.0,0.001953125,-1.0,0,10,0,1.0,10,0.09782600297760481,1.0,0.0078125,0.67,8,1,1,0.8,10,0.2933101925998926,0.0,0.001953125,1.0,10,0,0,1.0
distillation,digits,high_temperature,0.3,kl_smoothed,kl,10,-0.0022222222222222144,8.0,0.1953125,-0.13,2,6,2,0.6,10,0.03375591933727264,0.0,0.001953125,0.22,10,0,0,1.0,10,0.00492455664056318,8.0,0.048828125,0.2,7,3,0,0.7,10,0.005349444597959519,0.0,0.001953125,0.2,10,0,0,1.0,10,0.00015364885330200196,25.0,0.845703125,0.06,5,5,0,0.5,10,0.0,0.0,1.0,0.0,0,0,10,1.0,10,0.0,0.0,1.0,0.0,0,0,10,1.0,10,0.006914969480758948,10.0,0.578125,0.03,5,2,3,0.5,10,0.0017583505784306702,13.0,0.9375,0.05,4,3,3,0.4,10,0.0010402423329651355,0.0,0.001953125,0.28,10,0,0,1.0
distillation,digits,low_temperature,0.1,fisher_rao,kl,10,0.0005555555555555869,18.0,0.63671875,0.0,6,3,1,0.6,10,0.0376748725771904,9.0,0.064453125,0.12,7,3,0,0.7,10,0.004125853368529582,5.0,0.01953125,0.36,9,1,0,0.9,10,0.0026679679751396177,16.0,0.275390625,0.16,6,4,0,0.6,10,0.0017349898815155029,15.0,0.232421875,0.1,5,5,0,0.5,10,0.0,0.0,1.0,0.0,0,0,10,1.0,10,0.0,0.0,1.0,0.0,0,0,10,1.0,10,-0.13032046254014218,0.0,0.00390625,-0.8,0,9,1,0.9,10,0.09168952299673123,1.0,0.00390625,0.73,9,1,0,0.9,10,0.0082304178038612,0.0,0.001953125,0.94,10,0,0,1.0
distillation,digits,low_temperature,0.1,hellinger,kl,10,-0.0005555555555555314,24.0,0.755859375,0.03,5,5,0,0.5,10,0.040135440230369565,8.0,0.048828125,0.16,7,3,0,0.7,10,0.003508326571296791,9.0,0.064453125,0.3,7,3,0,0.7,10,0.00209718644618988,21.0,0.556640625,0.08,7,3,0,0.7,10,0.0018417954444885254,19.0,0.431640625,0.1,5,5,0,0.5,10,0.0,0.0,1.0,0.0,0,0,10,1.0,10,0.0,0.0,1.0,0.0,0,0,10,1.0,10,-0.1295734927757239,1.0,0.00390625,-0.8,1,9,0,0.9,10,0.09529927077981999,1.0,0.00390625,0.77,9,1,0,0.9,10,0.009326826059259474,0.0,0.001953125,0.92,10,0,0,1.0
distillation,digits,low_temperature,0.1,jensen_shannon,kl,10,3.3306690738754695e-17,20.5,0.84375,-0.04,5,4,1,0.5,10,0.03958814442157745,5.0,0.01953125,0.26,9,1,0,0.9,10,0.0046112898047323625,8.0,0.048828125,0.5,8,2,0,0.8,10,0.0032596006989479066,16.0,0.275390625,0.16,7,3,0,0.7,10,0.001430070400238037,16.0,0.275390625,0.16,7,3,0,0.7,10,0.0,0.0,1.0,0.0,0,0,10,1.0,10,0.0,0.0,1.0,0.0,0,0,10,1.0,10,-0.19350457830148904,0.0,0.001953125,-0.84,0,10,0,1.0,10,0.13730227980514026,0.0,0.00390625,0.83,9,0,1,0.9,10,0.012417821609415115,0.0,0.001953125,0.98,10,0,0,1.0
distillation,digits,low_temperature,0.1,kl_capped,kl,10,-0.02518518518518519,1.0,0.00390625,-0.86,1,9,0,0.9,10,0.4373213455080986,0.0,0.001953125,0.98,10,0,0,1.0,10,0.02873253479048059,0.0,0.001953125,1.0,10,0,0,1.0,10,0.052314667403697966,0.0,0.001953125,1.0,10,0,0,1.0,10,-0.02270413041114807,1.0,0.00390625,-0.86,1,9,0,0.9,10,0.0,0.0,1.0,0.0,0,0,10,1.0,10,0.0,0.0,1.0,0.0,0,0,10,1.0,10,-0.2586567200325781,0.0,0.001953125,-1.0,0,10,0,1.0,10,0.16475685300056012,0.0,0.001953125,0.91,10,0,0,1.0,10,0.03300829792860895,0.0,0.001953125,1.0,10,0,0,1.0
distillation,digits,low_temperature,0.1,kl_smoothed,kl,10,0.0005555555555555758,4.5,0.3125,0.06,4,2,4,0.4,10,0.007930204272270203,10.0,0.083984375,0.04,8,2,0,0.8,10,-0.0007977931587784183,17.0,0.322265625,-0.08,3,7,0,0.7,10,0.000277380645275116,25.0,0.845703125,-0.02,5,5,0,0.5,10,-3.8182735443115236e-05,26.0,0.921875,0.02,5,5,0,0.5,10,0.0,0.0,1.0,0.0,0,0,10,1.0,10,0.0,0.0,1.0,0.0,0,0,10,1.0,10,-0.007894736842105265,0.0,1.0,-0.07,0,1,9,0.9,10,0.007827260458839403,0.0,0.5,0.08,2,0,8,0.8,10,0.0004391811555251479,14.0,0.193359375,0.12,7,3,0,0.7
distillation,digits,low_temperature,0.3,fisher_rao,kl,10,0.00037037037037038754,11.0,0.3671875,0.03,5,3,2,0.5,10,0.03953329175710678,8.0,0.048828125,0.12,7,3,0,0.7,10,0.0028454799067091064,12.0,0.130859375,0.24,8,2,0,0.8,10,0.0018983155488967896,20.0,0.4921875,0.02,5,5,0,0.5,10,0.002147608995437622,11.0,0.10546875,0.2,7,3,0,0.7,10,0.0,0.0,1.0,0.0,0,0,10,1.0,10,0.0,0.0,1.0,0.0,0,0,10,1.0,10,-0.12367636833025848,0.0,0.001953125,-0.78,0,10,0,1.0,10,0.08209104764167693,1.0,0.00390625,0.73,9,1,0,0.9,10,0.008374535106122493,0.0,0.001953125,0.94,10,0,0,1.0
distillation,digits,low_temperature,0.3,hellinger,kl,10,-0.0012962962962962733,17.0,0.56640625,-0.08,5,4,1,0.5,10,0.04658215194940567,7.0,0.037109375,0.2,8,2,0,0.8,10,0.0038888797826237102,14.0,0.193359375,0.28,8,2,0,0.8,10,0.004321740567684173,16.0,0.275390625,0.18,7,3,0,0.7,10,0.0008971750736236572,22.0,0.625,0.04,5,5,0,0.5,10,0.0,0.0,1.0,0.0,0,0,10,1.0,10,0.0,0.0,1.0,0.0,0,0,10,1.0,10,-0.13389186660067665,1.0,0.0078125,-0.83,1,8,1,0.8,10,0.09692886560020428,1.0,0.0078125,0.76,8,1,1,0.8,10,0.010321244690567255,0.0,0.001953125,0.94,10,0,0,1.0
distillation,digits,low_temperature,0.3,jensen_shannon,kl,10,-0.0014814814814814836,17.5,0.59765625,-0.06,4,5,1,0.5,10,0.04874413758516312,6.0,0.02734375,0.26,8,2,0,0.8,10,0.0056737330997431844,6.0,0.02734375,0.44,8,2,0,0.8,10,0.005621708929538727,8.0,0.048828125,0.26,8,2,0,0.8,10,0.00030245184898376466,23.0,0.6953125,0.04,6,4,0,0.6,10,0.0,0.0,1.0,0.0,0,0,10,1.0,10,0.0,0.0,1.0,0.0,0,0,10,1.0,10,-0.1819563620250119,0.0,0.001953125,-0.84,0,10,0,1.0,10,0.13219988823535733,0.0,0.00390625,0.85,9,0,1,0.9,10,0.012853914219886065,0.0,0.001953125,0.98,10,0,0,1.0
distillation,digits,low_temperature,0.3,kl_capped,kl,10,-0.10333333333333332,0.0,0.001953125,-0.9,0,10,0,1.0,10,1.8045551180839539,0.0,0.001953125,1.0,10,0,0,1.0,10,0.1029160715474023,0.0,0.001953125,1.0,10,0,0,1.0,10,0.20336297303438186,0.0,0.001953125,0.98,10,0,0,1.0,10,-0.10020800232887268,0.0,0.001953125,-0.88,0,10,0,1.0,10,0.0,0.0,1.0,0.0,0,0,10,1.0,10,0.0,0.0,1.0,0.0,0,0,10,1.0,10,-0.29499317867166835,0.0,0.001953125,-1.0,0,10,0,1.0,10,0.19874415254707017,0.0,0.001953125,0.98,10,0,0,1.0,10,0.09105112086981534,0.0,0.001953125,1.0,10,0,0,1.0
distillation,digits,low_temperature,0.3,kl_smoothed,kl,10,0.0012962962962962954,2.0,0.1875,0.1,4,1,5,0.5,10,0.008775334060192107,9.0,0.064453125,0.06,9,1,0,0.9,10,-2.9534322244129108e-05,27.0,1.0,-0.04,4,6,0,0.6,10,0.000276339054107666,23.0,0.6953125,-0.02,5,5,0,0.5,10,-7.697343826293946e-05,25.0,0.845703125,0.02,5,5,0,0.5,10,0.0,0.0,1.0,0.0,0,0,10,1.0,10,0.0,0.0,1.0,0.0,0,0,10,1.0,10,-0.004255831887410832,2.0,0.75,-0.08,1,2,7,0.7,10,0.013169140800719747,0.0,0.25,0.09,3,0,7,0.7,10,0.00045458667445927856,12.0,0.130859375,0.12,7,3,0,0.7
distillation,digits,random_wrong,0.1,fisher_rao,kl,10,0.06592592592592592,0.0,0.001953125,1.0,10,0,0,1.0,10,-0.10849698930978775,3.0,0.009765625,-0.54,1,9,0,0.9,10,0.01589930766434582,1.0,0.00390625,0.72,9,1,0,0.9,10,-0.09012627452611924,0.0,0.001953125,-1.0,0,10,0,1.0,10,0.13234938979148864,0.0,0.001953125,1.0,10,0,0,1.0,10,0.0,0.0,1.0,0.0,0,0,10,1.0,10,0.0,0.0,1.0,0.0,0,0,10,1.0,10,0.2041415450611675,0.0,0.001953125,0.97,10,0,0,1.0,10,-0.0793979240103382,7.0,0.07421875,-0.46,2,7,1,0.7,10,-0.0663233108818531,0.0,0.001953125,-1.0,0,10,0,1.0
distillation,digits,random_wrong,0.1,hellinger,kl,10,0.07037037037037036,0.0,0.001953125,1.0,10,0,0,1.0,10,-0.1246789887547493,1.0,0.00390625,-0.62,1,9,0,0.9,10,0.012757766646919449,5.0,0.01953125,0.6,9,1,0,0.9,10,-0.09538099244236946,0.0,0.001953125,-1.0,0,10,0,1.0,10,0.13553603887557983,0.0,0.001953125,1.0,10,0,0,1.0,10,0.0,0.0,1.0,0.0,0,0,10,1.0,10,0.0,0.0,1.0,0.0,0,0,10,1.0,10,0.21253246851788038,0.0,0.001953125,0.99,10,0,0,1.0,10,-0.06186761092510521,7.0,0.07421875,-0.41,2,7,1,0.7,10,-0.06806975323706865,0.0,0.001953125,-1.0,0,10,0,1.0
distillation,digits,random_wrong,0.1,jensen_shannon,kl,10,0.07074074074074074,0.0,0.001953125,1.0,10,0,0,1.0,10,-0.11640598177909851,4.0,0.013671875,-0.6,2,8,0,0.8,10,0.013137615822531572,1.0,0.00390625,0.7,9,1,0,0.9,10,-0.0954934686422348,0.0,0.001953125,-1.0,0,10,0,1.0,10,0.1366605281829834,0.0,0.001953125,1.0,10,0,0,1.0,10,0.0,0.0,1.0,0.0,0,0,10,1.0,10,0.0,0.0,1.0,0.0,0,0,10,1.0,10,0.18403689848912957,0.0,0.001953125,0.99,10,0,0,1.0,10,-0.02364776097041544,12.0,0.4609375,-0.09,3,5,2,0.5,10,-0.06628790274262428,0.0,0.001953125,-1.0,0,10,0,1.0
distillation,digits,random_wrong,0.1,kl_capped,kl,10,0.04203703703703705,0.0,0.001953125,0.98,10,0,0,1.0,10,0.12197186350822449,7.0,0.037109375,0.58,9,1,0,0.9,10,0.03590170660780535,0.0,0.001953125,0.98,10,0,0,1.0,10,-0.04618043377995491,1.0,0.00390625,-0.84,1,9,0,0.9,10,0.1085442066192627,0.0,0.001953125,1.0,10,0,0,1.0,10,0.0,0.0,1.0,0.0,0,0,10,1.0,10,0.0,0.0,1.0,0.0,0,0,10,1.0,10,0.11143679341762866,6.0,0.02734375,0.77,9,1,0,0.9,10,-0.012730611187418977,18.0,0.65234375,-0.05,4,5,1,0.5,10,-0.04597084484994411,0.0,0.001953125,-1.0,0,10,0,1.0
distillation,digits,random_wrong,0.1,kl_smoothed,kl,10,0.032407407407407406,0.0,0.00390625,0.81,9,0,1,0.9,10,-0.027203390002250673,17.0,0.322265625,-0.12,4,6,0,0.6,10,0.0263987436476681,0.0,0.001953125,0.94,10,0,0,1.0,10,-0.039258469641208646,0.0,0.001953125,-0.78,0,10,0,1.0,10,0.08953753709793091,0.0,0.001953125,1.0,10,0,0,1.0,10,0.0,0.0,1.0,0.0,0,0,10,1.0,10,0.0,0.0,1.0,0.0,0,0,10,1.0,10,0.08677347914905123,3.0,0.01953125,0.57,8,1,1,0.8,10,-0.03180262057264346,13.0,0.30078125,-0.17,2,7,1,0.7,10,-0.040090736374258994,0.0,0.001953125,-1.0,0,10,0,1.0
distillation,digits,random_wrong,0.3,fisher_rao,kl,10,0.0537037037037037,0.0,0.001953125,0.96,10,0,0,1.0,10,-0.1279531389474869,3.0,0.009765625,-0.74,1,9,0,0.9,10,-0.13974322299162548,0.0,0.001953125,-1.0,0,10,0,1.0,10,-0.1296934723854065,0.0,0.001953125,-1.0,0,10,0,1.0,10,0.30583946108818055,0.0,0.001953125,1.0,10,0,0,1.0,10,0.0,0.0,1.0,0.0,0,0,10,1.0,10,0.0,0.0,1.0,0.0,0,0,10,1.0,10,0.1095220046535836,0.0,0.00390625,0.73,9,0,1,0.9,10,0.025650689477920596,21.0,0.5390625,0.11,6,4,0,0.6,10,-0.1281502079218626,0.0,0.001953125,-1.0,0,10,0,1.0
distillation,digits,random_wrong,0.3,hellinger,kl,10,0.05907407407407409,0.0,0.001953125,0.99,10,0,0,1.0,10,-0.14705040454864501,0.0,0.001953125,-0.76,0,10,0,1.0,10,-0.14301284557139432,0.0,0.001953125,-1.0,0,10,0,1.0,10,-0.13795010149478912,0.0,0.001953125,-1.0,0,10,0,1.0,10,0.3123758971691132,0.0,0.001953125,1.0,10,0,0,1.0,10,0.0,0.0,1.0,0.0,0,0,10,1.0,10,0.0,0.0,1.0,0.0,0,0,10,1.0,10,0.11908703464195454,0.0,0.00390625,0.81,9,0,1,0.9,10,5.829672305643907e-05,21.0,0.890625,-0.07,4,5,1,0.5,10,-0.13256157152354717,0.0,0.001953125,-1.0,0,10,0,1.0
distillation,digits,random_wrong,0.3,jensen_shannon,kl,10,0.07166666666666668,0.0,0.001953125,1.0,10,0,0,1.0,10,-0.18098676204681396,1.0,0.00390625,-0.8,1,9,0,0.9,10,-0.1512467299070623,0.0,0.001953125,-1.0,0,10,0,1.0,10,-0.16111318841576577,0.0,0.001953125,-1.0,0,10,0,1.0,10,0.3266672968864441,0.0,0.001953125,1.0,10,0,0,1.0,10,0.0,0.0,1.0,0.0,0,0,10,1.0,10,0.0,0.0,1.0,0.0,0,0,10,1.0,10,0.12866897143641998,2.0,0.005859375,0.64,9,1,0,0.9,10,0.01653587464800279,21.5,0.57421875,0.04,6,4,0,0.6,10,-0.1398109294474125,0.0,0.001953125,-1.0,0,10,0,1.0
distillation,digits,random_wrong,0.3,kl_capped,kl,10,-0.5037037037037037,0.0,0.001953125,-1.0,0,10,0,1.0,10,1.1474116742610931,0.0,0.001953125,1.0,10,0,0,1.0,10,-0.09358864503602188,0.0,0.001953125,-0.88,0,10,0,1.0,10,0.4908764213323593,0.0,0.001953125,1.0,10,0,0,1.0,10,-0.34019259363412857,0.0,0.001953125,-1.0,0,10,0,1.0,10,0.0,0.0,1.0,0.0,0,0,10,1.0,10,0.0,0.0,1.0,0.0,0,0,10,1.0,10,-0.030143145871120703,20.0,0.4921875,-0.2,4,6,0,0.6,10,-0.060077246743436674,15.0,0.232421875,-0.31,3,7,0,0.7,10,0.2341320440173149,0.0,0.001953125,1.0,10,0,0,1.0
distillation,digits,random_wrong,0.3,kl_smoothed,kl,10,-0.0009259259259259189,16.0,0.48046875,-0.07,3,6,1,0.6,10,0.0065661191940307615,21.0,0.556640625,0.12,5,5,0,0.5,10,-0.0034987353947427665,11.0,0.10546875,-0.14,2,8,0,0.8,10,0.0015042245388031006,21.0,0.556640625,0.04,5,5,0,0.5,10,0.0011500716209411621,14.0,0.193359375,0.1,7,3,0,0.7,10,0.0,0.0,1.0,0.0,0,0,10,1.0,10,0.0,0.0,1.0,0.0,0,0,10,1.0,10,0.0038597469146668282,5.0,0.625,0.05,3,2,5,0.5,10,-0.00610380116959065,2.0,0.75,-0.02,1,2,7,0.7,10,-0.0003968775272369385,22.0,0.625,-0.04,5,5,0,0.5
distillation,mnist,class_confusion,0.1,fisher_rao,kl,10,-0.0010000000000000009,17.0,0.546875,-0.05,3,6,1,0.6,10,0.09952178001403808,13.0,0.16015625,0.22,7,3,0,0.7,10,0.001578380972146995,19.0,0.431640625,0.1,7,3,0,0.7,10,0.0014878541231155395,21.0,0.556640625,0.04,6,4,0,0.6,10,-8.137226104736328e-05,24.0,0.76953125,0.04,5,5,0,0.5,10,0.0,0.0,1.0,0.0,0,0,10,1.0,10,0.0,0.0,1.0,0.0,0,0,10,1.0,10,-0.06711170288913752,0.0,0.001953125,-0.65,0,10,0,1.0,10,0.02680875613294976,8.0,0.09765625,0.43,7,2,1,0.7,10,0.008937475085258485,1.0,0.00390625,0.38,9,1,0,0.9
distillation,mnist,class_confusion,0.1,hellinger,kl,10,-0.003599999999999981,14.5,0.36328125,-0.09,3,6,1,0.6,10,0.12229223251342773,7.0,0.037109375,0.26,9,1,0,0.9,10,0.003913615047931679,20.0,0.4921875,0.08,6,4,0,0.6,10,0.006074774265289307,20.0,0.4921875,0.08,6,4,0,0.6,10,-0.0019873738288879394,24.0,0.76953125,-0.08,4,6,0,0.6,10,0.0,0.0,1.0,0.0,0,0,10,1.0,10,0.0,0.0,1.0,0.0,0,0,10,1.0,10,-0.05001160424462444,7.0,0.037109375,-0.48,2,8,0,0.8,10,0.026399637490031613,9.0,0.12890625,0.35,7,2,1,0.7,10,0.009986845776438713,2.0,0.005859375,0.6,9,1,0,0.9
distillation,mnist,class_confusion,0.1,jensen_shannon,kl,10,-0.0007999999999999896,26.0,0.908203125,-0.07,4,6,0,0.6,10,0.13201115131378174,10.0,0.083984375,0.26,6,4,0,0.6,10,0.0013291283905506295,24.0,0.76953125,0.14,6,4,0,0.6,10,0.0022317498922348024,24.0,0.76953125,0.08,6,4,0,0.6,10,-7.030367851257324e-05,25.0,0.845703125,-0.04,4,6,0,0.6,10,0.0,0.0,1.0,0.0,0,0,10,1.0,10,0.0,0.0,1.0,0.0,0,0,10,1.0,10,-0.05262689030775346,3.0,0.01953125,-0.51,1,8,1,0.8,10,0.030340515735702046,9.0,0.064453125,0.39,8,2,0,0.8,10,0.008470444008708,0.0,0.001953125,0.4,10,0,0,1.0
distillation,mnist,class_confusion,0.1,kl_capped,kl,10,-0.05279999999999997,3.0,0.009765625,-0.72,1,9,0,0.9,10,1.2040309190750123,0.0,0.001953125,0.88,10,0,0,1.0,10,0.05408738077878954,1.0,0.00390625,0.74,9,1,0,0.9,10,0.1065553069114685,2.0,0.005859375,0.72,9,1,0,0.9,10,-0.05157977342605591,3.0,0.009765625,-0.72,1,9,0,0.9,10,0.0,0.0,1.0,0.0,0,0,10,1.0,10,0.0,0.0,1.0,0.0,0,0,10,1.0,10,-0.24523379112219645,0.0,0.001953125,-1.0,0,10,0,1.0,10,0.1258606857381682,0.0,0.001953125,1.0,10,0,0,1.0,10,0.07707268670201302,0.0,0.001953125,1.0,10,0,0,1.0
distillation,mnist,class_confusion,0.1,kl_smoothed,kl,10,0.002599999999999991,25.5,0.880859375,0.08,5,5,0,0.5,10,-0.008072996139526367,25.0,0.845703125,-0.02,5,5,0,0.5,10,-0.0032902741849422435,20.0,0.4921875,-0.14,4,6,0,0.6,10,-0.005686149001121521,21.0,0.556640625,-0.12,4,6,0,0.6,10,0.0029238581657409666,21.0,0.556640625,0.08,6,4,0,0.6,10,0.0,0.0,1.0,0.0,0,0,10,1.0,10,0.0,0.0,1.0,0.0,0,0,10,1.0,10,-0.021042306040914414,8.0,0.1953125,-0.28,3,5,2,0.5,10,0.0170390590263875,10.0,0.1640625,0.27,6,3,1,0.6,10,0.0012922823429107667,20.0,0.4921875,0.18,7,3,0,0.7
distillation,mnist,class_confusion,0.3,fisher_rao,kl,10,0.0814,0.0,0.001953125,0.96,10,0,0,1.0,10,-0.4768502712249756,5.0,0.01953125,-0.62,2,8,0,0.8,10,-0.0679282982647419,0.0,0.001953125,-0.96,0,10,0,1.0,10,-0.14687166213989258,0.0,0.001953125,-0.96,0,10,0,1.0,10,0.08334444165229797,0.0,0.001953125,0.96,10,0,0,1.0,10,0.0,0.0,1.0,0.0,0,0,10,1.0,10,0.0,0.0,1.0,0.0,0,0,10,1.0,10,0.062295273701703666,0.0,0.001953125,0.64,10,0,0,1.0,10,-0.002378352725692162,20.0,0.4921875,0.04,4,6,0,0.6,10,-0.05867610275745392,0.0,0.001953125,-1.0,0,10,0,1.0
distillation,mnist,class_confusion,0.3,hellinger,kl,10,0.08099999999999999,0.0,0.001953125,0.98,10,0,0,1.0,10,-0.4923539161682129,3.0,0.009765625,-0.66,1,9,0,0.9,10,-0.0681341812491417,0.0,0.001953125,-0.98,0,10,0,1.0,10,-0.14749301970005035,0.0,0.001953125,-0.98,0,10,0,1.0,10,0.08373253941535949,0.0,0.001953125,0.98,10,0,0,1.0,10,0.0,0.0,1.0,0.0,0,0,10,1.0,10,0.0,0.0,1.0,0.0,0,0,10,1.0,10,0.06333694122768344,0.0,0.001953125,0.76,10,0,0,1.0,10,0.0007243343210376896,21.0,0.91015625,0.03,4,5,1,0.5,10,-0.05917439982295036,0.0,0.001953125,-1.0,0,10,0,1.0
distillation,mnist,class_confusion,0.3,jensen_shannon,kl,10,0.089,0.0,0.001953125,1.0,10,0,0,1.0,10,-0.5341350317001343,7.0,0.037109375,-0.72,2,8,0,0.8,10,-0.0744363125026226,0.0,0.001953125,-1.0,0,10,0,1.0,10,-0.1607882022857666,0.0,0.001953125,-1.0,0,10,0,1.0,10,0.09057159423828125,0.0,0.001953125,1.0,10,0,0,1.0,10,0.0,0.0,1.0,0.0,0,0,10,1.0,10,0.0,0.0,1.0,0.0,0,0,10,1.0,10,0.053222667167058556,0.0,0.00390625,0.51,9,0,1,0.9,10,0.004385825032615922,12.0,0.8125,0.09,3,4,3,0.4,10,-0.06243945956230164,0.0,0.001953125,-1.0,0,10,0,1.0
distillation,mnist,class_confusion,0.3,kl_capped,kl,10,-0.01499999999999999,26.0,0.90234375,-0.03,6,4,0,0.6,10,1.5699849843978881,0.0,0.001953125,0.86,10,0,0,1.0,10,0.03020104640126229,15.0,0.232421875,0.3,7,3,0,0.7,10,0.048337286710739134,20.0,0.4921875,0.18,5,5,0,0.5,10,-0.012418365478515625,26.0,0.921875,-0.02,6,4,0,0.6,10,0.0,0.0,1.0,0.0,0,0,10,1.0,10,0.0,0.0,1.0,0.0,0,0,10,1.0,10,-0.04783342028496805,7.0,0.07421875,-0.56,1,8,1,0.8,10,0.010719097475553727,21.0,0.91015625,0.09,5,4,1,0.5,10,0.022663380205631255,19.0,0.431640625,0.36,6,4,0,0.6
distillation,mnist,class_confusion,0.3,kl_smoothed,kl,10,0.02579999999999998,7.0,0.037109375,0.51,8,2,0,0.8,10,0.025686430931091308,23.0,0.6953125,0.02,6,4,0,0.6,10,-0.019984394115209567,8.0,0.048828125,-0.44,2,8,0,0.8,10,-0.04303277730941772,7.0,0.037109375,-0.44,2,8,0,0.8,10,0.02632424235343933,6.0,0.02734375,0.48,8,2,0,0.8,10,0.0,0.0,1.0,0.0,0,0,10,1.0,10,0.0,0.0,1.0,0.0,0,0,10,1.0,10,0.04083419131887158,0.0,0.00390625,0.49,9,0,1,0.9,10,-0.007529983786669303,14.0,0.640625,-0.1,3,5,2,0.5,10,-0.021477000415325166,3.0,0.009765625,-0.48,1,9,0,0.9
distillation,mnist,clean,0.0,fisher_rao,kl,10,-0.005799999999999983,6.5,0.0625,-0.16,3,6,1,0.6,10,0.18361833095550537,4.0,0.013671875,0.34,9,1,0,0.9,10,0.005592894756793973,14.0,0.193359375,0.12,6,4,0,0.6,10,0.013172176480293275,7.0,0.037109375,0.14,7,3,0,0.7,10,-0.006568360328674317,6.0,0.02734375,-0.16,3,7,0,0.7,10,0.0,0.0,1.0,0.0,0,0,10,1.0,10,0.0,0.0,1.0,0.0,0,0,10,1.0,10,-0.053497757578540917,8.0,0.048828125,-0.5,3,7,0,0.7,10,0.03402712814048868,14.0,0.193359375,0.44,8,2,0,0.8,10,0.013273755274713039,5.0,0.01953125,0.64,8,2,0,0.8
distillation,mnist,clean,0.0,hellinger,kl,10,-0.006800000000000006,2.5,0.015625,-0.23,1,8,1,0.8,10,0.2051407814025879,1.0,0.00390625,0.4,9,1,0,0.9,10,0.0077972161531448345,2.0,0.005859375,0.2,9,1,0,0.9,10,0.017476454377174377,2.0,0.005859375,0.3,9,1,0,0.9,10,-0.007897543907165527,2.0,0.005859375,-0.28,1,9,0,0.9,10,0.0,0.0,1.0,0.0,0,0,10,1.0,10,0.0,0.0,1.0,0.0,0,0,10,1.0,10,-0.07314990701318284,0.0,0.001953125,-0.72,0,10,0,1.0,10,0.05435417148581605,2.0,0.005859375,0.64,9,1,0,0.9,10,0.01867323312908411,1.0,0.00390625,0.78,9,1,0,0.9
distillation,mnist,clean,0.0,jensen_shannon,kl,10,-0.009999999999999998,6.0,0.02734375,-0.27,2,8,0,0.8,10,0.23455700874328614,3.0,0.009765625,0.48,9,1,0,0.9,10,0.010841186976432816,3.0,0.009765625,0.38,9,1,0,0.9,10,0.023496934771537782,4.0,0.013671875,0.4,9,1,0,0.9,10,-0.011407506465911866,4.0,0.013671875,-0.36,1,9,0,0.9,10,0.0,0.0,1.0,0.0,0,0,10,1.0,10,0.0,0.0,1.0,0.0,0,0,10,1.0,10,-0.07431989738325193,3.0,0.009765625,-0.62,2,8,0,0.8,10,0.05577274412821206,3.0,0.01953125,0.67,8,1,1,0.8,10,0.021070591919124127,2.0,0.005859375,0.88,9,1,0,0.9
distillation,mnist,clean,0.0,kl_capped,kl,10,-0.09159999999999997,0.0,0.001953125,-0.8,0,10,0,1.0,10,1.8492025852203369,0.0,0.001953125,0.84,10,0,0,1.0,10,0.09218606076240542,0.0,0.001953125,0.82,10,0,0,1.0,10,0.18695023655891418,0.0,0.001953125,0.82,10,0,0,1.0,10,-0.09311099052429199,0.0,0.001953125,-0.8,0,10,0,1.0,10,0.0,0.0,1.0,0.0,0,0,10,1.0,10,0.0,0.0,1.0,0.0,0,0,10,1.0,10,-0.3010309884638309,0.0,0.001953125,-1.0,0,10,0,1.0,10,0.15665071836813366,0.0,0.001953125,0.9,10,0,0,1.0,10,0.11567454915493727,0.0,0.001953125,1.0,10,0,0,1.0
distillation,mnist,clean,0.0,kl_smoothed,kl,10,-0.0028000000000000026,14.0,0.34375,-0.14,2,7,1,0.7,10,0.059355950355529784,14.0,0.193359375,0.14,7,3,0,0.7,10,0.00199683536291122,20.0,0.4921875,0.08,7,3,0,0.7,10,0.006855332851409912,16.0,0.275390625,0.14,7,3,0,0.7,10,-0.0032917022705078124,16.0,0.275390625,-0.16,2,8,0,0.8,10,0.0,0.0,1.0,0.0,0,0,10,1.0,10,0.0,0.0,1.0,0.0,0,0,10,1.0,10,-0.03161335537769868,3.0,0.0390625,-0.3,1,7,2,0.7,10,0.030450203594433244,9.0,0.064453125,0.38,8,2,0,0.8,10,0.008384661376476287,4.0,0.013671875,0.42,8,2,0,0.8
distillation,mnist,high_temperature,0.1,fisher_rao,kl,10,-0.007800000000000018,1.0,0.0078125,-0.3,1,8,1,0.8,10,0.16528401374816895,2.0,0.005859375,0.34,9,1,0,0.9,10,0.006922856467962246,7.0,0.037109375,0.22,7,3,0,0.7,10,0.014779016375541687,5.0,0.01953125,0.26,8,2,0,0.8,10,-0.0077573895454406735,2.0,0.005859375,-0.3,1,9,0,0.9,10,0.0,0.0,1.0,0.0,0,0,10,1.0,10,0.0,0.0,1.0,0.0,0,0,10,1.0,10,-0.05520822113563471,5.0,0.01953125,-0.48,2,8,0,0.8,10,0.027494422601594674,8.0,0.09765625,0.37,7,2,1,0.7,10,0.014277360588312148,4.0,0.013671875,0.64,9,1,0,0.9
distillation,mnist,high_temperature,0.1,hellinger,kl,10,-0.005400000000000016,7.0,0.0703125,-0.2,1,8,1,0.8,10,0.13354644775390626,5.0,0.01953125,0.28,8,2,0,0.8,10,0.0060760099112987355,12.0,0.130859375,0.24,8,2,0,0.8,10,0.010393092036247253,14.0,0.193359375,0.14,6,4,0,0.6,10,-0.004968678951263428,14.0,0.193359375,-0.14,4,6,0,0.6,10,0.0,0.0,1.0,0.0,0,0,10,1.0,10,0.0,0.0,1.0,0.0,0,0,10,1.0,10,-0.053521181571735674,1.0,0.015625,-0.44,1,7,2,0.7,10,0.036739997637134106,8.0,0.048828125,0.47,8,2,0,0.8,10,0.013483332842588425,1.0,0.00390625,0.56,9,1,0,0.9
distillation,mnist,high_temperature,0.1,jensen_shannon,kl,10,-0.014800000000000002,2.0,0.005859375,-0.44,1,9,0,0.9,10,0.27387707233428954,2.0,0.005859375,0.54,9,1,0,0.9,10,0.015122713714838022,4.0,0.013671875,0.48,9,1,0,0.9,10,0.029599153995513917,3.0,0.009765625,0.4,9,1,0,0.9,10,-0.014901858568191529,2.0,0.005859375,-0.42,1,9,0,0.9,10,0.0,0.0,1.0,0.0,0,0,10,1.0,10,0.0,0.0,1.0,0.0,0,0,10,1.0,10,-0.0586469413931268,8.0,0.048828125,-0.52,2,8,0,0.8,10,0.035555132175102755,7.0,0.1484375,0.44,6,2,2,0.6,10,0.020539264380931854,2.0,0.005859375,0.84,9,1,0,0.9
distillation,mnist,high_temperature,0.1,kl_capped,kl,10,-0.092,0.0,0.001953125,-0.8,0,10,0,1.0,10,1.8658663034439087,0.0,0.001953125,0.9,10,0,0,1.0,10,0.09256885012984277,0.0,0.001953125,0.82,10,0,0,1.0,10,0.18535976707935334,0.0,0.001953125,0.8,10,0,0,1.0,10,-0.09211253523826599,0.0,0.001953125,-0.78,0,10,0,1.0,10,0.0,0.0,1.0,0.0,0,0,10,1.0,10,0.0,0.0,1.0,0.0,0,0,10,1.0,10,-0.28211688101067844,0.0,0.001953125,-1.0,0,10,0,1.0,10,0.13515863455752536,0.0,0.00390625,0.93,9,0,1,0.9,10,0.11001430712640285,0.0,0.001953125,1.0,10,0,0,1.0
distillation,mnist,high_temperature,0.1,kl_smoothed,kl,10,-0.003999999999999992,14.0,0.193359375,-0.17,2,8,0,0.8,10,0.06357600688934326,15.0,0.232421875,0.12,6,4,0,0.6,10,0.004664277082681631,13.0,0.16015625,0.22,8,2,0,0.8,10,0.008758366107940674,14.0,0.193359375,0.2,8,2,0,0.8,10,-0.004098296165466309,16.0,0.275390625,-0.14,2,8,0,0.8,10,0.0,0.0,1.0,0.0,0,0,10,1.0,10,0.0,0.0,1.0,0.0,0,0,10,1.0,10,-0.018834541615746013,10.0,0.3125,-0.18,2,6,2,0.6,10,0.015516939563664211,13.0,0.30078125,0.19,7,2,1,0.7,10,0.007169063575565815,5.0,0.01953125,0.34,9,1,0,0.9
distillation,mnist,high_temperature,0.3,fisher_rao,kl,10,-0.009599999999999987,6.5,0.05859375,-0.28,2,7,1,0.7,10,0.15578927993774414,4.0,0.013671875,0.28,8,2,0,0.8,10,0.009956702101230614,6.0,0.02734375,0.32,9,1,0,0.9,10,0.018310984969139098,9.0,0.064453125,0.28,7,3,0,0.7,10,-0.008533680438995361,9.0,0.064453125,-0.24,2,8,0,0.8,10,0.0,0.0,1.0,0.0,0,0,10,1.0,10,0.0,0.0,1.0,0.0,0,0,10,1.0,10,-0.07879594761479754,0.0,0.001953125,-0.74,0,10,0,1.0,10,0.04267949932772895,6.0,0.0546875,0.51,7,2,1,0.7,10,0.020301371067762374,1.0,0.00390625,0.84,9,1,0,0.9
distillation,mnist,high_temperature,0.3,hellinger,kl,10,-0.0064000000000000055,7.0,0.03125,-0.29,1,9,0,0.9,10,0.1464683771133423,4.0,0.013671875,0.28,8,2,0,0.8,10,0.007233595502376578,5.0,0.01953125,0.3,8,2,0,0.8,10,0.012823519110679627,6.0,0.02734375,0.26,8,2,0,0.8,10,-0.005830836296081543,8.0,0.048828125,-0.26,2,8,0,0.8,10,0.0,0.0,1.0,0.0,0,0,10,1.0,10,0.0,0.0,1.0,0.0,0,0,10,1.0,10,-0.07154981801435714,1.0,0.00390625,-0.62,1,9,0,0.9,10,0.04551888600297105,6.0,0.02734375,0.66,9,1,0,0.9,10,0.0181506272405386,1.0,0.00390625,0.78,9,1,0,0.9
distillation,mnist,high_temperature,0.3,jensen_shannon,kl,10,-0.010599999999999998,8.0,0.04296875,-0.41,2,8,0,0.8,10,0.2365476369857788,3.0,0.009765625,0.54,9,1,0,0.9,10,0.01176934213638306,7.0,0.037109375,0.44,8,2,0,0.8,10,0.02216923236846924,8.0,0.048828125,0.44,8,2,0,0.8,10,-0.010176748037338257,8.0,0.048828125,-0.4,2,8,0,0.8,10,0.0,0.0,1.0,0.0,0,0,10,1.0,10,0.0,0.0,1.0,0.0,0,0,10,1.0,10,-0.08592713658800641,3.0,0.009765625,-0.72,2,8,0,0.8,10,0.05118784122306441,9.0,0.064453125,0.62,8,2,0,0.8,10,0.02317235842347145,0.0,0.001953125,0.96,10,0,0,1.0
distillation,mnist,high_temperature,0.3,kl_capped,kl,10,-0.2912,0.0,0.001953125,-1.0,0,10,0,1.0,10,5.539507031440735,0.0,0.001953125,1.0,10,0,0,1.0,10,0.2856631122171879,0.0,0.001953125,1.0,10,0,0,1.0,10,0.5756516873836517,0.0,0.001953125,1.0,10,0,0,1.0,10,-0.2907838821411133,0.0,0.001953125,-1.0,0,10,0,1.0,10,0.0,0.0,1.0,0.0,0,0,10,1.0,10,0.0,0.0,1.0,0.0,0,0,10,1.0,10,-0.3992361891222467,0.0,0.001953125,-1.0,0,10,0,1.0,10,0.11059144775410087,0.0,0.001953125,0.92,10,0,0,1.0,10,0.25931185223162173,0.0,0.001953125,1.0,10,0,0,1.0
distillation,mnist,high_temperature,0.3,kl_smoothed,kl,10,-0.00259999999999998,12.0,0.24609375,-0.04,2,7,1,0.7,10,0.06070690155029297,13.0,0.16015625,0.14,8,2,0,0.8,10,0.0036205240607261715,14.0,0.193359375,0.08,7,3,0,0.7,10,0.00618879497051239,14.0,0.193359375,0.08,8,2,0,0.8,10,-0.002899867296218872,15.0,0.232421875,-0.08,2,8,0,0.8,10,0.0,0.0,1.0,0.0,0,0,10,1.0,10,0.0,0.0,1.0,0.0,0,0,10,1.0,10,-0.030005410505657814,6.0,0.109375,-0.28,1,7,2,0.7,10,0.023611531939225903,10.0,0.3125,0.36,5,3,2,0.5,10,0.008350616507232188,7.0,0.037109375,0.44,9,1,0,0.9
distillation,mnist,low_temperature,0.1,fisher_rao,kl,10,-0.007399999999999985,3.0,0.0390625,-0.2,2,6,2,0.6,10,0.17018656730651854,4.0,0.013671875,0.34,9,1,0,0.9,10,0.00711776857376098,8.0,0.048828125,0.18,7,3,0,0.7,10,0.015012216567993165,7.0,0.037109375,0.24,8,2,0,0.8,10,-0.007765376567840576,7.0,0.037109375,-0.22,2,8,0,0.8,10,0.0,0.0,1.0,0.0,0,0,10,1.0,10,0.0,0.0,1.0,0.0,0,0,10,1.0,10,-0.04412034397013871,9.0,0.064453125,-0.36,3,7,0,0.7,10,0.029934785179430545,15.0,0.232421875,0.34,7,3,0,0.7,10,0.012659120373427868,5.0,0.01953125,0.54,8,2,0,0.8
distillation,mnist,low_temperature,0.1,hellinger,kl,10,-0.0064000000000000055,7.0,0.03515625,-0.22,2,8,0,0.8,10,0.1892526388168335,3.0,0.009765625,0.4,9,1,0,0.9,10,0.006767022824287405,9.0,0.064453125,0.24,8,2,0,0.8,10,0.015098237991333007,7.0,0.037109375,0.26,8,2,0,0.8,10,-0.007294696569442749,7.0,0.037109375,-0.3,2,8,0,0.8,10,0.0,0.0,1.0,0.0,0,0,10,1.0,10,0.0,0.0,1.0,0.0,0,0,10,1.0,10,-0.06074772399780472,3.0,0.009765625,-0.48,2,8,0,0.8,10,0.0424547681721415,7.0,0.037109375,0.46,7,3,0,0.7,10,0.015540443174540997,1.0,0.00390625,0.66,9,1,0,0.9
distillation,mnist,low_temperature,0.1,jensen_shannon,kl,10,-0.01080000000000001,5.5,0.021484375,-0.37,2,8,0,0.8,10,0.2156893253326416,7.0,0.037109375,0.46,8,2,0,0.8,10,0.01102901296615599,6.0,0.02734375,0.38,8,2,0,0.8,10,0.022573769092559814,5.0,0.01953125,0.38,8,2,0,0.8,10,-0.011309576034545899,6.0,0.02734375,-0.38,2,8,0,0.8,10,0.0,0.0,1.0,0.0,0,0,10,1.0,10,0.0,0.0,1.0,0.0,0,0,10,1.0,10,-0.05746073439698377,7.0,0.037109375,-0.58,2,8,0,0.8,10,0.048125685520940056,9.0,0.064453125,0.52,7,3,0,0.7,10,0.019726147316396235,2.0,0.005859375,0.78,9,1,0,0.9
distillation,mnist,low_temperature,0.1,kl_capped,kl,10,-0.07919999999999998,0.0,0.001953125,-0.88,0,10,0,1.0,10,1.6193320751190186,0.0,0.001953125,0.92,10,0,0,1.0,10,0.07847785243988037,0.0,0.001953125,0.88,10,0,0,1.0,10,0.15884877145290374,0.0,0.001953125,0.88,10,0,0,1.0,10,-0.07933107018470764,0.0,0.001953125,-0.88,0,10,0,1.0,10,0.0,0.0,1.0,0.0,0,0,10,1.0,10,0.0,0.0,1.0,0.0,0,0,10,1.0,10,-0.2727251935116576,0.0,0.001953125,-1.0,0,10,0,1.0,10,0.1289212228187428,0.0,0.001953125,0.96,10,0,0,1.0,10,0.09896154161542654,0.0,0.001953125,1.0,10,0,0,1.0
distillation,mnist,low_temperature,0.1,kl_smoothed,kl,10,-0.003999999999999992,14.5,0.201171875,-0.15,3,7,0,0.7,10,0.05669670104980469,15.0,0.232421875,0.12,7,3,0,0.7,10,0.003505382227897641,17.0,0.322265625,0.12,8,2,0,0.8,10,0.008572986721992493,16.0,0.275390625,0.24,8,2,0,0.8,10,-0.004455035924911499,13.0,0.16015625,-0.2,2,8,0,0.8,10,0.0,0.0,1.0,0.0,0,0,10,1.0,10,0.0,0.0,1.0,0.0,0,0,10,1.0,10,-0.03054691403549753,6.0,0.02734375,-0.3,2,8,0,0.8,10,0.026763983822619887,12.0,0.130859375,0.36,8,2,0,0.8,10,0.008964735455811024,2.0,0.005859375,0.5,9,1,0,0.9
distillation,mnist,low_temperature,0.3,fisher_rao,kl,10,-0.007999999999999985,0.0,0.0078125,-0.3,0,8,2,0.8,10,0.16662378311157228,3.0,0.009765625,0.3,9,1,0,0.9,10,0.007363466620445269,6.0,0.02734375,0.24,8,2,0,0.8,10,0.01688925325870514,3.0,0.009765625,0.28,9,1,0,0.9,10,-0.00839616060256958,3.0,0.009765625,-0.3,2,8,0,0.8,10,0.0,0.0,1.0,0.0,0,0,10,1.0,10,0.0,0.0,1.0,0.0,0,0,10,1.0,10,-0.023459488548763764,15.0,0.42578125,-0.29,3,6,1,0.6,10,0.014062092847225562,19.0,0.431640625,0.18,6,4,0,0.6,10,0.010544839687645436,7.0,0.037109375,0.42,7,3,0,0.7
distillation,mnist,low_temperature,0.3,hellinger,kl,10,-0.006399999999999994,5.5,0.021484375,-0.22,2,8,0,0.8,10,0.18065142631530762,3.0,0.009765625,0.38,9,1,0,0.9,10,0.0075990527987480185,4.0,0.013671875,0.26,8,2,0,0.8,10,0.016286373138427734,3.0,0.009765625,0.26,9,1,0,0.9,10,-0.0074432373046875,4.0,0.013671875,-0.24,2,8,0,0.8,10,0.0,0.0,1.0,0.0,0,0,10,1.0,10,0.0,0.0,1.0,0.0,0,0,10,1.0,10,-0.07149221146052556,2.0,0.005859375,-0.66,1,9,0,0.9,10,0.04400803850625055,4.0,0.02734375,0.55,8,1,1,0.8,10,0.016976411826908587,1.0,0.00390625,0.68,9,1,0,0.9
distillation,mnist,low_temperature,0.3,jensen_shannon,kl,10,-0.0128,5.0,0.01953125,-0.41,2,8,0,0.8,10,0.22975974082946776,6.0,0.02734375,0.42,8,2,0,0.8,10,0.012591667652130148,5.0,0.01953125,0.42,8,2,0,0.8,10,0.026227682828903198,3.0,0.009765625,0.4,8,2,0,0.8,10,-0.013334035873413086,3.0,0.009765625,-0.4,2,8,0,0.8,10,0.0,0.0,1.0,0.0,0,0,10,1.0,10,0.0,0.0,1.0,0.0,0,0,10,1.0,10,-0.07883467444169281,5.0,0.01953125,-0.78,2,8,0,0.8,10,0.045282639756220384,11.0,0.10546875,0.46,7,3,0,0.7,10,0.022836660407483576,1.0,0.00390625,0.88,9,1,0,0.9
distillation,mnist,low_temperature,0.3,kl_capped,kl,10,-0.09019999999999997,0.0,0.001953125,-1.0,0,10,0,1.0,10,1.8284078121185303,0.0,0.001953125,1.0,10,0,0,1.0,10,0.09002365922331809,0.0,0.001953125,1.0,10,0,0,1.0,10,0.18104203939437866,0.0,0.001953125,1.0,10,0,0,1.0,10,-0.08984369039535522,0.0,0.001953125,-0.98,0,10,0,1.0,10,0.0,0.0,1.0,0.0,0,0,10,1.0,10,0.0,0.0,1.0,0.0,0,0,10,1.0,10,-0.2406538358728565,0.0,0.001953125,-1.0,0,10,0,1.0,10,0.10508088429889803,0.0,0.001953125,0.96,10,0,0,1.0,10,0.1018737131729722,0.0,0.001953125,1.0,10,0,0,1.0
distillation,mnist,low_temperature,0.3,kl_smoothed,kl,10,-0.004999999999999993,17.0,0.30859375,-0.15,3,7,0,0.7,10,0.07631385326385498,12.0,0.130859375,0.12,7,3,0,0.7,10,0.004475958657264714,18.0,0.375,0.18,8,2,0,0.8,10,0.010306888818740844,16.0,0.275390625,0.18,8,2,0,0.8,10,-0.00545814037322998,16.0,0.275390625,-0.2,2,8,0,0.8,10,0.0,0.0,1.0,0.0,0,0,10,1.0,10,0.0,0.0,1.0,0.0,0,0,10,1.0,10,-0.020651950635232674,14.0,0.193359375,-0.22,2,8,0,0.8,10,0.01718761381259531,17.0,0.322265625,0.19,8,2,0,0.8,10,0.007577658072113991,5.0,0.01953125,0.42,9,1,0,0.9
distillation,mnist,random_wrong,0.1,fisher_rao,kl,10,-0.002599999999999991,18.0,0.6328125,-0.06,5,4,1,0.5,10,0.07953317165374756,16.0,0.275390625,0.12,6,4,0,0.6,10,0.002818935620784757,24.0,0.76953125,0.06,4,6,0,0.6,10,0.0064184218645095825,21.0,0.556640625,0.1,5,5,0,0.5,10,-0.002981668710708618,21.0,0.556640625,-0.08,5,5,0,0.5,10,0.0,0.0,1.0,0.0,0,0,10,1.0,10,0.0,0.0,1.0,0.0,0,0,10,1.0,10,-0.04954975050493947,6.0,0.02734375,-0.48,2,8,0,0.8,10,0.03309723685105677,6.0,0.0546875,0.41,8,1,1,0.8,10,0.010904017835855484,5.0,0.01953125,0.48,8,2,0,0.8
distillation,mnist,random_wrong,0.1,hellinger,kl,10,-0.0031999999999999806,14.0,0.640625,-0.1,3,5,2,0.5,10,0.09761457443237305,11.0,0.10546875,0.18,7,3,0,0.7,10,0.003623257547616959,21.0,0.556640625,0.12,6,4,0,0.6,10,0.007268306612968445,18.0,0.375,0.12,7,3,0,0.7,10,-0.00354427695274353,19.0,0.431640625,-0.14,3,7,0,0.7,10,0.0,0.0,1.0,0.0,0,0,10,1.0,10,0.0,0.0,1.0,0.0,0,0,10,1.0,10,-0.0371202542249087,10.0,0.080078125,-0.48,2,8,0,0.8,10,0.03743225652802602,8.0,0.048828125,0.48,7,3,0,0.7,10,0.009697989746928214,11.0,0.10546875,0.38,7,3,0,0.7
distillation,mnist,random_wrong,0.1,jensen_shannon,kl,10,-0.006799999999999984,10.0,0.080078125,-0.22,3,7,0,0.7,10,0.1519864559173584,5.0,0.01953125,0.28,9,1,0,0.9,10,0.007175627219676964,8.0,0.048828125,0.3,8,2,0,0.8,10,0.015135392546653748,8.0,0.048828125,0.3,8,2,0,0.8,10,-0.007316040992736817,10.0,0.083984375,-0.28,3,7,0,0.7,10,0.0,0.0,1.0,0.0,0,0,10,1.0,10,0.0,0.0,1.0,0.0,0,0,10,1.0,10,-0.05679385589541428,7.0,0.03515625,-0.52,2,8,0,0.8,10,0.03502665173126094,8.0,0.1953125,0.42,6,2,2,0.6,10,0.014535168185830116,4.0,0.013671875,0.64,8,2,0,0.8
distillation,mnist,random_wrong,0.1,kl_capped,kl,10,-0.07859999999999998,0.0,0.001953125,-0.82,0,10,0,1.0,10,1.5945506334304809,0.0,0.001953125,0.88,10,0,0,1.0,10,0.07926614071130751,0.0,0.001953125,0.82,10,0,0,1.0,10,0.15961302816867828,0.0,0.001953125,0.82,10,0,0,1.0,10,-0.07921433448791504,0.0,0.001953125,-0.82,0,10,0,1.0,10,0.0,0.0,1.0,0.0,0,0,10,1.0,10,0.0,0.0,1.0,0.0,0,0,10,1.0,10,-0.21921764357255707,0.0,0.001953125,-1.0,0,10,0,1.0,10,0.1094727363062848,1.0,0.00390625,0.8,9,1,0,0.9,10,0.0913421593606472,0.0,0.001953125,1.0,10,0,0,1.0
distillation,mnist,random_wrong,0.1,kl_smoothed,kl,10,0.00040000000000001146,15.5,0.7734375,0.06,4,4,2,0.4,10,-0.011990499496459962,25.0,0.845703125,0.0,5,5,0,0.5,10,-0.00126035374403001,21.0,0.556640625,-0.1,5,5,0,0.5,10,-0.0006596386432647705,24.0,0.76953125,-0.08,4,6,0,0.6,10,0.0002896606922149658,24.0,0.76953125,0.1,6,4,0,0.6,10,0.0,0.0,1.0,0.0,0,0,10,1.0,10,0.0,0.0,1.0,0.0,0,0,10,1.0,10,-0.02389596769822965,10.0,0.1640625,-0.18,2,7,1,0.7,10,0.017914605521159994,15.0,0.232421875,0.26,6,4,0,0.6,10,0.004389795660972595,14.0,0.193359375,0.2,6,4,0,0.6
distillation,mnist,random_wrong,0.3,fisher_rao,kl,10,0.005399999999999983,21.0,0.548828125,0.21,5,5,0,0.5,10,0.04564692974090576,25.0,0.845703125,0.08,6,4,0,0.6,10,-0.005839364778995532,20.0,0.4921875,-0.26,4,6,0,0.6,10,-0.010071909427642823,21.0,0.556640625,-0.16,5,5,0,0.5,10,0.005570870637893677,21.0,0.556640625,0.18,5,5,0,0.5,10,0.0,0.0,1.0,0.0,0,0,10,1.0,10,0.0,0.0,1.0,0.0,0,0,10,1.0,10,0.009324704490902414,19.0,0.734375,0.18,6,3,1,0.6,10,-0.0024118841873019825,17.0,0.9453125,-0.02,3,5,2,0.5,10,-0.004534466564655304,21.0,0.556640625,-0.28,4,6,0,0.6
distillation,mnist,random_wrong,0.3,hellinger,kl,10,0.003999999999999971,22.0,0.611328125,0.1,5,5,0,0.5,10,0.03732213973999023,25.0,0.845703125,0.02,5,5,0,0.5,10,-0.005204711830615999,20.0,0.4921875,-0.14,4,6,0,0.6,10,-0.008605721592903137,22.0,0.625,-0.1,5,5,0,0.5,10,0.0042715370655059814,22.0,0.625,0.12,5,5,0,0.5,10,0.0,0.0,1.0,0.0,0,0,10,1.0,10,0.0,0.0,1.0,0.0,0,0,10,1.0,10,0.029964098110996807,18.0,0.375,0.33,6,4,0,0.6,10,-0.013625111932427613,18.0,0.375,-0.16,3,7,0,0.7,10,-0.006202295422554016,19.0,0.431640625,-0.32,4,6,0,0.6
distillation,mnist,random_wrong,0.3,jensen_shannon,kl,10,-0.00020000000000001129,27.0,0.98046875,-0.01,5,5,0,0.5,10,0.12440879344940185,13.0,0.16015625,0.22,7,3,0,0.7,10,6.833434104905334e-06,27.0,1.0,-0.02,5,5,0,0.5,10,0.0005456030368804932,27.0,1.0,0.0,5,5,0,0.5,10,-0.0001256704330444336,27.0,1.0,0.02,5,5,0,0.5,10,0.0,0.0,1.0,0.0,0,0,10,1.0,10,0.0,0.0,1.0,0.0,0,0,10,1.0,10,0.03063034378326742,14.0,0.193359375,0.34,6,4,0,0.6,10,-0.02013030628430522,16.0,0.49609375,-0.23,2,7,1,0.7,10,-0.004035863280296326,22.0,0.625,-0.12,4,6,0,0.6
distillation,mnist,random_wrong,0.3,kl_capped,kl,10,-0.08980000000000002,0.0,0.001953125,-1.0,0,10,0,1.0,10,1.8795319080352784,0.0,0.001953125,1.0,10,0,0,1.0,10,0.0896034470796585,0.0,0.001953125,1.0,10,0,0,1.0,10,0.17949063181877137,0.0,0.001953125,1.0,10,0,0,1.0,10,-0.08899616599082946,0.0,0.001953125,-1.0,0,10,0,1.0,10,0.0,0.0,1.0,0.0,0,0,10,1.0,10,0.0,0.0,1.0,0.0,0,0,10,1.0,10,-0.1264447603891325,0.0,0.001953125,-0.96,0,10,0,1.0,10,0.02613708709009439,9.0,0.12890625,0.33,7,2,1,0.7,10,0.08137621581554413,0.0,0.001953125,1.0,10,0,0,1.0
distillation,mnist,random_wrong,0.3,kl_smoothed,kl,10,0.0030000000000000027,24.0,0.767578125,0.03,5,5,0,0.5,10,0.04105377197265625,18.0,0.375,0.06,7,3,0,0.7,10,-0.0023461466014385287,25.0,0.845703125,0.0,6,4,0,0.6,10,-0.004054400324821472,26.0,0.921875,-0.02,5,5,0,0.5,10,0.0026484429836273193,26.0,0.921875,0.02,5,5,0,0.5,10,0.0,0.0,1.0,0.0,0,0,10,1.0,10,0.0,0.0,1.0,0.0,0,0,10,1.0,10,0.01491605635801282,15.0,0.42578125,0.37,7,2,1,0.7,10,-0.008514470854136183,23.0,0.6953125,-0.04,4,6,0,0.6,10,-0.002823701500892639,17.0,0.322265625,-0.14,4,6,0,0.6
soft_label,digits,adversarial,0.1,fisher_rao,kl,10,0.06407407407407407,0.0,0.001953125,1.0,10,0,0,1.0,10,-0.07548614740371704,8.0,0.048828125,-0.52,2,8,0,0.8,10,0.012906243665902702,9.0,0.064453125,0.6,9,1,0,0.9,10,-0.08199770674109459,0.0,0.001953125,-1.0,0,10,0,1.0,10,0.124178546667099,0.0,0.001953125,1.0,10,0,0,1.0,10,0.0,0.0,1.0,0.0,0,0,10,1.0,,,,,,,,,,,,,,,,,,,,,,,,,,,,,,,,,,,,
soft_label,digits,adversarial,0.1,hellinger,kl,10,0.06314814814814813,0.0,0.001953125,1.0,10,0,0,1.0,10,-0.060113197565078734,9.0,0.064453125,-0.44,2,8,0,0.8,10,0.011722041338130278,11.0,0.10546875,0.62,8,2,0,0.8,10,-0.08233608603477478,0.0,0.001953125,-1.0,0,10,0,1.0,10,0.12476683855056762,0.0,0.001953125,1.0,10,0,0,1.0,10,0.0,0.0,1.0,0.0,0,0,10,1.0,,,,,,,,,,,,,,,,,,,,,,,,,,,,,,,,,,,,
soft_label,digits,adversarial,0.1,jensen_shannon,kl,10,0.05962962962962963,0.0,0.001953125,1.0,10,0,0,1.0,10,-0.019228705763816835,17.0,0.322265625,-0.18,4,6,0,0.6,10,0.01609131435277284,9.0,0.064453125,0.72,9,1,0,0.9,10,-0.07710914388298988,0.0,0.001953125,-1.0,0,10,0,1.0,10,0.12275098562240601,0.0,0.001953125,1.0,10,0,0,1.0,10,0.0,0.0,1.0,0.0,0,0,10,1.0,,,,,,,,,,,,,,,,,,,,,,,,,,,,,,,,,,,,
soft_label,digits,adversarial,0.1,kl_capped,kl,10,-0.6651851851851852,0.0,0.001953125,-1.0,0,10,0,1.0,10,2.207359102368355,0.0,0.001953125,1.0,10,0,0,1.0,10,0.21290575372400106,0.0,0.001953125,1.0,10,0,0,1.0,10,0.7702804997563362,0.0,0.001953125,1.0,10,0,0,1.0,10,-0.5992424756288528,0.0,0.001953125,-1.0,0,10,0,1.0,10,0.0,0.0,1.0,0.0,0,0,10,1.0,,,,,,,,,,,,,,,,,,,,,,,,,,,,,,,,,,,,
soft_label,digits,adversarial,0.1,kl_smoothed,kl,10,0.017592592592592615,0.0,0.00390625,0.78,9,0,1,0.9,10,0.020614513754844667,26.0,0.921875,0.04,5,5,0,0.5,10,0.029109614764650665,1.0,0.00390625,0.8,9,1,0,0.9,10,-0.017075835168361662,4.0,0.013671875,-0.72,1,9,0,0.9,10,0.07183761596679687,0.0,0.001953125,1.0,10,0,0,1.0,10,0.0,0.0,1.0,0.0,0,0,10,1.0,,,,,,,,,,,,,,,,,,,,,,,,,,,,,,,,,,,,
soft_label,digits,adversarial,0.3,fisher_rao,kl,10,0.04333333333333337,1.0,0.00390625,0.87,9,1,0,0.9,10,-0.06314248442649842,10.0,0.083984375,-0.46,2,8,0,0.8,10,-0.14356450872564758,0.0,0.001953125,-1.0,0,10,0,1.0,10,-0.12144004106521607,0.0,0.001953125,-1.0,0,10,0,1.0,10,0.3068261921405792,0.0,0.001953125,1.0,10,0,0,1.0,10,0.0,0.0,1.0,0.0,0,0,10,1.0,,,,,,,,,,,,,,,,,,,,,,,,,,,,,,,,,,,,
soft_label,digits,adversarial,0.3,hellinger,kl,10,0.05222222222222224,0.0,0.00390625,0.91,9,0,1,0.9,10,-0.07378039956092834,10.0,0.083984375,-0.48,2,8,0,0.8,10,-0.1471811904647836,0.0,0.001953125,-1.0,0,10,0,1.0,10,-0.13284372836351394,0.0,0.001953125,-1.0,0,10,0,1.0,10,0.31577226519584656,0.0,0.001953125,1.0,10,0,0,1.0,10,0.0,0.0,1.0,0.0,0,0,10,1.0,,,,,,,,,,,,,,,,,,,,,,,,,,,,,,,,,,,,
soft_label,digits,adversarial,0.3,jensen_shannon,kl,10,0.06314814814814815,0.0,0.001953125,0.98,10,0,0,1.0,10,-0.09934747815132142,8.0,0.048828125,-0.46,3,7,0,0.7,10,-0.15320662418173417,0.0,0.001953125,-1.0,0,10,0,1.0,10,-0.14850475937128066,0.0,0.001953125,-1.0,0,10,0,1.0,10,0.32771106362342833,0.0,0.001953125,1.0,10,0,0,1.0,10,0.0,0.0,1.0,0.0,0,0,10,1.0,,,,,,,,,,,,,,,,,,,,,,,,,,,,,,,,,,,,
soft_label,digits,adversarial,0.3,kl_capped,kl,10,-0.6385185185185186,0.0,0.001953125,-1.0,0,10,0,1.0,10,1.4540186643600463,0.0,0.001953125,1.0,10,0,0,1.0,10,-0.14043984599135542,0.0,0.001953125,-1.0,0,10,0,1.0,10,0.567505705356598,0.0,0.001953125,1.0,10,0,0,1.0,10,-0.4435121200978756,0.0,0.001953125,-1.0,0,10,0,1.0,10,0.0,0.0,1.0,0.0,0,0,10,1.0,,,,,,,,,,,,,,,,,,,,,,,,,,,,,,,,,,,,
soft_label,digits,adversarial,0.3,kl_smoothed,kl,10,-0.002037037037037026,10.5,0.34375,-0.04,3,5,2,0.5,10,-0.0007564008235931396,22.0,0.625,0.0,4,6,0,0.6,10,-0.0049177900011892735,5.0,0.01953125,-0.16,1,9,0,0.9,10,-0.002054351568222046,16.0,0.275390625,-0.04,5,5,0,0.5,10,0.0033757567405700685,2.0,0.005859375,0.2,9,1,0,0.9,10,0.0,0.0,1.0,0.0,0,0,10,1.0,,,,,,,,,,,,,,,,,,,,,,,,,,,,,,,,,,,,
soft_label,digits,ambiguous,0.1,fisher_rao,kl,10,0.018703703703703677,0.0,0.00390625,0.83,9,0,1,0.9,10,-0.03191254138946533,13.0,0.16015625,-0.18,4,6,0,0.6,10,-0.04459540337324143,0.0,0.001953125,-1.0,0,10,0,1.0,10,-0.033069045096635816,0.0,0.001953125,-0.94,0,10,0,1.0,10,0.10180531740188599,0.0,0.001953125,1.0,10,0,0,1.0,10,0.0,0.0,1.0,0.0,0,0,10,1.0,,,,,,,,,,,,,,,,,,,,,,,,,,,,,,,,,,,,
soft_label,digits,ambiguous,0.1,hellinger,kl,10,0.017037037037037007,0.0,0.00390625,0.84,9,0,1,0.9,10,-0.009526503086090089,23.0,0.6953125,-0.02,4,6,0,0.6,10,-0.04331511288329407,0.0,0.001953125,-1.0,0,10,0,1.0,10,-0.029823479056358338,0.0,0.001953125,-0.88,0,10,0,1.0,10,0.09947709441184997,0.0,0.001953125,1.0,10,0,0,1.0,10,0.0,0.0,1.0,0.0,0,0,10,1.0,,,,,,,,,,,,,,,,,,,,,,,,,,,,,,,,,,,,
soft_label,digits,ambiguous,0.1,jensen_shannon,kl,10,0.020925925925925924,0.0,0.001953125,0.88,10,0,0,1.0,10,-0.016324388980865478,22.0,0.625,-0.08,4,6,0,0.6,10,-0.039518182973066966,0.0,0.001953125,-1.0,0,10,0,1.0,10,-0.03382742628455162,0.0,0.001953125,-0.9,0,10,0,1.0,10,0.10572413206100464,0.0,0.001953125,1.0,10,0,0,1.0,10,0.0,0.0,1.0,0.0,0,0,10,1.0,,,,,,,,,,,,,,,,,,,,,,,,,,,,,,,,,,,,
soft_label,digits,ambiguous,0.1,kl_capped,kl,10,-0.8935185185185185,0.0,0.001953125,-1.0,0,10,0,1.0,10,16.627008259296417,0.0,0.001953125,1.0,10,0,0,1.0,10,0.8795359611456041,0.0,0.001953125,1.0,10,0,0,1.0,10,1.7852416343986988,0.0,0.001953125,1.0,10,0,0,1.0,10,-0.7866482159122825,0.0,0.001953125,-1.0,0,10,0,1.0,10,0.0,0.0,1.0,0.0,0,0,10,1.0,,,,,,,,,,,,,,,,,,,,,,,,,,,,,,,,,,,,
soft_label,digits,ambiguous,0.1,kl_smoothed,kl,10,0.016481481481481465,0.0,0.001953125,0.86,10,0,0,1.0,10,-0.003442913293838501,27.0,1.0,-0.02,6,4,0,0.6,10,-0.03552979365267137,0.0,0.001953125,-1.0,0,10,0,1.0,10,-0.021601763367652894,0.0,0.001953125,-0.76,0,10,0,1.0,10,0.051252061128616334,0.0,0.001953125,1.0,10,0,0,1.0,10,0.0,0.0,1.0,0.0,0,0,10,1.0,,,,,,,,,,,,,,,,,,,,,,,,,,,,,,,,,,,,
soft_label,digits,ambiguous,0.3,fisher_rao,kl,10,0.027407407407407415,0.0,0.001953125,0.88,10,0,0,1.0,10,0.005437725782394409,24.0,0.76953125,0.06,4,6,0,0.6,10,-0.04644753687911562,0.0,0.001953125,-1.0,0,10,0,1.0,10,-0.054566068947315215,0.0,0.001953125,-1.0,0,10,0,1.0,10,0.0931976318359375,0.0,0.001953125,1.0,10,0,0,1.0,10,0.0,0.0,1.0,0.0,0,0,10,1.0,,,,,,,,,,,,,,,,,,,,,,,,,,,,,,,,,,,,
soft_label,digits,ambiguous,0.3,hellinger,kl,10,0.021296296296296303,5.0,0.01953125,0.59,8,2,0,0.8,10,0.046357226371765134,15.0,0.232421875,0.26,7,3,0,0.7,10,-0.0354042102203325,0.0,0.001953125,-0.98,0,10,0,1.0,10,-0.034865616261959075,6.0,0.02734375,-0.58,2,8,0,0.8,10,0.07324784398078918,0.0,0.001953125,1.0,10,0,0,1.0,10,0.0,0.0,1.0,0.0,0,0,10,1.0,,,,,,,,,,,,,,,,,,,,,,,,,,,,,,,,,,,,
soft_label,digits,ambiguous,0.3,jensen_shannon,kl,10,0.022037037037037032,12.5,0.138671875,0.56,8,2,0,0.8,10,0.002139723300933838,26.0,0.921875,0.0,6,4,0,0.6,10,-0.04227410224300843,1.0,0.00390625,-0.88,1,9,0,0.9,10,-0.04909547716379166,2.0,0.005859375,-0.74,1,9,0,0.9,10,0.09030522704124451,0.0,0.001953125,1.0,10,0,0,1.0,10,0.0,0.0,1.0,0.0,0,0,10,1.0,,,,,,,,,,,,,,,,,,,,,,,,,,,,,,,,,,,,
soft_label,digits,ambiguous,0.3,kl_capped,kl,10,-0.7496296296296296,0.0,0.001953125,-1.0,0,10,0,1.0,10,14.805015450716018,0.0,0.001953125,1.0,10,0,0,1.0,10,0.6533954224818281,0.0,0.001953125,1.0,10,0,0,1.0,10,1.4324895352125169,0.0,0.001953125,1.0,10,0,0,1.0,10,-0.501416364312172,0.0,0.001953125,-1.0,0,10,0,1.0,10,0.0,0.0,1.0,0.0,0,0,10,1.0,,,,,,,,,,,,,,,,,,,,,,,,,,,,,,,,,,,,
soft_label,digits,ambiguous,0.3,kl_smoothed,kl,10,-0.004629629629629639,13.5,0.3125,-0.3,3,6,1,0.6,10,0.012406712770462036,11.0,0.10546875,0.18,8,2,0,0.8,10,-0.0027152572268688974,17.0,0.322265625,-0.14,3,7,0,0.7,10,0.002633300423622131,23.0,0.6953125,0.16,6,4,0,0.6,10,-0.0006682813167572021,25.0,0.845703125,-0.06,4,6,0,0.6,10,0.0,0.0,1.0,0.0,0,0,10,1.0,,,,,,,,,,,,,,,,,,,,,,,,,,,,,,,,,,,,
soft_label,digits,clean,0.0,fisher_rao,kl,10,-0.0007407407407407418,11.5,0.6875,-0.01,4,3,3,0.4,10,0.04363265633583069,6.0,0.02734375,0.26,8,2,0,0.8,10,0.0031095097793473274,12.0,0.130859375,0.22,8,2,0,0.8,10,0.0011004284024238586,22.0,0.625,0.02,6,4,0,0.6,10,0.00235554575920105,10.0,0.083984375,0.18,7,3,0,0.7,10,0.0,0.0,1.0,0.0,0,0,10,1.0,,,,,,,,,,,,,,,,,,,,,,,,,,,,,,,,,,,,
soft_label,digits,clean,0.0,hellinger,kl,10,0.0,24.5,0.79296875,0.01,7,3,0,0.7,10,0.0504444569349289,4.0,0.013671875,0.26,8,2,0,0.8,10,0.00454157818246771,9.0,0.064453125,0.34,8,2,0,0.8,10,0.0025238782167434693,19.0,0.431640625,0.14,7,3,0,0.7,10,0.0019720375537872316,13.0,0.16015625,0.2,7,3,0,0.7,10,0.0,0.0,1.0,0.0,0,0,10,1.0,,,,,,,,,,,,,,,,,,,,,,,,,,,,,,,,,,,,
soft_label,digits,clean,0.0,jensen_shannon,kl,10,-0.0033333333333333214,6.5,0.0625,-0.23,2,7,1,0.7,10,0.05846807360649109,5.0,0.01953125,0.3,8,2,0,0.8,10,0.00604176717775839,7.0,0.037109375,0.44,8,2,0,0.8,10,0.006780195236206055,10.0,0.083984375,0.36,8,2,0,0.8,10,-0.00044991970062255857,22.0,0.625,-0.08,3,7,0,0.7,10,0.0,0.0,1.0,0.0,0,0,10,1.0,,,,,,,,,,,,,,,,,,,,,,,,,,,,,,,,,,,,
soft_label,digits,clean,0.0,kl_capped,kl,10,-0.9420370370370369,0.0,0.001953125,-1.0,0,10,0,1.0,10,2.9589491710066795,0.0,0.001953125,1.0,10,0,0,1.0,10,0.10091669013378798,0.0,0.001953125,1.0,10,0,0,1.0,10,0.92686972245574,0.0,0.001953125,1.0,10,0,0,1.0,10,-0.8953367471694946,0.0,0.001953125,-1.0,0,10,0,1.0,10,0.0,0.0,1.0,0.0,0,0,10,1.0,,,,,,,,,,,,,,,,,,,,,,,,,,,,,,,,,,,,
soft_label,digits,clean,0.0,kl_smoothed,kl,10,0.0009259259259259189,8.5,0.40625,0.13,5,2,3,0.5,10,0.008439533412456512,10.0,0.083984375,0.06,8,2,0,0.8,10,-0.0013670081452087086,11.0,0.10546875,-0.06,3,7,0,0.7,10,-7.385089993476868e-05,27.0,1.0,-0.02,5,5,0,0.5,10,4.662275314331055e-05,26.0,0.921875,0.04,6,4,0,0.6,10,0.0,0.0,1.0,0.0,0,0,10,1.0,,,,,,,,,,,,,,,,,,,,,,,,,,,,,,,,,,,,
soft_label,digits,smoothing,0.1,fisher_rao,kl,10,-0.011666666666666681,6.5,0.029296875,-0.66,2,8,0,0.8,10,0.02499939054250717,14.0,0.193359375,0.2,7,3,0,0.7,10,-0.08241663683895711,0.0,0.001953125,-1.0,0,10,0,1.0,10,-0.0040333658456802365,17.0,0.322265625,-0.1,4,6,0,0.6,10,0.12520114779472352,0.0,0.001953125,1.0,10,0,0,1.0,10,0.0,0.0,1.0,0.0,0,0,10,1.0,,,,,,,,,,,,,,,,,,,,,,,,,,,,,,,,,,,,
soft_label,digits,smoothing,0.1,hellinger,kl,10,-0.00888888888888889,11.0,0.103515625,-0.58,2,8,0,0.8,10,0.01981339156627655,21.0,0.556640625,0.1,6,4,0,0.6,10,-0.08460863766294939,0.0,0.001953125,-1.0,0,10,0,1.0,10,-0.007377398759126663,12.0,0.130859375,-0.3,3,7,0,0.7,10,0.1266438066959381,0.0,0.001953125,1.0,10,0,0,1.0,10,0.0,0.0,1.0,0.0,0,0,10,1.0,,,,,,,,,,,,,,,,,,,,,,,,,,,,,,,,,,,,
soft_label,digits,smoothing,0.1,jensen_shannon,kl,10,-0.011666666666666681,5.0,0.021484375,-0.63,1,9,0,0.9,10,0.040209239721298216,12.0,0.130859375,0.3,7,3,0,0.7,10,-0.07837483106939883,0.0,0.001953125,-1.0,0,10,0,1.0,10,-0.0031479720026254656,26.0,0.921875,-0.04,4,6,0,0.6,10,0.12690623998641967,0.0,0.001953125,1.0,10,0,0,1.0,10,0.0,0.0,1.0,0.0,0,0,10,1.0,,,,,,,,,,,,,,,,,,,,,,,,,,,,,,,,,,,,
soft_label,digits,smoothing,0.1,kl_capped,kl,10,-0.9466666666666667,0.0,0.001953125,-1.0,0,10,0,1.0,10,2.991479656100273,0.0,0.001953125,1.0,10,0,0,1.0,10,0.01722661759290429,0.0,0.001953125,1.0,10,0,0,1.0,10,0.915036903321743,0.0,0.001953125,1.0,10,0,0,1.0,10,-0.7631358746439219,0.0,0.001953125,-1.0,0,10,0,1.0,10,0.0,0.0,1.0,0.0,0,0,10,1.0,,,,,,,,,,,,,,,,,,,,,,,,,,,,,,,,,,,,
soft_label,digits,smoothing,0.1,kl_smoothed,kl,10,-0.018518518518518535,3.0,0.009765625,-0.77,1,9,0,0.9,10,0.027352431416511537,16.0,0.275390625,0.12,6,4,0,0.6,10,-0.08210132447105867,0.0,0.001953125,-1.0,0,10,0,1.0,10,0.004710938781499863,18.0,0.375,0.18,6,4,0,0.6,10,0.11541242003440857,0.0,0.001953125,1.0,10,0,0,1.0,10,0.0,0.0,1.0,0.0,0,0,10,1.0,,,,,,,,,,,,,,,,,,,,,,,,,,,,,,,,,,,,
soft_label,digits,smoothing,0.3,fisher_rao,kl,10,-0.014629629629629614,0.0,0.001953125,-0.6,0,10,0,1.0,10,-0.026451459527015685,8.0,0.048828125,-0.3,2,8,0,0.8,10,-0.06796240804096061,0.0,0.001953125,-1.0,0,10,0,1.0,10,-0.02021443098783493,0.0,0.001953125,-0.8,0,10,0,1.0,10,0.04558587074279785,0.0,0.001953125,1.0,10,0,0,1.0,10,0.0,0.0,1.0,0.0,0,0,10,1.0,,,,,,,,,,,,,,,,,,,,,,,,,,,,,,,,,,,,
soft_label,digits,smoothing,0.3,hellinger,kl,10,-0.01351851851851853,0.0,0.00390625,-0.53,0,9,1,0.9,10,-0.019704699516296387,11.0,0.10546875,-0.26,3,7,0,0.7,10,-0.06277589107277212,0.0,0.001953125,-1.0,0,10,0,1.0,10,-0.019224843382835387,0.0,0.001953125,-0.74,0,10,0,1.0,10,0.04210752248764038,0.0,0.001953125,1.0,10,0,0,1.0,10,0.0,0.0,1.0,0.0,0,0,10,1.0,,,,,,,,,,,,,,,,,,,,,,,,,,,,,,,,,,,,
soft_label,digits,smoothing,0.3,jensen_shannon,kl,10,-0.03185185185185185,0.0,0.001953125,-1.0,0,10,0,1.0,10,-0.21311210989952087,0.0,0.001953125,-0.96,0,10,0,1.0,10,-0.29978606842458244,0.0,0.001953125,-1.0,0,10,0,1.0,10,-0.08462053015828133,0.0,0.001953125,-1.0,0,10,0,1.0,10,0.268637090921402,0.0,0.001953125,1.0,10,0,0,1.0,10,0.0,0.0,1.0,0.0,0,0,10,1.0,,,,,,,,,,,,,,,,,,,,,,,,,,,,,,,,,,,,
soft_label,digits,smoothing,0.3,kl_capped,kl,10,-0.950925925925926,0.0,0.001953125,-1.0,0,10,0,1.0,10,2.868230718374252,0.0,0.001953125,1.0,10,0,0,1.0,10,-0.18306677794566859,0.0,0.001953125,-1.0,0,10,0,1.0,10,0.8133459165692329,0.0,0.001953125,1.0,10,0,0,1.0,10,-0.5733378823846579,0.0,0.001953125,-1.0,0,10,0,1.0,10,0.0,0.0,1.0,0.0,0,0,10,1.0,,,,,,,,,,,,,,,,,,,,,,,,,,,,,,,,,,,,
soft_label,digits,smoothing,0.3,kl_smoothed,kl,10,-0.0018518518518518712,6.0,0.109375,-0.15,3,5,2,0.5,10,0.002965843677520752,23.0,0.6953125,-0.06,6,4,0,0.6,10,-0.0018885078998627236,20.0,0.4921875,-0.08,5,5,0,0.5,10,0.000756557285785675,25.0,0.845703125,0.02,5,5,0,0.5,10,0.00036560893058776853,23.0,0.6953125,0.0,5,5,0,0.5,10,0.0,0.0,1.0,0.0,0,0,10,1.0,,,,,,,,,,,,,,,,,,,,,,,,,,,,,,,,,,,,
soft_label,digits,symmetric_noise,0.1,fisher_rao,kl,10,0.06296296296296297,0.0,0.001953125,1.0,10,0,0,1.0,10,-0.06567822992801667,11.0,0.10546875,-0.5,2,8,0,0.8,10,0.011435559027724796,7.0,0.037109375,0.56,9,1,0,0.9,10,-0.08225669711828232,0.0,0.001953125,-1.0,0,10,0,1.0,10,0.12406981587409974,0.0,0.001953125,1.0,10,0,0,1.0,10,0.0,0.0,1.0,0.0,0,0,10,1.0,,,,,,,,,,,,,,,,,,,,,,,,,,,,,,,,,,,,
soft_label,digits,symmetric_noise,0.1,hellinger,kl,10,0.06370370370370373,0.0,0.001953125,1.0,10,0,0,1.0,10,-0.06725135445594788,8.0,0.048828125,-0.5,1,9,0,0.9,10,0.010867100462869383,10.0,0.083984375,0.66,9,1,0,0.9,10,-0.08489300981163979,0.0,0.001953125,-1.0,0,10,0,1.0,10,0.12570659518241883,0.0,0.001953125,1.0,10,0,0,1.0,10,0.0,0.0,1.0,0.0,0,0,10,1.0,,,,,,,,,,,,,,,,,,,,,,,,,,,,,,,,,,,,
soft_label,digits,symmetric_noise,0.1,jensen_shannon,kl,10,0.06129629629629631,0.0,0.001953125,1.0,10,0,0,1.0,10,-0.01934557259082794,14.0,0.193359375,-0.22,2,8,0,0.8,10,0.015161078472932184,9.0,0.064453125,0.7,9,1,0,0.9,10,-0.07791275307536125,0.0,0.001953125,-1.0,0,10,0,1.0,10,0.12301944494247437,0.0,0.001953125,1.0,10,0,0,1.0,10,0.0,0.0,1.0,0.0,0,0,10,1.0,,,,,,,,,,,,,,,,,,,,,,,,,,,,,,,,,,,,
soft_label,digits,symmetric_noise,0.1,kl_capped,kl,10,-0.8322222222222223,0.0,0.001953125,-1.0,0,10,0,1.0,10,3.3849365234375,0.0,0.001953125,1.0,10,0,0,1.0,10,0.14410985955485592,0.0,0.001953125,1.0,10,0,0,1.0,10,0.8348602041602134,0.0,0.001953125,1.0,10,0,0,1.0,10,-0.7252300273627043,0.0,0.001953125,-1.0,0,10,0,1.0,10,0.0,0.0,1.0,0.0,0,0,10,1.0,,,,,,,,,,,,,,,,,,,,,,,,,,,,,,,,,,,,
soft_label,digits,symmetric_noise,0.1,kl_smoothed,kl,10,0.018518518518518535,0.0,0.001953125,0.81,10,0,0,1.0,10,0.016536375880241393,25.0,0.845703125,-0.04,3,7,0,0.7,10,0.029193446205721944,1.0,0.00390625,0.8,9,1,0,0.9,10,-0.01856597661972046,4.0,0.013671875,-0.72,1,9,0,0.9,10,0.07210857272148133,0.0,0.001953125,1.0,10,0,0,1.0,10,0.0,0.0,1.0,0.0,0,0,10,1.0,,,,,,,,,,,,,,,,,,,,,,,,,,,,,,,,,,,,
soft_label,digits,symmetric_noise,0.3,fisher_rao,kl,10,0.049444444444444444,0.0,0.00390625,0.94,9,0,1,0.9,10,-0.05884544849395752,13.0,0.16015625,-0.42,3,7,0,0.7,10,-0.14474988612587808,0.0,0.001953125,-1.0,0,10,0,1.0,10,-0.12590460181236268,0.0,0.001953125,-1.0,0,10,0,1.0,10,0.3105243444442749,0.0,0.001953125,1.0,10,0,0,1.0,10,0.0,0.0,1.0,0.0,0,0,10,1.0,,,,,,,,,,,,,,,,,,,,,,,,,,,,,,,,,,,,
soft_label,digits,symmetric_noise,0.3,hellinger,kl,10,0.05685185185185184,0.0,0.001953125,0.96,10,0,0,1.0,10,-0.07336069345474243,10.0,0.083984375,-0.46,3,7,0,0.7,10,-0.14828154454352677,0.0,0.001953125,-1.0,0,10,0,1.0,10,-0.1376592069864273,0.0,0.001953125,-1.0,0,10,0,1.0,10,0.3191350758075714,0.0,0.001953125,1.0,10,0,0,1.0,10,0.0,0.0,1.0,0.0,0,0,10,1.0,,,,,,,,,,,,,,,,,,,,,,,,,,,,,,,,,,,,
soft_label,digits,symmetric_noise,0.3,jensen_shannon,kl,10,0.06277777777777777,0.0,0.001953125,0.98,10,0,0,1.0,10,-0.09537139534950256,9.0,0.064453125,-0.44,2,8,0,0.8,10,-0.14932660273103798,0.0,0.001953125,-1.0,0,10,0,1.0,10,-0.14668066948652267,0.0,0.001953125,-1.0,0,10,0,1.0,10,0.3272668421268463,0.0,0.001953125,1.0,10,0,0,1.0,10,0.0,0.0,1.0,0.0,0,0,10,1.0,,,,,,,,,,,,,,,,,,,,,,,,,,,,,,,,,,,,
soft_label,digits,symmetric_noise,0.3,kl_capped,kl,10,-0.7924074074074074,0.0,0.001953125,-1.0,0,10,0,1.0,10,2.6952585875988007,0.0,0.001953125,1.0,10,0,0,1.0,10,-0.06431779025329483,10.0,0.083984375,-0.8,1,9,0,0.9,10,0.6709671497344971,0.0,0.001953125,1.0,10,0,0,1.0,10,-0.4730449978262186,0.0,0.001953125,-1.0,0,10,0,1.0,10,0.0,0.0,1.0,0.0,0,0,10,1.0,,,,,,,,,,,,,,,,,,,,,,,,,,,,,,,,,,,,
soft_label,digits,symmetric_noise,0.3,kl_smoothed,kl,10,-0.0018518518518518602,12.0,0.4453125,-0.03,3,5,2,0.5,10,-0.0007418811321258545,26.0,0.921875,0.0,5,5,0,0.5,10,-0.0046206551817832234,13.0,0.16015625,-0.08,4,6,0,0.6,10,-0.0018440157175064087,17.0,0.322265625,-0.04,5,5,0,0.5,10,0.0032379448413848875,2.0,0.005859375,0.18,9,1,0,0.9,10,0.0,0.0,1.0,0.0,0,0,10,1.0,,,,,,,,,,,,,,,,,,,,,,,,,,,,,,,,,,,,
soft_label,mnist,adversarial,0.1,fisher_rao,kl,10,-0.004199999999999993,12.5,0.13671875,-0.19,3,7,0,0.7,10,0.1353243589401245,3.0,0.009765625,0.24,9,1,0,0.9,10,0.005298613035678851,12.0,0.130859375,0.24,8,2,0,0.8,10,0.009426698088645935,12.0,0.130859375,0.24,8,2,0,0.8,10,-0.0042940318584442135,12.0,0.130859375,-0.22,3,7,0,0.7,10,0.0,0.0,1.0,0.0,0,0,10,1.0,,,,,,,,,,,,,,,,,,,,,,,,,,,,,,,,,,,,
soft_label,mnist,adversarial,0.1,hellinger,kl,10,-0.005599999999999983,16.0,0.46875,-0.18,5,4,1,0.5,10,0.1364290475845337,10.0,0.083984375,0.2,6,4,0,0.6,10,0.0040961500644683705,20.0,0.4921875,0.16,5,5,0,0.5,10,0.010665351152420044,18.0,0.375,0.22,6,4,0,0.6,10,-0.005691659450531006,19.0,0.431640625,-0.22,4,6,0,0.6,10,0.0,0.0,1.0,0.0,0,0,10,1.0,,,,,,,,,,,,,,,,,,,,,,,,,,,,,,,,,,,,
soft_label,mnist,adversarial,0.1,jensen_shannon,kl,10,-0.011399999999999976,2.0,0.01171875,-0.37,1,8,1,0.8,10,0.23677148818969726,3.0,0.009765625,0.44,8,2,0,0.8,10,0.011134601855278009,3.0,0.009765625,0.36,8,2,0,0.8,10,0.022494903206825255,0.0,0.001953125,0.4,10,0,0,1.0,10,-0.010937720537185669,3.0,0.009765625,-0.38,1,9,0,0.9,10,0.0,0.0,1.0,0.0,0,0,10,1.0,,,,,,,,,,,,,,,,,,,,,,,,,,,,,,,,,,,,
soft_label,mnist,adversarial,0.1,kl_capped,kl,10,-0.11879999999999998,0.0,0.001953125,-1.0,0,10,0,1.0,10,2.3962422370910645,0.0,0.001953125,1.0,10,0,0,1.0,10,0.11812208648920057,0.0,0.001953125,1.0,10,0,0,1.0,10,0.23711580336093901,0.0,0.001953125,1.0,10,0,0,1.0,10,-0.11815932393074036,0.0,0.001953125,-1.0,0,10,0,1.0,10,0.0,0.0,1.0,0.0,0,0,10,1.0,,,,,,,,,,,,,,,,,,,,,,,,,,,,,,,,,,,,
soft_label,mnist,adversarial,0.1,kl_smoothed,kl,10,-0.0018000000000000017,18.5,0.6796875,-0.08,3,6,1,0.6,10,0.07842385768890381,10.0,0.083984375,0.16,8,2,0,0.8,10,0.0019318152785301218,22.0,0.625,0.1,6,4,0,0.6,10,0.0030137598514556885,22.0,0.625,0.1,7,3,0,0.7,10,-0.0010342776775360107,22.0,0.625,-0.04,4,6,0,0.6,10,0.0,0.0,1.0,0.0,0,0,10,1.0,,,,,,,,,,,,,,,,,,,,,,,,,,,,,,,,,,,,
soft_label,mnist,adversarial,0.3,fisher_rao,kl,10,0.014399999999999991,0.0,0.001953125,0.43,10,0,0,1.0,10,-0.0834157943725586,10.0,0.083984375,-0.22,3,7,0,0.7,10,-0.010311496144533167,2.0,0.005859375,-0.36,1,9,0,0.9,10,-0.023762276768684386,1.0,0.00390625,-0.38,1,9,0,0.9,10,0.013527232408523559,0.0,0.001953125,0.4,10,0,0,1.0,10,0.0,0.0,1.0,0.0,0,0,10,1.0,,,,,,,,,,,,,,,,,,,,,,,,,,,,,,,,,,,,
soft_label,mnist,adversarial,0.3,hellinger,kl,10,0.014800000000000002,1.0,0.00390625,0.38,9,1,0,0.9,10,-0.0655590534210205,12.0,0.130859375,-0.1,4,6,0,0.6,10,-0.012513451939821249,2.0,0.005859375,-0.38,1,9,0,0.9,10,-0.026276615262031556,1.0,0.00390625,-0.36,1,9,0,0.9,10,0.014424729347229003,1.0,0.00390625,0.36,9,1,0,0.9,10,0.0,0.0,1.0,0.0,0,0,10,1.0,,,,,,,,,,,,,,,,,,,,,,,,,,,,,,,,,,,,
soft_label,mnist,adversarial,0.3,jensen_shannon,kl,10,0.012199999999999999,11.0,0.103515625,0.32,8,2,0,0.8,10,-0.08256855010986328,14.0,0.193359375,-0.24,2,8,0,0.8,10,-0.010128320193290713,12.0,0.130859375,-0.26,2,8,0,0.8,10,-0.023206323385238647,11.0,0.10546875,-0.32,2,8,0,0.8,10,0.012927466630935669,11.0,0.10546875,0.36,8,2,0,0.8,10,0.0,0.0,1.0,0.0,0,0,10,1.0,,,,,,,,,,,,,,,,,,,,,,,,,,,,,,,,,,,,
soft_label,mnist,adversarial,0.3,kl_capped,kl,10,-0.10540000000000002,0.0,0.001953125,-0.91,0,10,0,1.0,10,2.2311288833618166,0.0,0.001953125,1.0,10,0,0,1.0,10,0.10812727776169775,0.0,0.001953125,0.94,10,0,0,1.0,10,0.21491633951663972,0.0,0.001953125,0.94,10,0,0,1.0,10,-0.10575546026229858,0.0,0.001953125,-0.92,0,10,0,1.0,10,0.0,0.0,1.0,0.0,0,0,10,1.0,,,,,,,,,,,,,,,,,,,,,,,,,,,,,,,,,,,,
soft_label,mnist,adversarial,0.3,kl_smoothed,kl,10,0.0038000000000000035,11.5,0.21484375,0.14,6,3,1,0.6,10,0.0570418119430542,27.0,1.0,-0.06,3,7,0,0.7,10,-0.0012549464702606233,22.0,0.625,-0.08,4,6,0,0.6,10,-0.0036304891109466553,22.0,0.625,-0.1,4,6,0,0.6,10,0.003158903121948242,14.0,0.193359375,0.16,7,3,0,0.7,10,0.0,0.0,1.0,0.0,0,0,10,1.0,,,,,,,,,,,,,,,,,,,,,,,,,,,,,,,,,,,,
soft_label,mnist,ambiguous,0.1,fisher_rao,kl,10,0.0008000000000000007,25.0,0.826171875,0.12,6,4,0,0.6,10,0.12382597923278808,18.0,0.375,0.22,6,4,0,0.6,10,0.0008428107798099576,27.0,1.0,-0.08,4,6,0,0.6,10,-0.0009361803531646729,26.0,0.921875,-0.08,5,5,0,0.5,10,0.0009101808071136474,26.0,0.921875,0.08,5,5,0,0.5,10,0.0,0.0,1.0,0.0,0,0,10,1.0,,,,,,,,,,,,,,,,,,,,,,,,,,,,,,,,,,,,
soft_label,mnist,ambiguous,0.1,hellinger,kl,10,-0.003199999999999992,15.0,0.44140625,-0.12,3,6,1,0.6,10,0.16010127067565919,9.0,0.064453125,0.34,7,3,0,0.7,10,0.004139141970872862,16.0,0.275390625,0.18,6,4,0,0.6,10,0.0066068112850189206,19.0,0.431640625,0.16,6,4,0,0.6,10,-0.0027366280555725098,20.0,0.4921875,-0.14,4,6,0,0.6,10,0.0,0.0,1.0,0.0,0,0,10,1.0,,,,,,,,,,,,,,,,,,,,,,,,,,,,,,,,,,,,
soft_label,mnist,ambiguous,0.1,jensen_shannon,kl,10,0.0018000000000000127,18.0,0.625,0.1,5,4,1,0.5,10,0.1561728000640869,8.0,0.048828125,0.34,8,2,0,0.8,10,0.00034811899065972376,26.0,0.921875,-0.02,4,6,0,0.6,10,-0.0009621411561965942,25.0,0.845703125,-0.04,5,5,0,0.5,10,0.0016682863235473633,23.0,0.6953125,0.1,5,5,0,0.5,10,0.0,0.0,1.0,0.0,0,0,10,1.0,,,,,,,,,,,,,,,,,,,,,,,,,,,,,,,,,,,,
soft_label,mnist,ambiguous,0.1,kl_capped,kl,10,-0.7434000000000001,0.0,0.001953125,-1.0,0,10,0,1.0,10,13.982330989837646,0.0,0.001953125,1.0,10,0,0,1.0,10,0.7429104781210423,0.0,0.001953125,1.0,10,0,0,1.0,10,1.4854354798793792,0.0,0.001953125,1.0,10,0,0,1.0,10,-0.7424193095415831,0.0,0.001953125,-1.0,0,10,0,1.0,10,0.0,0.0,1.0,0.0,0,0,10,1.0,,,,,,,,,,,,,,,,,,,,,,,,,,,,,,,,,,,,
soft_label,mnist,ambiguous,0.1,kl_smoothed,kl,10,0.0042000000000000145,18.0,0.361328125,0.17,6,4,0,0.6,10,0.003765869140625,26.0,0.921875,0.0,5,5,0,0.5,10,-0.0035378076314926095,18.0,0.375,-0.16,4,6,0,0.6,10,-0.008950963616371155,17.0,0.322265625,-0.18,4,6,0,0.6,10,0.005023676156997681,18.0,0.375,0.18,6,4,0,0.6,10,0.0,0.0,1.0,0.0,0,0,10,1.0,,,,,,,,,,,,,,,,,,,,,,,,,,,,,,,,,,,,
soft_label,mnist,ambiguous,0.3,fisher_rao,kl,10,0.11100000000000003,0.0,0.001953125,1.0,10,0,0,1.0,10,0.0173903226852417,25.0,0.845703125,0.14,6,4,0,0.6,10,-0.0573392785191536,0.0,0.001953125,-0.78,0,10,0,1.0,10,-0.15841104090213776,0.0,0.001953125,-1.0,0,10,0,1.0,10,0.11825281381607056,0.0,0.001953125,1.0,10,0,0,1.0,10,0.0,0.0,1.0,0.0,0,0,10,1.0,,,,,,,,,,,,,,,,,,,,,,,,,,,,,,,,,,,,
soft_label,mnist,ambiguous,0.3,hellinger,kl,10,0.10300000000000002,0.0,0.001953125,1.0,10,0,0,1.0,10,0.08987510204315186,20.0,0.4921875,0.12,5,5,0,0.5,10,-0.047689640045166036,0.0,0.001953125,-0.52,0,10,0,1.0,10,-0.14138095080852509,0.0,0.001953125,-1.0,0,10,0,1.0,10,0.11193559765815735,0.0,0.001953125,1.0,10,0,0,1.0,10,0.0,0.0,1.0,0.0,0,0,10,1.0,,,,,,,,,,,,,,,,,,,,,,,,,,,,,,,,,,,,
soft_label,mnist,ambiguous,0.3,jensen_shannon,kl,10,0.13020000000000004,0.0,0.001953125,1.0,10,0,0,1.0,10,0.020659708976745607,19.0,0.431640625,0.12,6,4,0,0.6,10,-0.06399218297600748,0.0,0.001953125,-0.84,0,10,0,1.0,10,-0.1841672897338867,0.0,0.001953125,-1.0,0,10,0,1.0,10,0.14086750745773316,0.0,0.001953125,1.0,10,0,0,1.0,10,0.0,0.0,1.0,0.0,0,0,10,1.0,,,,,,,,,,,,,,,,,,,,,,,,,,,,,,,,,,,,
soft_label,mnist,ambiguous,0.3,kl_capped,kl,10,-0.4288,0.0,0.001953125,-1.0,0,10,0,1.0,10,10.88532657623291,0.0,0.001953125,1.0,10,0,0,1.0,10,0.5006433369159698,0.0,0.001953125,1.0,10,0,0,1.0,10,0.9436123192310333,0.0,0.001953125,1.0,10,0,0,1.0,10,-0.4184202790260315,0.0,0.001953125,-1.0,0,10,0,1.0,10,0.0,0.0,1.0,0.0,0,0,10,1.0,,,,,,,,,,,,,,,,,,,,,,,,,,,,,,,,,,,,
soft_label,mnist,ambiguous,0.3,kl_smoothed,kl,10,0.09220000000000002,0.0,0.001953125,0.94,10,0,0,1.0,10,0.0026116371154785156,27.0,1.0,0.08,5,5,0,0.5,10,-0.047367134588956826,3.0,0.009765625,-0.58,2,8,0,0.8,10,-0.13395850956439972,0.0,0.001953125,-0.78,0,10,0,1.0,10,0.10043457746505738,0.0,0.001953125,0.98,10,0,0,1.0,10,0.0,0.0,1.0,0.0,0,0,10,1.0,,,,,,,,,,,,,,,,,,,,,,,,,,,,,,,,,,,,
soft_label,mnist,clean,0.0,fisher_rao,kl,10,-0.006999999999999984,8.0,0.09375,-0.19,2,7,1,0.7,10,0.11343412399291992,12.0,0.130859375,0.16,7,3,0,0.7,10,0.0057275244593620435,10.0,0.083984375,0.16,8,2,0,0.8,10,0.013068708777427673,9.0,0.064453125,0.18,8,2,0,0.8,10,-0.0070869684219360355,8.0,0.048828125,-0.18,2,8,0,0.8,10,0.0,0.0,1.0,0.0,0,0,10,1.0,,,,,,,,,,,,,,,,,,,,,,,,,,,,,,,,,,,,
soft_label,mnist,clean,0.0,hellinger,kl,10,-0.008800000000000007,9.0,0.056640625,-0.38,2,8,0,0.8,10,0.15345485210418702,7.0,0.037109375,0.36,7,3,0,0.7,10,0.0070725171327591044,14.0,0.193359375,0.26,6,4,0,0.6,10,0.01432889699935913,12.0,0.130859375,0.26,6,4,0,0.6,10,-0.007476252317428589,9.0,0.064453125,-0.28,2,8,0,0.8,10,0.0,0.0,1.0,0.0,0,0,10,1.0,,,,,,,,,,,,,,,,,,,,,,,,,,,,,,,,,,,,
soft_label,mnist,clean,0.0,jensen_shannon,kl,10,-0.008799999999999985,3.5,0.046875,-0.3,1,7,2,0.7,10,0.14189929962158204,7.0,0.037109375,0.34,8,2,0,0.8,10,0.008374323737621309,11.0,0.10546875,0.28,7,3,0,0.7,10,0.016550958156585693,8.0,0.048828125,0.26,7,3,0,0.7,10,-0.008304733037948608,7.0,0.037109375,-0.28,2,8,0,0.8,10,0.0,0.0,1.0,0.0,0,0,10,1.0,,,,,,,,,,,,,,,,,,,,,,,,,,,,,,,,,,,,
soft_label,mnist,clean,0.0,kl_capped,kl,10,-0.1706,0.0,0.001953125,-1.0,0,10,0,1.0,10,3.3357712030410767,0.0,0.001953125,1.0,10,0,0,1.0,10,0.169812464261055,0.0,0.001953125,1.0,10,0,0,1.0,10,0.3408933043479919,0.0,0.001953125,1.0,10,0,0,1.0,10,-0.1697166919708252,0.0,0.001953125,-1.0,0,10,0,1.0,10,0.0,0.0,1.0,0.0,0,0,10,1.0,,,,,,,,,,,,,,,,,,,,,,,,,,,,,,,,,,,,
soft_label,mnist,clean,0.0,kl_smoothed,kl,10,-0.006999999999999995,7.0,0.07421875,-0.22,2,7,1,0.7,10,0.11980016231536865,10.0,0.083984375,0.22,7,3,0,0.7,10,0.005298925578594224,12.0,0.130859375,0.14,7,3,0,0.7,10,0.012510144710540771,11.0,0.10546875,0.16,7,3,0,0.7,10,-0.006702512502670288,9.0,0.064453125,-0.2,3,7,0,0.7,10,0.0,0.0,1.0,0.0,0,0,10,1.0,,,,,,,,,,,,,,,,,,,,,,,,,,,,,,,,,,,,
soft_label,mnist,smoothing,0.1,fisher_rao,kl,10,-0.0026000000000000025,13.5,0.3046875,-0.1,2,7,1,0.7,10,0.09463059902191162,11.0,0.10546875,0.26,7,3,0,0.7,10,0.0033937610864639227,15.0,0.232421875,0.1,8,2,0,0.8,10,0.005422613024711609,17.0,0.322265625,0.02,7,3,0,0.7,10,-0.0017129242420196532,18.0,0.375,0.0,3,7,0,0.7,10,0.0,0.0,1.0,0.0,0,0,10,1.0,,,,,,,,,,,,,,,,,,,,,,,,,,,,,,,,,,,,
soft_label,mnist,smoothing,0.1,hellinger,kl,10,0.006800000000000006,11.0,0.19140625,0.32,7,2,1,0.7,10,-0.05325384140014648,25.0,0.845703125,-0.08,5,5,0,0.5,10,-0.0071822522640228315,12.0,0.130859375,-0.38,2,8,0,0.8,10,-0.014132222533226014,11.0,0.10546875,-0.36,2,8,0,0.8,10,0.007418620586395264,11.0,0.10546875,0.36,8,2,0,0.8,10,0.0,0.0,1.0,0.0,0,0,10,1.0,,,,,,,,,,,,,,,,,,,,,,,,,,,,,,,,,,,,
soft_label,mnist,smoothing,0.1,jensen_shannon,kl,10,-0.003200000000000014,13.5,0.32421875,-0.13,4,5,1,0.5,10,0.1262126922607422,11.0,0.10546875,0.26,7,3,0,0.7,10,0.0045725644290447315,17.0,0.322265625,0.24,6,4,0,0.6,10,0.008174458146095276,17.0,0.322265625,0.18,5,5,0,0.5,10,-0.00267946720123291,20.0,0.4921875,-0.1,5,5,0,0.5,10,0.0,0.0,1.0,0.0,0,0,10,1.0,,,,,,,,,,,,,,,,,,,,,,,,,,,,,,,,,,,,
soft_label,mnist,smoothing,0.1,kl_capped,kl,10,-0.8139999999999998,0.0,0.001953125,-1.0,0,10,0,1.0,10,15.153741765022279,0.0,0.001953125,1.0,10,0,0,1.0,10,0.7482706956624984,0.0,0.001953125,1.0,10,0,0,1.0,10,1.5368650197982787,0.0,0.001953125,1.0,10,0,0,1.0,10,-0.8138201466295868,0.0,0.001953125,-1.0,0,10,0,1.0,10,0.0,0.0,1.0,0.0,0,0,10,1.0,,,,,,,,,,,,,,,,,,,,,,,,,,,,,,,,,,,,
soft_label,mnist,smoothing,0.1,kl_smoothed,kl,10,-0.0010000000000000009,24.5,0.78125,-0.06,4,6,0,0.6,10,0.06078135967254639,19.0,0.431640625,0.1,5,5,0,0.5,10,0.002442641651630398,23.0,0.6953125,0.06,5,5,0,0.5,10,0.0034497350454330443,25.0,0.845703125,0.06,6,4,0,0.6,10,-0.000979602336883545,27.0,1.0,-0.04,5,5,0,0.5,10,0.0,0.0,1.0,0.0,0,0,10,1.0,,,,,,,,,,,,,,,,,,,,,,,,,,,,,,,,,,,,
soft_label,mnist,smoothing,0.3,fisher_rao,kl,10,0.008599999999999997,7.0,0.07421875,0.45,6,3,1,0.6,10,-0.01937429904937744,24.0,0.76953125,-0.04,5,5,0,0.5,10,-0.007670775556564313,9.0,0.064453125,-0.4,3,7,0,0.7,10,-0.013370570540428162,11.0,0.10546875,-0.3,4,6,0,0.6,10,0.007523143291473388,10.0,0.083984375,0.38,6,4,0,0.6,10,0.0,0.0,1.0,0.0,0,0,10,1.0,,,,,,,,,,,,,,,,,,,,,,,,,,,,,,,,,,,,
soft_label,mnist,smoothing,0.3,hellinger,kl,10,0.007599999999999984,7.0,0.07421875,0.32,8,1,1,0.8,10,-0.028993630409240724,22.0,0.625,-0.02,4,6,0,0.6,10,-0.0067750244259834475,12.0,0.130859375,-0.26,2,8,0,0.8,10,-0.013473042845726013,10.0,0.083984375,-0.28,2,8,0,0.8,10,0.007676011323928833,11.0,0.10546875,0.32,8,2,0,0.8,10,0.0,0.0,1.0,0.0,0,0,10,1.0,,,,,,,,,,,,,,,,,,,,,,,,,,,,,,,,,,,,
soft_label,mnist,smoothing,0.3,jensen_shannon,kl,10,0.004599999999999993,17.5,0.33984375,0.27,7,3,0,0.7,10,-0.02420330047607422,22.0,0.625,-0.08,5,5,0,0.5,10,-0.004540021073818209,18.0,0.375,-0.26,3,7,0,0.7,10,-0.009485641121864319,17.0,0.322265625,-0.26,3,7,0,0.7,10,0.005218237638473511,17.0,0.322265625,0.22,7,3,0,0.7,10,0.0,0.0,1.0,0.0,0,0,10,1.0,,,,,,,,,,,,,,,,,,,,,,,,,,,,,,,,,,,,
soft_label,mnist,smoothing,0.3,kl_capped,kl,10,-0.8076000000000001,0.0,0.001953125,-1.0,0,10,0,1.0,10,15.325457739830018,0.0,0.001953125,1.0,10,0,0,1.0,10,0.7911912490904331,0.0,0.001953125,1.0,10,0,0,1.0,10,1.5944417655467986,0.0,0.001953125,1.0,10,0,0,1.0,10,-0.8074616557452827,0.0,0.001953125,-1.0,0,10,0,1.0,10,0.0,0.0,1.0,0.0,0,0,10,1.0,,,,,,,,,,,,,,,,,,,,,,,,,,,,,,,,,,,,
soft_label,mnist,smoothing,0.3,kl_smoothed,kl,10,0.0030000000000000027,21.0,0.54296875,0.1,5,5,0,0.5,10,-0.011166930198669434,26.0,0.921875,-0.08,4,6,0,0.6,10,-0.0034845731735229563,23.0,0.6953125,-0.22,4,6,0,0.6,10,-0.0047958165407180784,25.0,0.845703125,-0.1,5,5,0,0.5,10,0.002591812610626221,25.0,0.845703125,0.12,5,5,0,0.5,10,0.0,0.0,1.0,0.0,0,0,10,1.0,,,,,,,,,,,,,,,,,,,,,,,,,,,,,,,,,,,,
soft_label,mnist,symmetric_noise,0.1,fisher_rao,kl,10,-0.006599999999999995,8.0,0.09375,-0.23,1,8,1,0.8,10,0.17615506649017335,3.0,0.009765625,0.32,9,1,0,0.9,10,0.007142168426513659,9.0,0.064453125,0.22,9,1,0,0.9,10,0.01361684501171112,9.0,0.064453125,0.22,9,1,0,0.9,10,-0.0059624195098876955,10.0,0.083984375,-0.22,2,8,0,0.8,10,0.0,0.0,1.0,0.0,0,0,10,1.0,,,,,,,,,,,,,,,,,,,,,,,,,,,,,,,,,,,,
soft_label,mnist,symmetric_noise,0.1,hellinger,kl,10,-0.008799999999999997,8.0,0.09765625,-0.25,3,6,1,0.6,10,0.1806894302368164,10.0,0.083984375,0.26,6,4,0,0.6,10,0.010259755694866163,10.0,0.083984375,0.32,8,2,0,0.8,10,0.01927032768726349,10.0,0.083984375,0.3,8,2,0,0.8,10,-0.008628195524215699,13.0,0.16015625,-0.26,4,6,0,0.6,10,0.0,0.0,1.0,0.0,0,0,10,1.0,,,,,,,,,,,,,,,,,,,,,,,,,,,,,,,,,,,,
soft_label,mnist,symmetric_noise,0.1,jensen_shannon,kl,10,-0.01379999999999999,1.5,0.005859375,-0.44,1,9,0,0.9,10,0.22312490940093993,0.0,0.001953125,0.38,10,0,0,1.0,10,0.014683639454841585,2.0,0.005859375,0.42,9,1,0,0.9,10,0.02732827663421631,2.0,0.005859375,0.38,9,1,0,0.9,10,-0.012823724746704101,1.0,0.00390625,-0.4,1,9,0,0.9,10,0.0,0.0,1.0,0.0,0,0,10,1.0,,,,,,,,,,,,,,,,,,,,,,,,,,,,,,,,,,,,
soft_label,mnist,symmetric_noise,0.1,kl_capped,kl,10,-0.21319999999999997,0.0,0.001953125,-1.0,0,10,0,1.0,10,4.199968314170837,0.0,0.001953125,1.0,10,0,0,1.0,10,0.21410337492823603,0.0,0.001953125,1.0,10,0,0,1.0,10,0.42935614585876464,0.0,0.001953125,1.0,10,0,0,1.0,10,-0.21318340301513672,0.0,0.001953125,-1.0,0,10,0,1.0,10,0.0,0.0,1.0,0.0,0,0,10,1.0,,,,,,,,,,,,,,,,,,,,,,,,,,,,,,,,,,,,
soft_label,mnist,symmetric_noise,0.1,kl_smoothed,kl,10,-0.004400000000000004,10.0,0.296875,-0.13,2,6,2,0.6,10,0.09238634109497071,9.0,0.064453125,0.16,8,2,0,0.8,10,0.005600422364473339,13.0,0.16015625,0.2,8,2,0,0.8,10,0.010596227645874024,14.0,0.193359375,0.16,8,2,0,0.8,10,-0.003948068618774414,17.0,0.322265625,-0.12,3,7,0,0.7,10,0.0,0.0,1.0,0.0,0,0,10,1.0,,,,,,,,,,,,,,,,,,,,,,,,,,,,,,,,,,,,
soft_label,mnist,symmetric_noise,0.3,fisher_rao,kl,10,0.009999999999999986,7.5,0.0390625,0.25,8,2,0,0.8,10,-0.06721186637878418,20.0,0.4921875,-0.14,3,7,0,0.7,10,-0.009633815342187874,8.0,0.048828125,-0.24,2,8,0,0.8,10,-0.020382803678512574,7.0,0.037109375,-0.26,2,8,0,0.8,10,0.010933995246887207,6.0,0.02734375,0.26,8,2,0,0.8,10,0.0,0.0,1.0,0.0,0,0,10,1.0,,,,,,,,,,,,,,,,,,,,,,,,,,,,,,,,,,,,
soft_label,mnist,symmetric_noise,0.3,hellinger,kl,10,0.011799999999999988,6.5,0.029296875,0.31,7,3,0,0.7,10,-0.04560856819152832,21.0,0.556640625,-0.12,3,7,0,0.7,10,-0.010421398580074303,10.0,0.083984375,-0.28,2,8,0,0.8,10,-0.020972001552581786,9.0,0.064453125,-0.3,3,7,0,0.7,10,0.01173090934753418,7.0,0.037109375,0.3,7,3,0,0.7,10,0.0,0.0,1.0,0.0,0,0,10,1.0,,,,,,,,,,,,,,,,,,,,,,,,,,,,,,,,,,,,
soft_label,mnist,symmetric_noise,0.3,jensen_shannon,kl,10,0.007999999999999997,16.5,0.5234375,0.2,7,2,1,0.7,10,-0.016469693183898924,23.0,0.6953125,-0.14,4,6,0,0.6,10,-0.006574457597732522,20.0,0.4921875,-0.18,3,7,0,0.7,10,-0.014383348822593688,18.0,0.375,-0.22,3,7,0,0.7,10,0.009032952785491943,16.0,0.275390625,0.24,8,2,0,0.8,10,0.0,0.0,1.0,0.0,0,0,10,1.0,,,,,,,,,,,,,,,,,,,,,,,,,,,,,,,,,,,,
soft_label,mnist,symmetric_noise,0.3,kl_capped,kl,10,-0.23680000000000004,0.0,0.001953125,-1.0,0,10,0,1.0,10,4.689107608795166,0.0,0.001953125,1.0,10,0,0,1.0,10,0.23849801351428038,0.0,0.001953125,1.0,10,0,0,1.0,10,0.4779668152332306,0.0,0.001953125,1.0,10,0,0,1.0,10,-0.2367694139480591,0.0,0.001953125,-1.0,0,10,0,1.0,10,0.0,0.0,1.0,0.0,0,0,10,1.0,,,,,,,,,,,,,,,,,,,,,,,,,,,,,,,,,,,,
soft_label,mnist,symmetric_noise,0.3,kl_smoothed,kl,10,0.0,18.0,0.6328125,0.08,5,4,1,0.5,10,0.06637663841247558,23.0,0.6953125,0.04,6,4,0,0.6,10,0.0006124623417854552,25.0,0.845703125,-0.04,5,5,0,0.5,10,0.0013784974813461303,24.0,0.76953125,-0.08,5,5,0,0.5,10,-2.1010637283325195e-05,22.0,0.625,0.1,6,4,0,0.6,10,0.0,0.0,1.0,0.0,0,0,10,1.0,,,,,,,,,,,,,,,,,,,,,,,,,,,,,,,,,,,,
