objective,seed,epoch,sample_type,mean_grad_norm,loss
kl,0,0,clean,1.4995056940682328,0.8203608989715576
kl,0,0,noisy,2.6253162491766027,2.8048198223114014
kl,0,5,clean,1.4710479628275404,0.6059588193893433
kl,0,5,noisy,2.5128209873971263,2.200920581817627
kl,0,10,clean,1.649470221084781,0.4370841979980469
kl,0,10,noisy,3.080225332052599,1.5760078430175781
kl,0,15,clean,1.6232513023338866,0.2746651768684387
kl,0,15,noisy,3.701435553539777,1.1086446046829224
kl,0,20,clean,1.7092484738765463,0.19493600726127625
kl,0,20,noisy,3.5667351947493313,0.659214973449707
kl,0,25,clean,1.7780982504216527,0.15000835061073303
kl,0,25,noisy,4.112266354448859,0.49831491708755493
kl,0,30,clean,1.8035201774902618,0.1173674538731575
kl,0,30,noisy,2.5378904176312975,0.2666471600532532
kl,0,35,clean,1.2279567110972398,0.06763751804828644
kl,0,35,noisy,3.638238542444518,0.3112272620201111
kl,0,40,clean,1.3155772160921608,0.0651959776878357
kl,0,40,noisy,3.3389665577769594,0.1980900764465332
kl,0,45,clean,0.9150424887666454,0.04219263792037964
kl,0,45,noisy,3.2222131908166287,0.18152645230293274
kl,0,50,clean,0.6550015757376718,0.03162853419780731
kl,0,50,noisy,2.5638667106747492,0.13980956375598907
kl,0,55,clean,0.7897471076226728,0.03544497489929199
kl,0,55,noisy,2.37775602228292,0.11880435049533844
kl,0,60,clean,0.714916080978704,0.03094588965177536
kl,0,60,noisy,2.113598990294679,0.10006570816040039
kl,0,65,clean,0.5461448248885922,0.02449190616607666
kl,0,65,noisy,2.281190824873484,0.11009075492620468
kl,0,70,clean,0.5535305262119925,0.021888503804802895
kl,0,70,noisy,2.470703101312391,0.10049736499786377
kl,0,75,clean,0.4917320990280382,0.020158234983682632
kl,0,75,noisy,2.4459645884424326,0.09496685862541199
kl,0,80,clean,0.5218305886268282,0.02137930691242218
kl,0,80,noisy,2.1994719257516104,0.0843723863363266
kl,0,85,clean,0.4724600879024891,0.019640164449810982
kl,0,85,noisy,2.055177747732209,0.07921984791755676
kl,0,90,clean,0.5093891283938351,0.02055199071764946
kl,0,90,noisy,2.0967491756198324,0.07770442217588425
kl,0,95,clean,0.4910754363459394,0.01995079219341278
kl,0,95,noisy,2.136767471941892,0.07893634587526321
kl,0,99,clean,0.4883776085088193,0.01986008882522583
kl,0,99,noisy,2.1448427476882688,0.07922358810901642
fisher_rao,0,0,clean,3.6950504502939294,2.2801551818847656
fisher_rao,0,0,noisy,3.426302583085354,7.185934066772461
fisher_rao,0,5,clean,2.8250756912843658,0.990430474281311
fisher_rao,0,5,noisy,3.6928871527595937,7.341110706329346
fisher_rao,0,10,clean,3.094152425468995,0.7057603597640991
fisher_rao,0,10,noisy,5.677575942190315,6.112513542175293
fisher_rao,0,15,clean,3.2378567627978443,0.4553017020225525
fisher_rao,0,15,noisy,7.9362555228398355,4.184509754180908
fisher_rao,0,20,clean,4.0773328884447055,0.40269702672958374
fisher_rao,0,20,noisy,8.120350456102623,2.677189350128174
fisher_rao,0,25,clean,5.1085182632525585,0.3540758192539215
fisher_rao,0,25,noisy,9.601792779052023,1.8096473217010498
fisher_rao,0,30,clean,4.187612787879536,0.23564715683460236
fisher_rao,0,30,noisy,7.098338561907186,1.0921648740768433
fisher_rao,0,35,clean,2.192894415999595,0.10352155566215515
fisher_rao,0,35,noisy,8.203775942993747,0.9707205295562744
fisher_rao,0,40,clean,1.7135035760643167,0.07388800382614136
fisher_rao,0,40,noisy,10.184733860778591,0.9034957885742188
fisher_rao,0,45,clean,2.5277993889744423,0.09402641654014587
fisher_rao,0,45,noisy,7.851041505576983,0.4863891005516052
fisher_rao,0,50,clean,1.4520199928449231,0.0556054413318634
fisher_rao,0,50,noisy,6.957027423750523,0.42226988077163696
fisher_rao,0,55,clean,2.641430258299569,0.08270476758480072
fisher_rao,0,55,noisy,6.361862710138805,0.3817485570907593
fisher_rao,0,60,clean,1.770314172618246,0.05024604871869087
fisher_rao,0,60,noisy,6.106244150193048,0.3590054512023926
fisher_rao,0,65,clean,1.3796306722248177,0.04430101439356804
fisher_rao,0,65,noisy,7.494896060392319,0.4021701216697693
fisher_rao,0,70,clean,1.625960385039035,0.0469091534614563
fisher_rao,0,70,noisy,6.426832096158422,0.3514533042907715
fisher_rao,0,75,clean,1.787451735851339,0.045013971626758575
fisher_rao,0,75,noisy,7.568087634992307,0.35632526874542236
fisher_rao,0,80,clean,1.5596379843539452,0.04283875599503517
fisher_rao,0,80,noisy,6.2510592100220155,0.3236973285675049
fisher_rao,0,85,clean,1.443708541941455,0.03938482701778412
fisher_rao,0,85,noisy,5.541615856423369,0.3069819211959839
fisher_rao,0,90,clean,1.7971283333413506,0.04389069974422455
fisher_rao,0,90,noisy,5.5284188277007065,0.3047693967819214
fisher_rao,0,95,clean,1.5954508641869678,0.04100494831800461
fisher_rao,0,95,noisy,5.560670640198941,0.30422377586364746
fisher_rao,0,99,clean,1.5578163375938767,0.04050927609205246
fisher_rao,0,99,noisy,5.57228820051839,0.30481043457984924
gce,0,0,clean,0.6607773900295426,0.45567208528518677
gce,0,0,noisy,0.38183422680004253,1.2523438930511475
gce,0,5,clean,0.3368468914261749,0.08861435949802399
gce,0,5,noisy,0.223396131898399,1.3394509553909302
gce,0,10,clean,0.3160034324461585,0.0557054840028286
gce,0,10,noisy,0.47683880350775176,1.2700895071029663
gce,0,15,clean,0.3865070524057555,0.04992178827524185
gce,0,15,noisy,0.441863981169364,1.1707942485809326
gce,0,20,clean,0.2972202101764496,0.02641308680176735
gce,0,20,noisy,0.5858050165642554,1.0652786493301392
gce,0,25,clean,0.48795785206034514,0.03349362313747406
gce,0,25,noisy,0.6567012454089872,0.9889585971832275
gce,0,30,clean,0.3752137668218141,0.021900895982980728
gce,0,30,noisy,0.6482609128230266,0.9114730358123779
gce,0,35,clean,0.30110510426746595,0.01635993830859661
gce,0,35,noisy,0.7061291412086115,0.8208324909210205
gce,0,40,clean,0.4087958416643933,0.01984453946352005
gce,0,40,noisy,0.7205741210839447,0.7593754529953003
gce,0,45,clean,0.2876652620404461,0.013251399621367455
gce,0,45,noisy,0.913247702353218,0.7139277458190918
gce,0,50,clean,0.2570445574241608,0.011020698584616184
gce,0,50,noisy,0.7071855947296689,0.694107174873352
gce,0,55,clean,0.522288395769356,0.02089712768793106
gce,0,55,noisy,0.8045977773907432,0.649019718170166
gce,0,60,clean,0.2278392720043378,0.00842569675296545
gce,0,60,noisy,1.0389906971193588,0.64525306224823
gce,0,65,clean,0.2722059455538568,0.009123829193413258
gce,0,65,noisy,0.9260878926119428,0.6194567680358887
gce,0,70,clean,0.16009465577647922,0.0063373320735991
gce,0,70,noisy,0.6865188252115065,0.6066505908966064
gce,0,75,clean,0.22437708327667744,0.007608188781887293
gce,0,75,noisy,0.9761724683253568,0.6120398044586182
gce,0,80,clean,0.2737376571419469,0.009082939475774765
gce,0,80,noisy,0.6036118003177589,0.597874641418457
gce,0,85,clean,0.2654178162408006,0.008629713207483292
gce,0,85,noisy,0.6212236847759393,0.5945639610290527
gce,0,90,clean,0.2560968963586535,0.00863630324602127
gce,0,90,noisy,0.6912426327249596,0.5925177335739136
gce,0,95,clean,0.23909384863898908,0.008249020203948021
gce,0,95,noisy,0.645717589668247,0.5894544124603271
gce,0,99,clean,0.23645720984618063,0.008177461102604866
gce,0,99,noisy,0.6538522970307734,0.5894942283630371
mae,0,0,clean,0.9835501293318435,0.7793233394622803
mae,0,0,noisy,0.46367150684732744,1.8853998184204102
mae,0,5,clean,0.470614496523446,0.09957514703273773
mae,0,5,noisy,0.04280083827280083,1.9339972734451294
mae,0,10,clean,0.17198741596094655,0.02045293338596821
mae,0,10,noisy,0.4264433280462687,1.905333399772644
mae,0,15,clean,0.1745792446532812,0.015388509258627892
mae,0,15,noisy,0.06350198587999804,1.8750059604644775
mae,0,20,clean,0.1310694964858216,0.009817700833082199
mae,0,20,noisy,0.03950803257605241,1.8743287324905396
mae,0,25,clean,0.21770973913489328,0.01270010694861412
mae,0,25,noisy,0.10112206807796231,1.842008352279663
mae,0,30,clean,0.3392301777613406,0.017464177682995796
mae,0,30,noisy,0.25360323870465284,1.8089914321899414
mae,0,35,clean,0.6417647929937592,0.029665542766451836
mae,0,35,noisy,0.34290355844713916,1.7737396955490112
mae,0,40,clean,0.6017931787405433,0.02745901606976986
mae,0,40,noisy,0.32306304920743734,1.7129275798797607
mae,0,45,clean,0.8078901600786518,0.03297729790210724
mae,0,45,noisy,0.6199824603504502,1.6510311365127563
mae,0,50,clean,0.5709114087494387,0.017155388370156288
mae,0,50,noisy,0.3882551002396672,1.6351419687271118
mae,0,55,clean,0.4420311772881854,0.011464766226708889
mae,0,55,noisy,0.37345879059128084,1.6057847738265991
mae,0,60,clean,0.2529149675873689,0.0058730049058794975
mae,0,60,noisy,0.5376642817935279,1.6179695129394531
mae,0,65,clean,0.2989529410740393,0.007670576684176922
mae,0,65,noisy,0.5524185104978855,1.6214464902877808
mae,0,70,clean,0.3751505346738784,0.008954908698797226
mae,0,70,noisy,0.33370352961848765,1.5986435413360596
mae,0,75,clean,0.37401639201706305,0.00882815569639206
mae,0,75,noisy,0.5626874715816546,1.580329179763794
mae,0,80,clean,0.2832422644306008,0.006189671345055103
mae,0,80,noisy,0.44237514937439915,1.5757436752319336
mae,0,85,clean,0.2539320747195038,0.005760579369962215
mae,0,85,noisy,0.4461077202850847,1.5740406513214111
mae,0,90,clean,0.2432103008077263,0.006015621591359377
mae,0,90,noisy,0.41270983297050867,1.5731014013290405
mae,0,95,clean,0.22475764670301954,0.005747650284320116
mae,0,95,noisy,0.40565824374720905,1.5728689432144165
mae,0,99,clean,0.22328225611939106,0.005691589321941137
mae,0,99,noisy,0.4057911440506977,1.5728732347488403
hellinger,0,0,clean,0.40070854353501845,0.25876614451408386
hellinger,0,0,noisy,0.31548177600666005,0.7741125822067261
hellinger,0,5,clean,0.26689600078358555,0.08962678909301758
hellinger,0,5,noisy,0.2822208347935193,0.8221474885940552
hellinger,0,10,clean,0.2662487731094355,0.06013526767492294
hellinger,0,10,noisy,0.4635409027586867,0.7262510657310486
hellinger,0,15,clean,0.3338655974145363,0.04563221335411072
hellinger,0,15,noisy,0.6300284211970061,0.5608491897583008
hellinger,0,20,clean,0.4654798985642634,0.04804278910160065
hellinger,0,20,noisy,0.748764213711153,0.40059900283813477
hellinger,0,25,clean,0.44080997780154046,0.034203462302684784
hellinger,0,25,noisy,0.9802519012160174,0.32305100560188293
hellinger,0,30,clean,0.5620685300821829,0.03382216393947601
hellinger,0,30,noisy,0.8618756214889961,0.23671118915081024
hellinger,0,35,clean,0.2810484402781214,0.014147413894534111
hellinger,0,35,noisy,1.0554774262708186,0.2132703959941864
hellinger,0,40,clean,0.26333480739826914,0.01247425377368927
hellinger,0,40,noisy,1.046350264726059,0.17994606494903564
hellinger,0,45,clean,0.29876475967803184,0.013281574472784996
hellinger,0,45,noisy,0.8385747683248086,0.12586551904678345
hellinger,0,50,clean,0.25021756100751924,0.01012407336384058
hellinger,0,50,noisy,0.9197615999067394,0.11816215515136719
hellinger,0,55,clean,0.32298436487925747,0.011968493461608887
hellinger,0,55,noisy,0.8759571918812715,0.10140164941549301
hellinger,0,60,clean,0.40238846352422547,0.012319250963628292
hellinger,0,60,noisy,0.7844758021209992,0.09096953272819519
hellinger,0,65,clean,0.24318366697968893,0.008279738016426563
hellinger,0,65,noisy,0.9050028983030035,0.08885467052459717
hellinger,0,70,clean,0.24640069181875893,0.008062709122896194
hellinger,0,70,noisy,0.7457837278240868,0.06336022168397903
hellinger,0,75,clean,0.2525746618445602,0.007508023642003536
hellinger,0,75,noisy,0.9787702358369144,0.06603486835956573
hellinger,0,80,clean,0.3021751486972609,0.008624520152807236
hellinger,0,80,noisy,0.854406482079887,0.061345174908638
hellinger,0,85,clean,0.27493102551023046,0.00784972682595253
hellinger,0,85,noisy,0.7618154814527004,0.0587458461523056
hellinger,0,90,clean,0.2638605774383159,0.007769755553454161
hellinger,0,90,noisy,0.7061763620821957,0.05684555321931839
hellinger,0,95,clean,0.24922925617664743,0.007284324616193771
hellinger,0,95,noisy,0.737771871251034,0.05712364241480827
hellinger,0,99,clean,0.25012169053256816,0.0073023596778512
hellinger,0,99,noisy,0.7346777304724136,0.057033032178878784
sce,0,0,clean,7.012265887234042,5.447988510131836
sce,0,0,noisy,3.380995065780983,13.369880676269531
sce,0,5,clean,3.3829216339259105,0.7441102266311646
sce,0,5,noisy,0.804968085946753,14.034200668334961
sce,0,10,clean,1.6924033539167114,0.2280435711145401
sce,0,10,noisy,2.8604864000901618,13.763986587524414
sce,0,15,clean,2.7235460038345405,0.2746763229370117
sce,0,15,noisy,5.789134956421802,13.438508987426758
sce,0,20,clean,3.203113314230788,0.2915875017642975
sce,0,20,noisy,4.884184148174716,12.430068969726562
sce,0,25,clean,2.762287309986898,0.18881581723690033
sce,0,25,noisy,9.615892393282152,11.67243766784668
sce,0,30,clean,4.13305979700255,0.2248903512954712
sce,0,30,noisy,6.1490432997037825,11.074965476989746
sce,0,35,clean,1.582853778008676,0.10425333678722382
sce,0,35,noisy,6.560485488858394,10.211592674255371
sce,0,40,clean,3.4271012040541713,0.17282971739768982
sce,0,40,noisy,7.179499657574002,9.080194473266602
sce,0,45,clean,3.76299129700901,0.1906266212463379
sce,0,45,noisy,9.994028217334574,7.970076084136963
sce,0,50,clean,8.34307969683627,0.361632764339447
sce,0,50,noisy,8.423799956475323,7.3901262283325195
sce,0,55,clean,7.292540592909903,0.3117978870868683
sce,0,55,noisy,8.32925793742399,6.661309719085693
sce,0,60,clean,6.93189763949478,0.26043635606765747
sce,0,60,noisy,13.274276216955824,6.09246826171875
sce,0,65,clean,9.564446061284631,0.3253881633281708
sce,0,65,noisy,9.909561451292102,5.352731704711914
sce,0,70,clean,11.004916349483224,0.38192352652549744
sce,0,70,noisy,10.452159769190661,4.910828590393066
sce,0,75,clean,8.428237100728111,0.26391756534576416
sce,0,75,noisy,12.573111164575309,4.6874237060546875
sce,0,80,clean,6.590774376867342,0.2191304713487625
sce,0,80,noisy,10.259714093799316,4.552485466003418
sce,0,85,clean,6.920022330220852,0.21810594201087952
sce,0,85,noisy,10.241387265962878,4.441936492919922
sce,0,90,clean,7.159869594674399,0.22860677540302277
sce,0,90,noisy,10.029751781773818,4.311703205108643
sce,0,95,clean,6.947302858786143,0.22074660658836365
sce,0,95,noisy,9.885014450297328,4.279140949249268
sce,0,99,clean,6.848979622262648,0.21829524636268616
sce,0,99,noisy,9.878222109152446,4.27545166015625
kl,1,0,clean,1.5182439907105125,0.8743569850921631
kl,1,0,noisy,2.261324291178422,2.562350034713745
kl,1,5,clean,1.3185989429736595,0.5251528024673462
kl,1,5,noisy,2.3740373355349504,2.09763240814209
kl,1,10,clean,1.4223025416049402,0.38253054022789
kl,1,10,noisy,2.8622681134682413,1.5238977670669556
kl,1,15,clean,1.6423773313177432,0.27790772914886475
kl,1,15,noisy,3.287579498788202,0.9931633472442627
kl,1,20,clean,1.6388082583122519,0.19535663723945618
kl,1,20,noisy,3.1217917265207844,0.5890507698059082
kl,1,25,clean,2.4627647999322413,0.19026049971580505
kl,1,25,noisy,2.1817223123614404,0.27228692173957825
kl,1,30,clean,1.1163920783081938,0.0839347094297409
kl,1,30,noisy,2.432459092419314,0.2238713651895523
kl,1,35,clean,1.0273486512564969,0.06197904422879219
kl,1,35,noisy,1.946597178356479,0.1454406976699829
kl,1,40,clean,0.9616746763404133,0.05161299183964729
kl,1,40,noisy,1.6692212030753504,0.11215172708034515
kl,1,45,clean,0.9838040844638556,0.049816541373729706
kl,1,45,noisy,1.693864373107671,0.10079330950975418
kl,1,50,clean,0.8509962011967442,0.03572124242782593
kl,1,50,noisy,1.6839148894769007,0.08656643331050873
kl,1,55,clean,0.6059682961041014,0.02867818996310234
kl,1,55,noisy,1.2562103321761713,0.06313522160053253
kl,1,60,clean,0.5042897753989923,0.02163543924689293
kl,1,60,noisy,1.2093428445256122,0.0607694610953331
kl,1,65,clean,0.4543150867609747,0.020022625103592873
kl,1,65,noisy,1.0757714011589985,0.052078429609537125
kl,1,70,clean,0.46299938166335675,0.020589709281921387
kl,1,70,noisy,1.138599303886399,0.05107881873846054
kl,1,75,clean,0.41646420695734826,0.01754131354391575
kl,1,75,noisy,1.2837761559780987,0.04996959865093231
kl,1,80,clean,0.4315380888473857,0.018239056691527367
kl,1,80,noisy,1.003819298266804,0.04137623682618141
kl,1,85,clean,0.4597120695922448,0.019107168540358543
kl,1,85,noisy,1.3091911278952426,0.04504053667187691
kl,1,90,clean,0.39844950162704107,0.017235353589057922
kl,1,90,noisy,1.0426400212210962,0.04071993753314018
kl,1,95,clean,0.4220841911707633,0.017826197668910027
kl,1,95,noisy,1.1786651758529543,0.04201606288552284
kl,1,99,clean,0.42190297203540056,0.017822403460741043
kl,1,99,noisy,1.1375999710802296,0.04168498516082764
fisher_rao,1,0,clean,3.941241261895743,2.5226759910583496
fisher_rao,1,0,noisy,3.117791037190736,6.753034591674805
fisher_rao,1,5,clean,2.3102686045549485,0.7086064219474792
fisher_rao,1,5,noisy,3.8666071076874693,6.714191436767578
fisher_rao,1,10,clean,2.7231272362655576,0.6081938743591309
fisher_rao,1,10,noisy,5.520060920984053,5.454076290130615
fisher_rao,1,15,clean,4.217598555128664,0.5747371912002563
fisher_rao,1,15,noisy,7.453998764656213,3.9111328125
fisher_rao,1,20,clean,5.171680220140699,0.46360015869140625
fisher_rao,1,20,noisy,7.970787101990793,2.6023664474487305
fisher_rao,1,25,clean,4.033001029436465,0.2919667959213257
fisher_rao,1,25,noisy,8.044104923449066,1.760186791419983
fisher_rao,1,30,clean,3.0472568185818267,0.1790561079978943
fisher_rao,1,30,noisy,8.17942948345134,1.2390844821929932
fisher_rao,1,35,clean,4.23227538250337,0.1673535406589508
fisher_rao,1,35,noisy,7.0785295584729155,0.9214428663253784
fisher_rao,1,40,clean,3.011118679383525,0.12777504324913025
fisher_rao,1,40,noisy,5.283415810256806,0.5897985696792603
fisher_rao,1,45,clean,3.0291966986192094,0.10918442904949188
fisher_rao,1,45,noisy,4.991027725443094,0.5467005372047424
fisher_rao,1,50,clean,3.0455686884717,0.0948747768998146
fisher_rao,1,50,noisy,5.149430792649067,0.5152573585510254
fisher_rao,1,55,clean,2.251041325079162,0.07037077844142914
fisher_rao,1,55,noisy,4.189131137620106,0.4653782844543457
fisher_rao,1,60,clean,2.3993689345232045,0.06276986002922058
fisher_rao,1,60,noisy,3.0462619750947724,0.4280857443809509
fisher_rao,1,65,clean,1.4259510952146932,0.04627228528261185
fisher_rao,1,65,noisy,3.2513219546350327,0.42764797806739807
fisher_rao,1,70,clean,1.4812566659340076,0.046578794717788696
fisher_rao,1,70,noisy,3.136090565442307,0.4123864769935608
fisher_rao,1,75,clean,1.4195051193681707,0.04141457378864288
fisher_rao,1,75,noisy,3.0527687556272496,0.4100848436355591
fisher_rao,1,80,clean,1.2318473948268824,0.03786176070570946
fisher_rao,1,80,noisy,2.5459507415788782,0.39616870880126953
fisher_rao,1,85,clean,1.714056676726758,0.04252324625849724
fisher_rao,1,85,noisy,2.488655215733238,0.39235320687294006
fisher_rao,1,90,clean,1.0433487830295178,0.033222950994968414
fisher_rao,1,90,noisy,2.444824183017999,0.3915911316871643
fisher_rao,1,95,clean,1.1335415879429005,0.035266466438770294
fisher_rao,1,95,noisy,2.413851568656171,0.3906075954437256
fisher_rao,1,99,clean,1.1317156031715288,0.03524855896830559
fisher_rao,1,99,noisy,2.4152388902545274,0.39058250188827515
gce,1,0,clean,0.669689143802768,0.5127362012863159
gce,1,0,noisy,0.3439066782135172,1.2005946636199951
gce,1,5,clean,0.27623749562962696,0.0588628314435482
gce,1,5,noisy,0.32790691495415264,1.2813724279403687
gce,1,10,clean,0.30561784288177485,0.041572608053684235
gce,1,10,noisy,0.5224156255589285,1.1525835990905762
gce,1,15,clean,0.351816738511451,0.04003212973475456
gce,1,15,noisy,0.5835809166640331,1.0288095474243164
gce,1,20,clean,0.36318389530141926,0.03242868930101395
gce,1,20,noisy,0.751601380103328,0.8921996355056763
gce,1,25,clean,0.37032154488973884,0.028524072840809822
gce,1,25,noisy,0.8444319703746587,0.8489209413528442
gce,1,30,clean,0.3526627477075091,0.023489508777856827
gce,1,30,noisy,0.8096905982512095,0.711128830909729
gce,1,35,clean,0.39005828295075473,0.025351282209157944
gce,1,35,noisy,0.8107350680165379,0.6498457789421082
gce,1,40,clean,0.4279967764895973,0.021373292431235313
gce,1,40,noisy,0.9190119659206395,0.6029696464538574
gce,1,45,clean,0.49639672235207993,0.024149559438228607
gce,1,45,noisy,0.8345428550587968,0.5476162433624268
gce,1,50,clean,0.38520675773339874,0.016665268689393997
gce,1,50,noisy,0.8718755420928727,0.5456474423408508
gce,1,55,clean,0.41462339098190215,0.01742933690547943
gce,1,55,noisy,0.7223643638538175,0.5015474557876587
gce,1,60,clean,0.4185901899132629,0.016409745439887047
gce,1,60,noisy,0.8069466266293106,0.4727182984352112
gce,1,65,clean,0.46006809258749787,0.017685122787952423
gce,1,65,noisy,0.7587617749453618,0.4418061375617981
gce,1,70,clean,0.48260202667690755,0.018408603966236115
gce,1,70,noisy,0.8731811952970979,0.43870609998703003
gce,1,75,clean,0.3510280111353826,0.012981964275240898
gce,1,75,noisy,0.8562526853440832,0.43392378091812134
gce,1,80,clean,0.4447926063142914,0.016748839989304543
gce,1,80,noisy,0.9044522604268533,0.42293816804885864
gce,1,85,clean,0.4377166955602098,0.015776164829730988
gce,1,85,noisy,0.9026503485314531,0.4080005884170532
gce,1,90,clean,0.42618284835214865,0.01513481792062521
gce,1,90,noisy,0.9101346324413199,0.4009506106376648
gce,1,95,clean,0.4357145213901237,0.015463600866496563
gce,1,95,noisy,0.8972581456917413,0.399016797542572
gce,1,99,clean,0.43582438221039804,0.015451062470674515
gce,1,99,noisy,0.8958055978576912,0.39867767691612244
mae,1,0,clean,1.0075141215464014,0.8731540441513062
mae,1,0,noisy,0.3500374717698976,1.8317519426345825
mae,1,5,clean,0.3058134359158253,0.0813002660870552
mae,1,5,noisy,0.380706583064767,1.913683295249939
mae,1,10,clean,0.4141038632361879,0.04250940680503845
mae,1,10,noisy,0.35523671508780263,1.7951245307922363
mae,1,15,clean,0.37347769655047625,0.026802929118275642
mae,1,15,noisy,0.3114192768569447,1.702739953994751
mae,1,20,clean,0.21704434147752613,0.015644360333681107
mae,1,20,noisy,0.3798386198493358,1.6984059810638428
mae,1,25,clean,0.3229561603930187,0.018696114420890808
mae,1,25,noisy,0.223646679253255,1.7224147319793701
mae,1,30,clean,0.3879628424088259,0.020606011152267456
mae,1,30,noisy,0.41340246862641183,1.6371357440948486
mae,1,35,clean,0.5982600191532175,0.0259957704693079
mae,1,35,noisy,0.3542360258586086,1.6020234823226929
mae,1,40,clean,0.41183841614411343,0.016472915187478065
mae,1,40,noisy,0.21128645458148282,1.6224275827407837
mae,1,45,clean,0.6065321297449859,0.02470811828970909
mae,1,45,noisy,0.6022818840319425,1.5137341022491455
mae,1,50,clean,0.2906267431019209,0.011593405157327652
mae,1,50,noisy,0.6111843686004818,1.47307288646698
mae,1,55,clean,0.43023661956682246,0.014697447419166565
mae,1,55,noisy,0.2811259626065465,1.4469401836395264
mae,1,60,clean,0.7557728944646289,0.02708503231406212
mae,1,60,noisy,0.5966635645955257,1.453536033630371
mae,1,65,clean,0.3898417065220125,0.011172494851052761
mae,1,65,noisy,0.5277922873371717,1.4306282997131348
mae,1,70,clean,0.425161374322703,0.015069907531142235
mae,1,70,noisy,0.4111618386886611,1.3850775957107544
mae,1,75,clean,0.30201293817180785,0.011038954369723797
mae,1,75,noisy,0.5090174670535966,1.3831138610839844
mae,1,80,clean,0.39585316812792654,0.013591766357421875
mae,1,80,noisy,0.3450388793283958,1.3534549474716187
mae,1,85,clean,0.39869539419301697,0.012672500684857368
mae,1,85,noisy,0.3104648420410719,1.3514068126678467
mae,1,90,clean,0.4181908360805265,0.013372227549552917
mae,1,90,noisy,0.31529920517520854,1.3514750003814697
mae,1,95,clean,0.4316275943130681,0.0139140784740448
mae,1,95,noisy,0.28141356139284684,1.3507206439971924
mae,1,99,clean,0.43517042502215963,0.014008576981723309
mae,1,99,noisy,0.2775021674086884,1.350604772567749
hellinger,1,0,clean,0.42277012505795186,0.28863951563835144
hellinger,1,0,noisy,0.289322217366748,0.7325534820556641
hellinger,1,5,clean,0.21826102334080633,0.06032454967498779
hellinger,1,5,noisy,0.35094339761676624,0.7604820728302002
hellinger,1,10,clean,0.25777711913421764,0.0531027615070343
hellinger,1,10,noisy,0.5070396359027542,0.6401943564414978
hellinger,1,15,clean,0.3564020055463037,0.051239997148513794
hellinger,1,15,noisy,0.7060094061613484,0.4899926781654358
hellinger,1,20,clean,0.4034724210544091,0.042032934725284576
hellinger,1,20,noisy,0.8209891976656146,0.35307997465133667
hellinger,1,25,clean,0.46332868813235495,0.03366696089506149
hellinger,1,25,noisy,0.7546246981802027,0.2847055196762085
hellinger,1,30,clean,0.2973780359606794,0.019327107816934586
hellinger,1,30,noisy,1.205653966885334,0.2472701072692871
hellinger,1,35,clean,0.4827037267471364,0.022793348878622055
hellinger,1,35,noisy,0.8168739240295423,0.1804405152797699
hellinger,1,40,clean,0.44894179445533516,0.021665293723344803
hellinger,1,40,noisy,0.7417550310963954,0.15002018213272095
hellinger,1,45,clean,0.410396671056845,0.01893523894250393
hellinger,1,45,noisy,0.8499848666766338,0.13913768529891968
hellinger,1,50,clean,0.4170166665879745,0.015128357335925102
hellinger,1,50,noisy,0.678514302039994,0.1267683058977127
hellinger,1,55,clean,0.36545828066497726,0.013712125830352306
hellinger,1,55,noisy,0.5570116677795359,0.11344486474990845
hellinger,1,60,clean,0.25784542329872095,0.008890978991985321
hellinger,1,60,noisy,0.7793573410639174,0.11292335391044617
hellinger,1,65,clean,0.3044290602209686,0.01016637496650219
hellinger,1,65,noisy,0.5916002789826743,0.10085145384073257
hellinger,1,70,clean,0.2981530309607846,0.010465631261467934
hellinger,1,70,noisy,0.5245866452748084,0.09751172363758087
hellinger,1,75,clean,0.2284817892504012,0.0077253058552742004
hellinger,1,75,noisy,0.490975901175157,0.09381852298974991
hellinger,1,80,clean,0.208023554501411,0.007238958962261677
hellinger,1,80,noisy,0.49962416311590374,0.09149123728275299
hellinger,1,85,clean,0.3084868397943436,0.008478330448269844
hellinger,1,85,noisy,0.5024309156198364,0.08819731324911118
hellinger,1,90,clean,0.19124373543705017,0.006594930775463581
hellinger,1,90,noisy,0.5371918531375288,0.08749321848154068
hellinger,1,95,clean,0.20898850290775892,0.007158208172768354
hellinger,1,95,noisy,0.5392637458384293,0.08708402514457703
hellinger,1,99,clean,0.20962291134840666,0.0071740890853106976
hellinger,1,99,noisy,0.5368875762942712,0.08697023242712021
sce,1,0,clean,7.1447046503884515,6.139717102050781
sce,1,0,noisy,2.5802621662168312,12.960533142089844
sce,1,5,clean,2.6358353413638027,0.5767960548400879
sce,1,5,noisy,2.8767936969609353,13.69613265991211
sce,1,10,clean,3.0595256911387847,0.35116153955459595
sce,1,10,noisy,3.0656686728282514,12.803503036499023
sce,1,15,clean,3.4308207294970123,0.3343431055545807
sce,1,15,noisy,3.2889867076882844,11.96066665649414
sce,1,20,clean,2.9510604072960946,0.24674347043037415
sce,1,20,noisy,4.7696624200622315,11.095069885253906
sce,1,25,clean,4.091308367476288,0.25176548957824707
sce,1,25,noisy,5.572110682616076,10.400594711303711
sce,1,30,clean,3.8522773693818197,0.250177800655365
sce,1,30,noisy,8.228535077181487,8.582701683044434
sce,1,35,clean,4.16568808580506,0.24946698546409607
sce,1,35,noisy,7.379106073416705,8.180256843566895
sce,1,40,clean,5.46852914719948,0.27921003103256226
sce,1,40,noisy,5.414696591715034,7.553577423095703
sce,1,45,clean,5.575873396390815,0.2993345260620117
sce,1,45,noisy,7.334000310858281,6.648094177246094
sce,1,50,clean,4.786307649337151,0.191544771194458
sce,1,50,noisy,6.244726523670661,6.046692848205566
sce,1,55,clean,7.196013929873975,0.27616456151008606
sce,1,55,noisy,4.694402453607368,5.885873794555664
sce,1,60,clean,5.272297401916037,0.19353775680065155
sce,1,60,noisy,4.374062723625428,5.787506103515625
sce,1,65,clean,4.870349823004581,0.18281635642051697
sce,1,65,noisy,5.90759349732841,5.55063533782959
sce,1,70,clean,7.278342342656625,0.2420417070388794
sce,1,70,noisy,9.856493233272078,5.155776023864746
sce,1,75,clean,6.504301495284041,0.21907511353492737
sce,1,75,noisy,10.119365421227883,5.107744216918945
sce,1,80,clean,7.266239050741121,0.24033614993095398
sce,1,80,noisy,11.93581773144449,5.022871017456055
sce,1,85,clean,6.331249558544031,0.2013208568096161
sce,1,85,noisy,11.494205750635366,4.907831192016602
sce,1,90,clean,6.697043321753698,0.21210815012454987
sce,1,90,noisy,11.145144932066557,4.8578643798828125
sce,1,95,clean,6.89147947651193,0.2193111777305603
sce,1,95,noisy,11.015321976683797,4.821133613586426
sce,1,99,clean,6.89788199773707,0.2172926366329193
sce,1,99,noisy,11.124630315276928,4.823622703552246
kl,2,0,clean,1.6012191375252314,0.8163309097290039
kl,2,0,noisy,2.441067665565667,2.7549262046813965
kl,2,5,clean,1.5320587553342355,0.54209965467453
kl,2,5,noisy,2.3725787830374627,2.0942299365997314
kl,2,10,clean,1.619366881555038,0.38205641508102417
kl,2,10,noisy,2.8772752690877987,1.5168732404708862
kl,2,15,clean,1.842935356913652,0.2820693254470825
kl,2,15,noisy,3.144874186597195,0.9585757851600647
kl,2,20,clean,1.6998157118272534,0.17940008640289307
kl,2,20,noisy,3.420600009104568,0.6049756407737732
kl,2,25,clean,2.1723011574907347,0.16205185651779175
kl,2,25,noisy,2.5972739273629215,0.33183664083480835
kl,2,30,clean,1.4583218049876896,0.09140008687973022
kl,2,30,noisy,2.4823226786143895,0.2163863480091095
kl,2,35,clean,1.206614578002845,0.06428177654743195
kl,2,35,noisy,2.136367520914381,0.16239193081855774
kl,2,40,clean,0.9365992708073407,0.04387042671442032
kl,2,40,noisy,2.0152661894499975,0.13861477375030518
kl,2,45,clean,0.824501729320858,0.03688562288880348
kl,2,45,noisy,1.7744848566952498,0.10568636655807495
kl,2,50,clean,0.9037625367400313,0.03348841145634651
kl,2,50,noisy,1.7193501929364958,0.094675712287426
kl,2,55,clean,0.7875038510365222,0.030476994812488556
kl,2,55,noisy,1.6386854846448893,0.08108790963888168
kl,2,60,clean,0.6552706186334208,0.02451968565583229
kl,2,60,noisy,1.2094670099517055,0.06459955871105194
kl,2,65,clean,0.5781844102189743,0.02095971070230007
kl,2,65,noisy,0.9838736953111282,0.05100566893815994
kl,2,70,clean,0.5250016962027803,0.01939188316464424
kl,2,70,noisy,1.1045871736444284,0.053195953369140625
kl,2,75,clean,0.4959255548969599,0.017818666994571686
kl,2,75,noisy,1.1657155753657107,0.053642164915800095
kl,2,80,clean,0.6631692750604816,0.02088446542620659
kl,2,80,noisy,0.9661478692094753,0.04668175429105759
kl,2,85,clean,0.6223201838110469,0.01985815167427063
kl,2,85,noisy,0.9876302335355841,0.04593037813901901
kl,2,90,clean,0.5285772150481187,0.017207035794854164
kl,2,90,noisy,0.9495063133309823,0.04523473232984543
kl,2,95,clean,0.5053446585402008,0.01680213399231434
kl,2,95,noisy,0.932797705733785,0.04461091011762619
kl,2,99,clean,0.5040008333679177,0.016774868592619896
kl,2,99,noisy,0.9279265655948714,0.044437527656555176
fisher_rao,2,0,clean,3.9001419351876754,2.343952178955078
fisher_rao,2,0,noisy,3.291915054586413,7.081719398498535
fisher_rao,2,5,clean,2.6789560323278474,0.7852215766906738
fisher_rao,2,5,noisy,3.746882635781208,6.899618148803711
fisher_rao,2,10,clean,3.192851011605865,0.5841543674468994
fisher_rao,2,10,noisy,5.407772373168837,5.575911521911621
fisher_rao,2,15,clean,4.134920798926396,0.5171084403991699
fisher_rao,2,15,noisy,7.226555887241141,4.020108222961426
fisher_rao,2,20,clean,5.007378333204373,0.4557398855686188
fisher_rao,2,20,noisy,8.866142460291387,2.556368350982666
fisher_rao,2,25,clean,5.8494870549349764,0.3642147183418274
fisher_rao,2,25,noisy,7.5587827421164855,1.3839465379714966
fisher_rao,2,30,clean,4.498864351397521,0.2264273762702942
fisher_rao,2,30,noisy,6.997312455923101,0.8040779829025269
fisher_rao,2,35,clean,2.9019994579423734,0.12855727970600128
fisher_rao,2,35,noisy,7.889210830660713,0.4954056441783905
fisher_rao,2,40,clean,3.5274125333708635,0.12542030215263367
fisher_rao,2,40,noisy,5.778289105533107,0.3649086356163025
fisher_rao,2,45,clean,2.0926847225680714,0.07080218940973282
fisher_rao,2,45,noisy,5.765245205592198,0.2828774154186249
fisher_rao,2,50,clean,2.2404812673017753,0.06407667696475983
fisher_rao,2,50,noisy,7.064536218751292,0.2577834129333496
fisher_rao,2,55,clean,1.9678630730459468,0.06097888946533203
fisher_rao,2,55,noisy,4.901410100114312,0.1856006383895874
fisher_rao,2,60,clean,1.6586176300273543,0.04838560149073601
fisher_rao,2,60,noisy,3.8170971079513674,0.15728899836540222
fisher_rao,2,65,clean,1.6051018094086076,0.04764064401388168
fisher_rao,2,65,noisy,3.303894389860993,0.12901917099952698
fisher_rao,2,70,clean,2.139016650703187,0.0544806569814682
fisher_rao,2,70,noisy,4.223936765786247,0.14663204550743103
fisher_rao,2,75,clean,1.6472583644324308,0.04329351335763931
fisher_rao,2,75,noisy,3.7316084168548023,0.13422992825508118
fisher_rao,2,80,clean,1.94851610095049,0.04907851666212082
fisher_rao,2,80,noisy,3.1157728999790333,0.11143092066049576
fisher_rao,2,85,clean,1.6466363312623942,0.045390352606773376
fisher_rao,2,85,noisy,3.1413700565260414,0.11149822920560837
fisher_rao,2,90,clean,1.3888746771912426,0.03915693610906601
fisher_rao,2,90,noisy,3.0489734814452456,0.10843528807163239
fisher_rao,2,95,clean,1.3704691215068896,0.03884689137339592
fisher_rao,2,95,noisy,2.9675679873637875,0.1063852459192276
fisher_rao,2,99,clean,1.3812825153014257,0.03897431120276451
fisher_rao,2,99,noisy,2.9321930511757333,0.10545051097869873
gce,2,0,clean,0.6313403860345121,0.47747665643692017
gce,2,0,noisy,0.38330756999646437,1.2327687740325928
gce,2,5,clean,0.25695338798963924,0.0678560808300972
gce,2,5,noisy,0.4026147056642013,1.3097233772277832
gce,2,10,clean,0.24102768572788752,0.03239016234874725
gce,2,10,noisy,0.3292289935943494,1.2210687398910522
gce,2,15,clean,0.4318071660652251,0.04058680683374405
gce,2,15,noisy,0.48902739012503604,1.1182798147201538
gce,2,20,clean,0.4082172538638028,0.029849719256162643
gce,2,20,noisy,0.6688501083740275,0.9807499647140503
gce,2,25,clean,0.1963869875865749,0.014430934563279152
gce,2,25,noisy,0.561584837482215,0.910193920135498
gce,2,30,clean,0.26416113047902723,0.013304367661476135
gce,2,30,noisy,0.5810566369567569,0.8626233339309692
gce,2,35,clean,0.474981663399545,0.023196691647171974
gce,2,35,noisy,0.41012663823517986,0.8144508600234985
gce,2,40,clean,0.5058552570795765,0.021724410355091095
gce,2,40,noisy,0.4389438764734033,0.8018608093261719
gce,2,45,clean,0.3208992875650428,0.012770995497703552
gce,2,45,noisy,0.4218287456490646,0.7463637590408325
gce,2,50,clean,0.40677073585975226,0.015480582602322102
gce,2,50,noisy,0.4700888106601668,0.7051817178726196
gce,2,55,clean,0.5195786063709686,0.024271443486213684
gce,2,55,noisy,0.7165780030751486,0.6978501677513123
gce,2,60,clean,0.2842304198254194,0.010359815321862698
gce,2,60,noisy,0.6958996908920808,0.6626441478729248
gce,2,65,clean,0.40658101142501335,0.011896081268787384
gce,2,65,noisy,0.7442955189482091,0.6493102312088013
gce,2,70,clean,0.38230353606927586,0.011611277237534523
gce,2,70,noisy,0.9426218510827356,0.6496864557266235
gce,2,75,clean,0.487341498101517,0.012013217434287071
gce,2,75,noisy,0.779398858400195,0.6490276455879211
gce,2,80,clean,0.35647137522190075,0.009787600487470627
gce,2,80,noisy,0.8446204969988804,0.6314727067947388
gce,2,85,clean,0.30162516566785846,0.008775467053055763
gce,2,85,noisy,0.8767114291108771,0.6113777756690979
gce,2,90,clean,0.34100198662848796,0.009743837639689445
gce,2,90,noisy,0.7868034785065798,0.600476861000061
gce,2,95,clean,0.3603414440803805,0.010117565281689167
gce,2,95,noisy,0.7837662532701338,0.5985299348831177
gce,2,99,clean,0.3593300017950453,0.01007574237883091
gce,2,99,noisy,0.7814969430386174,0.5983201265335083
mae,2,0,clean,0.8990100259907662,0.8221710920333862
mae,2,0,noisy,0.4757142966937752,1.851485252380371
mae,2,5,clean,0.25645847250887716,0.12336118519306183
mae,2,5,noisy,0.2767882862060925,1.9392619132995605
mae,2,10,clean,0.26163881785673054,0.029490593820810318
mae,2,10,noisy,0.5205444772239204,1.8965890407562256
mae,2,15,clean,0.42097110162144713,0.033840809017419815
mae,2,15,noisy,0.29717031192141447,1.7970232963562012
mae,2,20,clean,0.2486970279758258,0.019471626728773117
mae,2,20,noisy,0.430750436467364,1.7683134078979492
mae,2,25,clean,0.23802235085495108,0.014162910170853138
mae,2,25,noisy,0.5485565567386045,1.7758574485778809
mae,2,30,clean,0.08737385139304762,0.005913266912102699
mae,2,30,noisy,0.22342497605701997,1.7507727146148682
mae,2,35,clean,0.13930555671588896,0.008138502016663551
mae,2,35,noisy,0.2511585756299494,1.7268764972686768
mae,2,40,clean,0.13944391658966326,0.006896238774061203
mae,2,40,noisy,0.14756667915732224,1.7211298942565918
mae,2,45,clean,0.07197255502432139,0.004383170045912266
mae,2,45,noisy,0.6506424668660713,1.6852052211761475
mae,2,50,clean,0.11089931254862712,0.005480384454131126
mae,2,50,noisy,0.3153043647411094,1.665604591369629
mae,2,55,clean,0.30017130866931707,0.0070907967165112495
mae,2,55,noisy,0.20039352275786404,1.6586731672286987
mae,2,60,clean,0.12356743259597906,0.0054829977452754974
mae,2,60,noisy,0.5163858120193773,1.6169734001159668
mae,2,65,clean,0.10721504926320902,0.004505999851971865
mae,2,65,noisy,0.526934633649071,1.5861456394195557
mae,2,70,clean,0.1429755380197325,0.005794995930045843
mae,2,70,noisy,0.4361414548707553,1.5634838342666626
mae,2,75,clean,0.1276885754728455,0.005199299193918705
mae,2,75,noisy,0.22771677723526,1.538830280303955
mae,2,80,clean,0.1504849545935346,0.005837907548993826
mae,2,80,noisy,0.19141557731808784,1.5376853942871094
mae,2,85,clean,0.18134806436170778,0.0058199213817715645
mae,2,85,noisy,0.17655125898228852,1.5366456508636475
mae,2,90,clean,0.1750473889672111,0.0057968273758888245
mae,2,90,noisy,0.15267521863911535,1.53606379032135
mae,2,95,clean,0.20868277622374629,0.006522093899548054
mae,2,95,noisy,0.1440981044315141,1.5358097553253174
mae,2,99,clean,0.20712856630712706,0.0064993686974048615
mae,2,99,noisy,0.1439224936179567,1.535801887512207
hellinger,2,0,clean,0.4094549607517898,0.2675767242908478
hellinger,2,0,noisy,0.3065336283976016,0.7632145285606384
hellinger,2,5,clean,0.24357083017538378,0.0670565813779831
hellinger,2,5,noisy,0.308795587256895,0.7840867042541504
hellinger,2,10,clean,0.27746121644844046,0.04791560769081116
hellinger,2,10,noisy,0.47866523118315185,0.6640586853027344
hellinger,2,15,clean,0.3624032593911924,0.0414997860789299
hellinger,2,15,noisy,0.6172985541527999,0.5413317084312439
hellinger,2,20,clean,0.502737572083982,0.04551003873348236
hellinger,2,20,noisy,0.7638264850131516,0.395962655544281
hellinger,2,25,clean,0.6127139516773394,0.04005373641848564
hellinger,2,25,noisy,0.7620822632648243,0.31094154715538025
hellinger,2,30,clean,0.556376920269706,0.029248394072055817
hellinger,2,30,noisy,0.796505872067137,0.22099095582962036
hellinger,2,35,clean,0.4367375911604096,0.020920835435390472
hellinger,2,35,noisy,0.8650988464423115,0.17044386267662048
hellinger,2,40,clean,0.43715871521690186,0.0185408852994442
hellinger,2,40,noisy,0.8259872738968429,0.1431504487991333
hellinger,2,45,clean,0.45240835003209884,0.01534176617860794
hellinger,2,45,noisy,0.987038821767871,0.1034524142742157
hellinger,2,50,clean,0.4261574718866488,0.012080332264304161
hellinger,2,50,noisy,1.002401814937914,0.09981470555067062
hellinger,2,55,clean,0.5031181712135717,0.015223645605146885
hellinger,2,55,noisy,0.7395623203963181,0.07550326734781265
hellinger,2,60,clean,0.47876351140091256,0.01301881205290556
hellinger,2,60,noisy,0.6803883138881833,0.06343279033899307
hellinger,2,65,clean,0.3322404383362757,0.00995837152004242
hellinger,2,65,noisy,0.6324257926756433,0.05484212189912796
hellinger,2,70,clean,0.49833763255834373,0.012980575673282146
hellinger,2,70,noisy,0.7341032926131346,0.048777323216199875
hellinger,2,75,clean,0.6204005551171755,0.015626942738890648
hellinger,2,75,noisy,0.7497263038628337,0.048650894314050674
hellinger,2,80,clean,0.5625836159255797,0.01357774343341589
hellinger,2,80,noisy,0.6129806044416501,0.04102300852537155
hellinger,2,85,clean,0.3908744271827106,0.009547881782054901
hellinger,2,85,noisy,0.5180404456678762,0.038822732865810394
hellinger,2,90,clean,0.2971761933640665,0.007846558466553688
hellinger,2,90,noisy,0.5273937853913064,0.038002435117959976
hellinger,2,95,clean,0.30340224413160555,0.007941139861941338
hellinger,2,95,noisy,0.5149674248883735,0.037383463233709335
hellinger,2,99,clean,0.3050731399337981,0.007976080290973186
hellinger,2,99,noisy,0.5149089299410452,0.03735997527837753
sce,2,0,clean,6.419584182247094,5.7619829177856445
sce,2,0,noisy,3.3953993597240406,13.146577835083008
sce,2,5,clean,2.1380281321512147,0.8755360841751099
sce,2,5,noisy,2.099432262763663,14.028794288635254
sce,2,10,clean,2.0158858864621747,0.27340182662010193
sce,2,10,noisy,3.6332234970036645,13.197637557983398
sce,2,15,clean,3.2644071718168166,0.3136489987373352
sce,2,15,noisy,3.344799198250614,12.607794761657715
sce,2,20,clean,3.6639600024477654,0.26152554154396057
sce,2,20,noisy,3.737826716714139,12.035089492797852
sce,2,25,clean,3.205633241401658,0.19704270362854004
sce,2,25,noisy,5.604572946489308,11.119153022766113
sce,2,30,clean,3.278750805448997,0.18328502774238586
sce,2,30,noisy,5.731277196332911,10.046648025512695
sce,2,35,clean,4.736291023924188,0.2366187423467636
sce,2,35,noisy,5.633602353802454,9.38802433013916
sce,2,40,clean,2.6330946306483622,0.12284733355045319
sce,2,40,noisy,5.624289990475419,8.785255432128906
sce,2,45,clean,3.871466412764913,0.16317470371723175
sce,2,45,noisy,7.2086889760815955,8.104665756225586
sce,2,50,clean,4.931207434755915,0.23544609546661377
sce,2,50,noisy,5.739407175483182,7.509943008422852
sce,2,55,clean,5.719245174321981,0.289771169424057
sce,2,55,noisy,4.929466010093696,7.235421657562256
sce,2,60,clean,6.811705446584831,0.24272894859313965
sce,2,60,noisy,8.233070448336692,7.016566276550293
sce,2,65,clean,5.925915291247673,0.19051751494407654
sce,2,65,noisy,10.339612514207253,6.732818126678467
sce,2,70,clean,8.06715717379738,0.24655088782310486
sce,2,70,noisy,12.371814671039933,6.468888759613037
sce,2,75,clean,6.400454904223673,0.16983738541603088
sce,2,75,noisy,11.08066267852981,6.117389678955078
sce,2,80,clean,6.851412688881546,0.19739821553230286
sce,2,80,noisy,10.61203420325886,5.8160624504089355
sce,2,85,clean,5.3893196275786215,0.1525205820798874
sce,2,85,noisy,10.5429799064773,5.74477481842041
sce,2,90,clean,5.699271041471345,0.15386605262756348
sce,2,90,noisy,11.896669540374166,5.7524919509887695
sce,2,95,clean,5.959958206571863,0.1599472165107727
sce,2,95,noisy,11.934682255913321,5.7354655265808105
sce,2,99,clean,5.995823264425109,0.16045618057250977
sce,2,99,noisy,11.857825233727944,5.730849742889404
