dataset,regularizer,beta,seed,index,x,y,label
mnist,kl,1.0,101,0,-0.0443272590637207,0.0519590824842453,4
mnist,kl,1.0,101,1,0.2839761972427368,-0.2638043761253357,0
mnist,kl,1.0,101,2,0.23859548568725586,-0.017108988016843796,0
mnist,kl,1.0,101,3,0.31922757625579834,-0.04338880628347397,5
mnist,kl,1.0,101,4,0.006862044334411621,-0.1727416217327118,2
mnist,kl,1.0,101,5,-0.10573375225067139,0.0062674470245838165,9
mnist,kl,1.0,101,6,-0.13321173191070557,-0.013001121580600739,2
mnist,kl,1.0,101,7,-0.20775920152664185,-0.004805110394954681,6
mnist,kl,1.0,101,8,0.009538710117340088,-0.02360982820391655,8
mnist,kl,1.0,101,9,0.07859605550765991,-0.029482226818799973,7
mnist,kl,1.0,101,10,0.5884370803833008,0.09168648719787598,5
mnist,kl,1.0,101,11,0.09669458866119385,-0.003700472414493561,6
mnist,kl,1.0,101,12,-0.28250551223754883,0.12657971680164337,8
mnist,kl,1.0,101,13,0.2592974901199341,0.060654133558273315,0
mnist,kl,1.0,101,14,0.3438913822174072,0.10660292208194733,2
mnist,kl,1.0,101,15,-0.018867552280426025,0.10133633017539978,3
mnist,kl,1.0,101,16,0.344193696975708,0.1262669861316681,8
mnist,kl,1.0,101,17,0.09392541646957397,0.16161425411701202,2
mnist,kl,1.0,101,18,-0.13104945421218872,-0.10389485210180283,9
mnist,kl,1.0,101,19,-0.07779574394226074,-0.016450338065624237,4
mnist,kl,1.0,101,20,-0.00574648380279541,0.011185944080352783,0
mnist,kl,1.0,101,21,-0.48077672719955444,-0.01792864501476288,5
mnist,kl,1.0,101,22,0.020679235458374023,-0.02067866176366806,6
mnist,kl,1.0,101,23,-0.19236606359481812,0.13741476833820343,8
mnist,kl,1.0,101,24,-0.09021109342575073,-0.08874596655368805,4
mnist,kl,1.0,101,25,0.28652048110961914,-0.05365549400448799,6
mnist,kl,1.0,101,26,0.5271657705307007,0.11511370539665222,8
mnist,kl,1.0,101,27,-0.16701173782348633,0.05048699676990509,3
mnist,kl,1.0,101,28,0.128429114818573,-0.20264501869678497,0
mnist,kl,1.0,101,29,-0.5162804126739502,0.013445042073726654,1
mnist,kl,1.0,101,30,0.02452903985977173,0.02639561891555786,8
mnist,kl,1.0,101,31,-0.035636842250823975,-0.06216726824641228,7
mnist,kl,1.0,101,32,0.08701497316360474,0.018448904156684875,4
mnist,kl,1.0,101,33,0.14061689376831055,-0.19875043630599976,0
mnist,kl,1.0,101,34,-0.255723237991333,-0.001960691064596176,7
mnist,kl,1.0,101,35,-0.11299264430999756,-0.044796839356422424,9
mnist,kl,1.0,101,36,0.025755703449249268,-0.09628111124038696,5
mnist,kl,1.0,101,37,-0.3948047161102295,0.11749301850795746,4
mnist,kl,1.0,101,38,0.0661783218383789,0.004371371120214462,2
mnist,kl,1.0,101,39,-0.39952340722084045,0.0773017555475235,1
mnist,kl,1.0,101,40,0.08956754207611084,0.05596651881933212,8
mnist,kl,1.0,101,41,0.13747954368591309,-0.1269647181034088,4
mnist,kl,1.0,101,42,0.26761555671691895,0.10481317341327667,5
mnist,kl,1.0,101,43,0.3742862939834595,0.09315882623195648,4
mnist,kl,1.0,101,44,-0.22531020641326904,-0.05832116678357124,7
mnist,kl,1.0,101,45,0.18643856048583984,-0.19104191660881042,9
mnist,kl,1.0,101,46,-0.1044168472290039,0.01108965277671814,8
mnist,kl,1.0,101,47,0.20375561714172363,0.00582658126950264,6
mnist,kl,1.0,101,48,0.06743103265762329,0.002884369343519211,4
mnist,kl,1.0,101,49,0.12011635303497314,0.05876576900482178,8
mnist,kl,1.0,101,50,0.03100365400314331,0.0710853710770607,4
mnist,kl,1.0,101,51,-0.004103958606719971,0.06823970377445221,8
mnist,kl,1.0,101,52,0.1347023844718933,0.00433943048119545,6
mnist,kl,1.0,101,53,0.20164644718170166,0.02862057089805603,3
mnist,kl,1.0,101,54,0.11229640245437622,-0.0700775682926178,7
mnist,kl,1.0,101,55,0.4413464069366455,-0.1588388830423355,0
mnist,kl,1.0,101,56,0.5168933868408203,-0.0484825037419796,0
mnist,kl,1.0,101,57,-0.29110854864120483,-0.09089364111423492,3
mnist,kl,1.0,101,58,-0.31437045335769653,0.08668984472751617,1
mnist,kl,1.0,101,59,-0.040419816970825195,-0.02582773007452488,0
mnist,kl,1.0,101,60,-0.1529233455657959,0.03216847777366638,8
mnist,kl,1.0,101,61,0.34107887744903564,0.10907414555549622,2
mnist,kl,1.0,101,62,-0.593913197517395,-0.11091207712888718,1
mnist,kl,1.0,101,63,-0.2188279628753662,0.008153341710567474,5
mnist,kl,1.0,101,64,-0.13716387748718262,0.07496823370456696,3
mnist,kl,1.0,101,65,-0.06829392910003662,0.018296219408512115,9
mnist,kl,1.0,101,66,-0.08902239799499512,0.1922435462474823,1
mnist,kl,1.0,101,67,-0.0865970253944397,-0.03723534196615219,9
mnist,kl,1.0,101,68,0.005756020545959473,-0.027454853057861328,4
mnist,kl,1.0,101,69,-0.5399200916290283,-0.10727149248123169,1
mnist,kl,1.0,101,70,0.020131170749664307,0.011805310845375061,6
mnist,kl,1.0,101,71,-0.2724829316139221,-0.0003079921007156372,4
mnist,kl,1.0,101,72,0.3018571138381958,0.06191962957382202,3
mnist,kl,1.0,101,73,-0.1953040361404419,-0.007779963314533234,9
mnist,kl,1.0,101,74,0.19162631034851074,-0.14039182662963867,0
mnist,kl,1.0,101,75,-0.005134880542755127,-0.10231620073318481,6
mnist,kl,1.0,101,76,0.2687011957168579,0.15042993426322937,8
mnist,kl,1.0,101,77,0.13965284824371338,-0.10181322693824768,0
mnist,kl,1.0,101,78,-0.36091870069503784,0.1103501170873642,1
mnist,kl,1.0,101,79,-0.3472609519958496,-0.03325667232275009,7
mnist,kl,1.0,101,80,-0.14339542388916016,-0.06411108374595642,5
mnist,kl,1.0,101,81,-0.058244526386260986,-0.02540191076695919,9
mnist,kl,1.0,101,82,-0.29074424505233765,0.01066465675830841,4
mnist,kl,1.0,101,83,0.05200064182281494,0.08394809067249298,6
mnist,kl,1.0,101,84,-0.47939348220825195,0.027328945696353912,1
mnist,kl,1.0,101,85,0.5056469440460205,0.13391810655593872,4
mnist,kl,1.0,101,86,-0.05343538522720337,0.05752292275428772,2
mnist,kl,1.0,101,87,0.2783699035644531,-0.10498315840959549,0
mnist,kl,1.0,101,88,-0.19943416118621826,0.005988944321870804,7
mnist,kl,1.0,101,89,-0.25689786672592163,0.015221446752548218,9
mnist,kl,1.0,101,90,0.06815069913864136,-0.06244564428925514,7
mnist,kl,1.0,101,91,-0.33341485261917114,0.08224716782569885,1
mnist,kl,1.0,101,92,-0.43593019247055054,0.01722538471221924,1
mnist,kl,1.0,101,93,-0.23479026556015015,0.04134733974933624,7
mnist,kl,1.0,101,94,0.03522282838821411,-0.046136535704135895,8
mnist,kl,1.0,101,95,0.561265230178833,-0.148168683052063,0
mnist,kl,1.0,101,96,-0.00485306978225708,-0.048280905932188034,0
mnist,kl,1.0,101,97,-0.26666635274887085,-0.1418176144361496,4
mnist,kl,1.0,101,98,-0.012115836143493652,0.08931006491184235,5
mnist,kl,1.0,101,99,-0.14658808708190918,-0.031128881499171257,2
mnist,kl,1.0,101,100,0.7810934782028198,-0.06980319321155548,6
mnist,kl,1.0,101,101,-0.1065366268157959,0.06337609887123108,8
mnist,kl,1.0,101,102,0.009945929050445557,-0.0312761589884758,4
mnist,kl,1.0,101,103,0.6367168426513672,-0.001682966947555542,5
mnist,kl,1.0,101,104,0.18039929866790771,-0.09161458909511566,0
mnist,kl,1.0,101,105,-0.05704432725906372,-0.06723643839359283,9
mnist,kl,1.0,101,106,0.7808828353881836,0.07337331771850586,6
mnist,kl,1.0,101,107,-0.16763722896575928,0.10465142130851746,1
mnist,kl,1.0,101,108,0.004433274269104004,0.11303609609603882,9
mnist,kl,1.0,101,109,0.21424353122711182,0.0018916316330432892,4
mnist,kl,1.0,101,110,-0.2745162844657898,0.019123196601867676,2
mnist,kl,1.0,101,111,-0.26023489236831665,-0.10295279324054718,6
mnist,kl,1.0,101,112,-0.15553998947143555,-0.018195562064647675,4
mnist,kl,1.0,101,113,0.3921576738357544,0.07329925894737244,3
mnist,kl,1.0,101,114,0.22839593887329102,-0.0027191154658794403,5
mnist,kl,1.0,101,115,0.296808123588562,0.12511177361011505,2
mnist,kl,1.0,101,116,0.061037421226501465,0.11210319399833679,9
mnist,kl,1.0,101,117,0.01694786548614502,0.08919057250022888,6
mnist,kl,1.0,101,118,0.01336658000946045,0.05258675664663315,6
mnist,kl,1.0,101,119,-0.21923667192459106,-0.11063562333583832,5
mnist,kl,1.0,101,120,-0.5479317903518677,0.05420316010713577,1
mnist,kl,1.0,101,121,0.09040939807891846,-0.016113311052322388,5
mnist,kl,1.0,101,122,0.21656358242034912,0.027516722679138184,6
mnist,kl,1.0,101,123,-0.29355013370513916,-0.01503726840019226,3
mnist,kl,1.0,101,124,-0.5376573801040649,0.02257949858903885,1
mnist,kl,1.0,101,125,-0.21178299188613892,0.01676834374666214,2
mnist,kl,1.0,101,126,-0.03827577829360962,-0.06575648486614227,5
mnist,kl,1.0,101,127,-0.06189531087875366,-0.09475613385438919,9
mnist,fisher_rao,0.3,101,0,-0.04470759630203247,0.02336862124502659,4
mnist,fisher_rao,0.3,101,1,0.23669296503067017,-0.1933055818080902,0
mnist,fisher_rao,0.3,101,2,0.23931008577346802,0.06742555648088455,0
mnist,fisher_rao,0.3,101,3,0.3470847010612488,-0.01956537365913391,5
mnist,fisher_rao,0.3,101,4,-0.0041977763175964355,-0.2126278430223465,2
mnist,fisher_rao,0.3,101,5,-0.10835796594619751,0.011182207614183426,9
mnist,fisher_rao,0.3,101,6,-0.11330503225326538,0.03801470994949341,2
mnist,fisher_rao,0.3,101,7,-0.22382164001464844,-0.05137317627668381,6
mnist,fisher_rao,0.3,101,8,0.0061067938804626465,-0.060992754995822906,8
mnist,fisher_rao,0.3,101,9,0.09838533401489258,0.029647158458828926,7
mnist,fisher_rao,0.3,101,10,0.6014490723609924,0.045007042586803436,5
mnist,fisher_rao,0.3,101,11,0.07224500179290771,-0.046905700117349625,6
mnist,fisher_rao,0.3,101,12,-0.29519355297088623,0.11934734135866165,8
mnist,fisher_rao,0.3,101,13,0.22007542848587036,0.03453988581895828,0
mnist,fisher_rao,0.3,101,14,0.3792235255241394,0.0684535801410675,2
mnist,fisher_rao,0.3,101,15,-0.0063745975494384766,0.0902167558670044,3
mnist,fisher_rao,0.3,101,16,0.381503164768219,0.12689726054668427,8
mnist,fisher_rao,0.3,101,17,0.09408372640609741,0.1089298203587532,2
mnist,fisher_rao,0.3,101,18,-0.1490412950515747,-0.06542135775089264,9
mnist,fisher_rao,0.3,101,19,-0.0878937840461731,0.009824255481362343,4
mnist,fisher_rao,0.3,101,20,-0.004561960697174072,0.04011082649230957,0
mnist,fisher_rao,0.3,101,21,-0.48595723509788513,-0.016045421361923218,5
mnist,fisher_rao,0.3,101,22,-0.01906520128250122,-0.08535320311784744,6
mnist,fisher_rao,0.3,101,23,-0.2023957371711731,0.126617431640625,8
mnist,fisher_rao,0.3,101,24,-0.10412150621414185,-0.09848252683877945,4
mnist,fisher_rao,0.3,101,25,0.23370343446731567,-0.08625936508178711,6
mnist,fisher_rao,0.3,101,26,0.5478323101997375,0.13935595750808716,8
mnist,fisher_rao,0.3,101,27,-0.17138135433197021,0.01967046968638897,3
mnist,fisher_rao,0.3,101,28,0.11560887098312378,-0.0855046734213829,0
mnist,fisher_rao,0.3,101,29,-0.49668222665786743,0.014110228046774864,1
mnist,fisher_rao,0.3,101,30,0.05630803108215332,0.005654463544487953,8
mnist,fisher_rao,0.3,101,31,-0.01291114091873169,-0.00354926660656929,7
mnist,fisher_rao,0.3,101,32,0.0811426043510437,0.05351562052965164,4
mnist,fisher_rao,0.3,101,33,0.1405211091041565,-0.18486672639846802,0
mnist,fisher_rao,0.3,101,34,-0.24863559007644653,0.030211815610527992,7
mnist,fisher_rao,0.3,101,35,-0.09248781204223633,0.002790408208966255,9
mnist,fisher_rao,0.3,101,36,0.01617574691772461,-0.08752618730068207,5
mnist,fisher_rao,0.3,101,37,-0.37774085998535156,0.16740582883358002,4
mnist,fisher_rao,0.3,101,38,0.06614714860916138,-0.04750408977270126,2
mnist,fisher_rao,0.3,101,39,-0.38672807812690735,0.08468244969844818,1
mnist,fisher_rao,0.3,101,40,0.10124635696411133,0.004020990803837776,8
mnist,fisher_rao,0.3,101,41,0.12654507160186768,-0.11006628721952438,4
mnist,fisher_rao,0.3,101,42,0.2803674340248108,0.0964924544095993,5
mnist,fisher_rao,0.3,101,43,0.39337724447250366,0.15921887755393982,4
mnist,fisher_rao,0.3,101,44,-0.20791226625442505,-0.028697315603494644,7
mnist,fisher_rao,0.3,101,45,0.18780893087387085,-0.14740514755249023,9
mnist,fisher_rao,0.3,101,46,-0.10332894325256348,0.00877210684120655,8
mnist,fisher_rao,0.3,101,47,0.18914955854415894,-0.008690902963280678,6
mnist,fisher_rao,0.3,101,48,0.05091273784637451,-0.06947445124387741,4
mnist,fisher_rao,0.3,101,49,0.1350446343421936,0.04355280101299286,8
mnist,fisher_rao,0.3,101,50,0.03205329179763794,0.08461100608110428,4
mnist,fisher_rao,0.3,101,51,-0.017608225345611572,0.039999544620513916,8
mnist,fisher_rao,0.3,101,52,0.09162354469299316,-0.06926053762435913,6
mnist,fisher_rao,0.3,101,53,0.22992509603500366,0.026678545400500298,3
mnist,fisher_rao,0.3,101,54,0.129275381565094,-0.05764666199684143,7
mnist,fisher_rao,0.3,101,55,0.4526202082633972,-0.1220964789390564,0
mnist,fisher_rao,0.3,101,56,0.4892517924308777,-0.041193217039108276,0
mnist,fisher_rao,0.3,101,57,-0.2910860776901245,-0.09083045274019241,3
mnist,fisher_rao,0.3,101,58,-0.3068370819091797,0.06969297677278519,1
mnist,fisher_rao,0.3,101,59,-0.05832785367965698,-0.026510760188102722,0
mnist,fisher_rao,0.3,101,60,-0.15842348337173462,0.0023758690804243088,8
mnist,fisher_rao,0.3,101,61,0.3523668646812439,0.046148255467414856,2
mnist,fisher_rao,0.3,101,62,-0.5881891250610352,-0.09070193022489548,1
mnist,fisher_rao,0.3,101,63,-0.22300636768341064,0.0005259346216917038,5
mnist,fisher_rao,0.3,101,64,-0.12474018335342407,0.06889776885509491,3
mnist,fisher_rao,0.3,101,65,-0.05690258741378784,0.03926563262939453,9
mnist,fisher_rao,0.3,101,66,-0.08012837171554565,0.1283862292766571,1
mnist,fisher_rao,0.3,101,67,-0.07758831977844238,-0.03804318979382515,9
mnist,fisher_rao,0.3,101,68,-0.004988670349121094,-0.0004719924181699753,4
mnist,fisher_rao,0.3,101,69,-0.5244906544685364,-0.09451273083686829,1
mnist,fisher_rao,0.3,101,70,-0.007470130920410156,-0.04556368291378021,6
mnist,fisher_rao,0.3,101,71,-0.2777102589607239,-0.020526012405753136,4
mnist,fisher_rao,0.3,101,72,0.3137403130531311,-0.02943771332502365,3
mnist,fisher_rao,0.3,101,73,-0.1783885955810547,0.012486623600125313,9
mnist,fisher_rao,0.3,101,74,0.1882207989692688,-0.2047341763973236,0
mnist,fisher_rao,0.3,101,75,-0.038236379623413086,-0.038762591779232025,6
mnist,fisher_rao,0.3,101,76,0.27816563844680786,0.08481444418430328,8
mnist,fisher_rao,0.3,101,77,0.15161198377609253,-0.0992904081940651,0
mnist,fisher_rao,0.3,101,78,-0.34325116872787476,0.08903297781944275,1
mnist,fisher_rao,0.3,101,79,-0.35226714611053467,0.014234771952033043,7
mnist,fisher_rao,0.3,101,80,-0.1485893726348877,-0.08640804886817932,5
mnist,fisher_rao,0.3,101,81,-0.04773753881454468,-0.012492474168539047,9
mnist,fisher_rao,0.3,101,82,-0.2957853078842163,0.010842859745025635,4
mnist,fisher_rao,0.3,101,83,0.032625436782836914,0.01253257505595684,6
mnist,fisher_rao,0.3,101,84,-0.46920323371887207,0.03895685076713562,1
mnist,fisher_rao,0.3,101,85,0.5210842490196228,0.18140974640846252,4
mnist,fisher_rao,0.3,101,86,-0.06244182586669922,0.0516425296664238,2
mnist,fisher_rao,0.3,101,87,0.26468414068222046,0.0050958432257175446,0
mnist,fisher_rao,0.3,101,88,-0.1723669171333313,0.04690521955490112,7
mnist,fisher_rao,0.3,101,89,-0.2524617314338684,0.01408461295068264,9
mnist,fisher_rao,0.3,101,90,0.08845454454421997,0.021194448694586754,7
mnist,fisher_rao,0.3,101,91,-0.33535319566726685,0.06464457511901855,1
mnist,fisher_rao,0.3,101,92,-0.4286801517009735,0.012794697657227516,1
mnist,fisher_rao,0.3,101,93,-0.22767281532287598,0.059835270047187805,7
mnist,fisher_rao,0.3,101,94,0.03547757863998413,-0.10562305897474289,8
mnist,fisher_rao,0.3,101,95,0.5446826815605164,-0.08553539216518402,0
mnist,fisher_rao,0.3,101,96,0.0006762146949768066,0.03635307401418686,0
mnist,fisher_rao,0.3,101,97,-0.2769418954849243,-0.1306644082069397,4
mnist,fisher_rao,0.3,101,98,-0.024465978145599365,0.06772952526807785,5
mnist,fisher_rao,0.3,101,99,-0.11932730674743652,0.033833809196949005,2
mnist,fisher_rao,0.3,101,100,0.7345705628395081,-0.12247215211391449,6
mnist,fisher_rao,0.3,101,101,-0.08072853088378906,0.086893230676651,8
mnist,fisher_rao,0.3,101,102,-0.0080985426902771,-0.03767412155866623,4
mnist,fisher_rao,0.3,101,103,0.6485143303871155,0.025431154295802116,5
mnist,fisher_rao,0.3,101,104,0.15163880586624146,-0.11148572713136673,0
mnist,fisher_rao,0.3,101,105,-0.05951356887817383,-0.07985742390155792,9
mnist,fisher_rao,0.3,101,106,0.7653189301490784,0.07772167026996613,6
mnist,fisher_rao,0.3,101,107,-0.14823222160339355,0.09479663521051407,1
mnist,fisher_rao,0.3,101,108,0.030484557151794434,0.1141645684838295,9
mnist,fisher_rao,0.3,101,109,0.21727603673934937,-0.006082551553845406,4
mnist,fisher_rao,0.3,101,110,-0.28090667724609375,0.032886020839214325,2
mnist,fisher_rao,0.3,101,111,-0.2701498866081238,-0.13901366293430328,6
mnist,fisher_rao,0.3,101,112,-0.1608409285545349,-0.005747384391725063,4
mnist,fisher_rao,0.3,101,113,0.4114838242530823,0.057540006935596466,3
mnist,fisher_rao,0.3,101,114,0.22773593664169312,-0.03486952930688858,5
mnist,fisher_rao,0.3,101,115,0.2999580502510071,0.14427746832370758,2
mnist,fisher_rao,0.3,101,116,0.05954962968826294,0.14297117292881012,9
mnist,fisher_rao,0.3,101,117,0.005567610263824463,0.03777998685836792,6
mnist,fisher_rao,0.3,101,118,-0.01962226629257202,0.00047522224485874176,6
mnist,fisher_rao,0.3,101,119,-0.22835403680801392,-0.11925026774406433,5
mnist,fisher_rao,0.3,101,120,-0.5397800207138062,0.07203655689954758,1
mnist,fisher_rao,0.3,101,121,0.08274155855178833,-0.060672178864479065,5
mnist,fisher_rao,0.3,101,122,0.17658132314682007,-0.06025032699108124,6
mnist,fisher_rao,0.3,101,123,-0.2990840673446655,0.019219474866986275,3
mnist,fisher_rao,0.3,101,124,-0.516271710395813,0.011907784268260002,1
mnist,fisher_rao,0.3,101,125,-0.19191837310791016,0.02491731382906437,2
mnist,fisher_rao,0.3,101,126,-0.024562716484069824,-0.023474765941500664,5
mnist,fisher_rao,0.3,101,127,-0.06047540903091431,-0.07628481835126877,9
mnist,fisher_rao,1.0,101,0,-0.017407000064849854,0.04209785908460617,4
mnist,fisher_rao,1.0,101,1,0.24610352516174316,-0.2367987036705017,0
mnist,fisher_rao,1.0,101,2,0.24978530406951904,-0.025131413713097572,0
mnist,fisher_rao,1.0,101,3,0.29306554794311523,-0.04609362781047821,5
mnist,fisher_rao,1.0,101,4,0.008696675300598145,-0.19257953763008118,2
mnist,fisher_rao,1.0,101,5,-0.1249774694442749,0.013627909123897552,9
mnist,fisher_rao,1.0,101,6,-0.10894078016281128,0.0018802359700202942,2
mnist,fisher_rao,1.0,101,7,-0.20394152402877808,-0.02821427583694458,6
mnist,fisher_rao,1.0,101,8,-0.015900254249572754,-0.06447627395391464,8
mnist,fisher_rao,1.0,101,9,0.09809732437133789,0.0010731406509876251,7
mnist,fisher_rao,1.0,101,10,0.528488039970398,0.04503265768289566,5
mnist,fisher_rao,1.0,101,11,0.08123552799224854,-0.0037994980812072754,6
mnist,fisher_rao,1.0,101,12,-0.26415854692459106,0.12016121298074722,8
mnist,fisher_rao,1.0,101,13,0.22761154174804688,0.034756049513816833,0
mnist,fisher_rao,1.0,101,14,0.35476410388946533,0.06910278648138046,2
mnist,fisher_rao,1.0,101,15,-0.002750992774963379,0.09176436811685562,3
mnist,fisher_rao,1.0,101,16,0.3214043378829956,0.11494744569063187,8
mnist,fisher_rao,1.0,101,17,0.11874979734420776,0.11098717898130417,2
mnist,fisher_rao,1.0,101,18,-0.1473361849784851,-0.08572313189506531,9
mnist,fisher_rao,1.0,101,19,-0.06475639343261719,0.008136745542287827,4
mnist,fisher_rao,1.0,101,20,0.008809387683868408,-0.018798215314745903,0
mnist,fisher_rao,1.0,101,21,-0.4590665400028229,-0.008577931672334671,5
mnist,fisher_rao,1.0,101,22,-0.00843137502670288,-0.06872199475765228,6
mnist,fisher_rao,1.0,101,23,-0.18251490592956543,0.1433684229850769,8
mnist,fisher_rao,1.0,101,24,-0.11859351396560669,-0.08564136922359467,4
mnist,fisher_rao,1.0,101,25,0.26943695545196533,-0.04453226923942566,6
mnist,fisher_rao,1.0,101,26,0.49319469928741455,0.124843068420887,8
mnist,fisher_rao,1.0,101,27,-0.1481473445892334,0.02328777313232422,3
mnist,fisher_rao,1.0,101,28,0.13466674089431763,-0.1597231924533844,0
mnist,fisher_rao,1.0,101,29,-0.46892064809799194,-0.008133117109537125,1
mnist,fisher_rao,1.0,101,30,0.011107981204986572,0.010219283401966095,8
mnist,fisher_rao,1.0,101,31,-0.04074668884277344,-0.0306102205067873,7
mnist,fisher_rao,1.0,101,32,0.09948408603668213,0.05649885535240173,4
mnist,fisher_rao,1.0,101,33,0.11653327941894531,-0.16364681720733643,0
mnist,fisher_rao,1.0,101,34,-0.25289666652679443,0.0270782932639122,7
mnist,fisher_rao,1.0,101,35,-0.04194885492324829,0.01047816127538681,9
mnist,fisher_rao,1.0,101,36,0.025157511234283447,-0.08921962231397629,5
mnist,fisher_rao,1.0,101,37,-0.3449017107486725,0.14166584610939026,4
mnist,fisher_rao,1.0,101,38,0.056582868099212646,-0.039920710027217865,2
mnist,fisher_rao,1.0,101,39,-0.3637373447418213,0.08568692952394485,1
mnist,fisher_rao,1.0,101,40,0.08376866579055786,0.019773058593273163,8
mnist,fisher_rao,1.0,101,41,0.12990093231201172,-0.10739509016275406,4
mnist,fisher_rao,1.0,101,42,0.26289844512939453,0.10747004300355911,5
mnist,fisher_rao,1.0,101,43,0.39605700969696045,0.13055098056793213,4
mnist,fisher_rao,1.0,101,44,-0.21429330110549927,-0.0322132408618927,7
mnist,fisher_rao,1.0,101,45,0.1704370379447937,-0.14143241941928864,9
mnist,fisher_rao,1.0,101,46,-0.09058165550231934,-0.009186571463942528,8
mnist,fisher_rao,1.0,101,47,0.22757375240325928,-0.016095871105790138,6
mnist,fisher_rao,1.0,101,48,0.059680283069610596,-0.03146054595708847,4
mnist,fisher_rao,1.0,101,49,0.0920032262802124,0.044579967856407166,8
mnist,fisher_rao,1.0,101,50,0.04600834846496582,0.09329638630151749,4
mnist,fisher_rao,1.0,101,51,-0.008179068565368652,0.05338231474161148,8
mnist,fisher_rao,1.0,101,52,0.08689373731613159,-0.016723159700632095,6
mnist,fisher_rao,1.0,101,53,0.1980196237564087,0.03455416113138199,3
mnist,fisher_rao,1.0,101,54,0.1222085952758789,-0.06232186779379845,7
mnist,fisher_rao,1.0,101,55,0.39306581020355225,-0.15410691499710083,0
mnist,fisher_rao,1.0,101,56,0.441952109336853,-0.07620014250278473,0
mnist,fisher_rao,1.0,101,57,-0.26945191621780396,-0.11525173485279083,3
mnist,fisher_rao,1.0,101,58,-0.2936098575592041,0.07765056192874908,1
mnist,fisher_rao,1.0,101,59,-0.04450404644012451,-0.04694514349102974,0
mnist,fisher_rao,1.0,101,60,-0.13827276229858398,0.02534116432070732,8
mnist,fisher_rao,1.0,101,61,0.3010777235031128,0.08457979559898376,2
mnist,fisher_rao,1.0,101,62,-0.5402989387512207,-0.09963609278202057,1
mnist,fisher_rao,1.0,101,63,-0.22289782762527466,0.023363031446933746,5
mnist,fisher_rao,1.0,101,64,-0.11054891347885132,0.07385548949241638,3
mnist,fisher_rao,1.0,101,65,-0.04924505949020386,0.03874482959508896,9
mnist,fisher_rao,1.0,101,66,-0.10138154029846191,0.14042800664901733,1
mnist,fisher_rao,1.0,101,67,-0.12075793743133545,-0.014432746917009354,9
mnist,fisher_rao,1.0,101,68,0.007026016712188721,0.00507301464676857,4
mnist,fisher_rao,1.0,101,69,-0.480632483959198,-0.09523866325616837,1
mnist,fisher_rao,1.0,101,70,-0.0009145736694335938,-0.0157184936106205,6
mnist,fisher_rao,1.0,101,71,-0.27776435017585754,0.010953940451145172,4
mnist,fisher_rao,1.0,101,72,0.29259324073791504,0.021526560187339783,3
mnist,fisher_rao,1.0,101,73,-0.18358737230300903,0.031150847673416138,9
mnist,fisher_rao,1.0,101,74,0.16147112846374512,-0.1685757339000702,0
mnist,fisher_rao,1.0,101,75,-0.014091134071350098,-0.08616647124290466,6
mnist,fisher_rao,1.0,101,76,0.25189805030822754,0.1259302794933319,8
mnist,fisher_rao,1.0,101,77,0.09508758783340454,-0.09725555777549744,0
mnist,fisher_rao,1.0,101,78,-0.3260275721549988,0.06696030497550964,1
mnist,fisher_rao,1.0,101,79,-0.3321053981781006,-0.007232079282402992,7
mnist,fisher_rao,1.0,101,80,-0.1367717981338501,-0.07724762707948685,5
mnist,fisher_rao,1.0,101,81,-0.04368096590042114,0.008364245295524597,9
mnist,fisher_rao,1.0,101,82,-0.28284552693367004,0.03355007618665695,4
mnist,fisher_rao,1.0,101,83,0.04414856433868408,0.08455214649438858,6
mnist,fisher_rao,1.0,101,84,-0.421718031167984,0.040351592004299164,1
mnist,fisher_rao,1.0,101,85,0.5057941675186157,0.18611836433410645,4
mnist,fisher_rao,1.0,101,86,-0.05104780197143555,0.028408706188201904,2
mnist,fisher_rao,1.0,101,87,0.257659912109375,-0.04175029695034027,0
mnist,fisher_rao,1.0,101,88,-0.1777471899986267,0.02195531129837036,7
mnist,fisher_rao,1.0,101,89,-0.2672467827796936,0.01570841297507286,9
mnist,fisher_rao,1.0,101,90,0.04619157314300537,-0.00304567813873291,7
mnist,fisher_rao,1.0,101,91,-0.30124974250793457,0.05350247770547867,1
mnist,fisher_rao,1.0,101,92,-0.40671369433403015,0.018063541501760483,1
mnist,fisher_rao,1.0,101,93,-0.20719283819198608,0.048327647149562836,7
mnist,fisher_rao,1.0,101,94,0.0034667253494262695,-0.08272317051887512,8
mnist,fisher_rao,1.0,101,95,0.5155551433563232,-0.14164038002490997,0
mnist,fisher_rao,1.0,101,96,0.033503055572509766,-0.04507068544626236,0
mnist,fisher_rao,1.0,101,97,-0.23659932613372803,-0.132188618183136,4
mnist,fisher_rao,1.0,101,98,-0.018064022064208984,0.06215210258960724,5
mnist,fisher_rao,1.0,101,99,-0.1350541114807129,-0.008105026558041573,2
mnist,fisher_rao,1.0,101,100,0.7095229625701904,-0.10178142786026001,6
mnist,fisher_rao,1.0,101,101,-0.10189986228942871,0.082463338971138,8
mnist,fisher_rao,1.0,101,102,-0.0031574368476867676,-0.027876734733581543,4
mnist,fisher_rao,1.0,101,103,0.5782536268234253,-0.0033763349056243896,5
mnist,fisher_rao,1.0,101,104,0.14114820957183838,-0.1383444368839264,0
mnist,fisher_rao,1.0,101,105,-0.09617656469345093,-0.06367728114128113,9
mnist,fisher_rao,1.0,101,106,0.7949312925338745,0.10546053200960159,6
mnist,fisher_rao,1.0,101,107,-0.1609581708908081,0.11003866046667099,1
mnist,fisher_rao,1.0,101,108,0.026752352714538574,0.15961721539497375,9
mnist,fisher_rao,1.0,101,109,0.18831241130828857,0.015755821019411087,4
mnist,fisher_rao,1.0,101,110,-0.25853633880615234,0.022044334560632706,2
mnist,fisher_rao,1.0,101,111,-0.23592042922973633,-0.1016840785741806,6
mnist,fisher_rao,1.0,101,112,-0.13363152742385864,-0.006182065233588219,4
mnist,fisher_rao,1.0,101,113,0.3504619598388672,0.06485436111688614,3
mnist,fisher_rao,1.0,101,114,0.19871580600738525,-0.024205291643738747,5
mnist,fisher_rao,1.0,101,115,0.2911195755004883,0.10507335513830185,2
mnist,fisher_rao,1.0,101,116,0.08075100183486938,0.14761999249458313,9
mnist,fisher_rao,1.0,101,117,0.05474132299423218,0.08991485834121704,6
mnist,fisher_rao,1.0,101,118,-0.006642758846282959,0.020417779684066772,6
mnist,fisher_rao,1.0,101,119,-0.23195034265518188,-0.13265520334243774,5
mnist,fisher_rao,1.0,101,120,-0.49804985523223877,0.05050253868103027,1
mnist,fisher_rao,1.0,101,121,0.08684927225112915,-0.0844130888581276,5
mnist,fisher_rao,1.0,101,122,0.16831862926483154,-0.00014937296509742737,6
mnist,fisher_rao,1.0,101,123,-0.2636035680770874,0.01435837522149086,3
mnist,fisher_rao,1.0,101,124,-0.4779001772403717,0.00436614453792572,1
mnist,fisher_rao,1.0,101,125,-0.1999189853668213,0.006185911595821381,2
mnist,fisher_rao,1.0,101,126,-0.03513538837432861,-0.022237543016672134,5
mnist,fisher_rao,1.0,101,127,-0.05016142129898071,-0.05329260230064392,9
mnist,kl,0.3,101,0,-0.9889369010925293,0.09485506266355515,9
mnist,kl,0.3,101,1,-3.938394784927368,-0.03515198826789856,7
mnist,kl,0.3,101,2,-0.29174232482910156,-0.045554935932159424,6
mnist,kl,0.3,101,3,-0.9479146003723145,-0.009736403822898865,5
mnist,kl,0.3,101,4,-0.2826657295227051,0.3500518500804901,0
mnist,kl,0.3,101,5,-4.305715560913086,0.00454925000667572,1
mnist,kl,0.3,101,6,2.458404541015625,0.08431091904640198,0
mnist,kl,0.3,101,7,2.1974973678588867,0.03632684051990509,9
mnist,kl,0.3,101,8,-0.9018054008483887,-0.14384329319000244,9
mnist,kl,0.3,101,9,-0.1615428924560547,-0.07550385594367981,2
mnist,kl,0.3,101,10,-2.765758991241455,0.01678144931793213,4
mnist,kl,0.3,101,11,0.43487071990966797,-0.0532555878162384,5
mnist,kl,0.3,101,12,3.988292694091797,0.12052813917398453,8
mnist,kl,0.3,101,13,2.4270076751708984,0.06056991219520569,2
mnist,kl,0.3,101,14,1.2813949584960938,0.016752630472183228,8
mnist,kl,0.3,101,15,2.122903823852539,-0.020260870456695557,6
mnist,kl,0.3,101,16,-0.8355660438537598,-0.07398664951324463,2
mnist,kl,0.3,101,17,7.337080955505371,-0.3458911180496216,3
mnist,kl,0.3,101,18,0.3559865951538086,-0.11706280708312988,7
mnist,kl,0.3,101,19,1.5296001434326172,-0.02053685486316681,9
mnist,kl,0.3,101,20,5.156120300292969,-0.06768471002578735,8
mnist,kl,0.3,101,21,0.9198160171508789,-0.16388928890228271,3
mnist,kl,0.3,101,22,1.3397636413574219,-0.025240197777748108,5
mnist,kl,0.3,101,23,-0.8177056312561035,0.023555174469947815,1
mnist,kl,0.3,101,24,-0.6848444938659668,0.09839402884244919,0
mnist,kl,0.3,101,25,-1.548187255859375,0.0421161949634552,4
mnist,kl,0.3,101,26,-1.0691542625427246,0.024762257933616638,9
mnist,kl,0.3,101,27,1.0191659927368164,0.2402471899986267,2
mnist,kl,0.3,101,28,-2.449828624725342,0.07974203675985336,4
mnist,kl,0.3,101,29,-0.13175392150878906,-0.14047670364379883,8
mnist,kl,0.3,101,30,-0.8388814926147461,0.01142863929271698,5
mnist,kl,0.3,101,31,1.3299713134765625,0.2679988741874695,0
mnist,kl,0.3,101,32,1.2191877365112305,-0.11299264430999756,4
mnist,kl,0.3,101,33,3.3461122512817383,0.026439324021339417,0
mnist,kl,0.3,101,34,-0.07896757125854492,-0.13136029243469238,2
mnist,kl,0.3,101,35,1.77337646484375,0.016411304473876953,2
mnist,kl,0.3,101,36,0.9338235855102539,-0.016059592366218567,3
mnist,kl,0.3,101,37,-3.021055221557617,-0.032686322927474976,1
mnist,kl,0.3,101,38,-0.09235382080078125,0.28775936365127563,0
mnist,kl,0.3,101,39,0.4345998764038086,-0.05619840323925018,6
mnist,kl,0.3,101,40,-3.333601474761963,0.022974759340286255,1
mnist,kl,0.3,101,41,-1.1058168411254883,-0.1288294792175293,1
mnist,kl,0.3,101,42,-0.646484375,0.0669512152671814,3
mnist,kl,0.3,101,43,-0.11487340927124023,-0.04641488194465637,7
mnist,kl,0.3,101,44,2.645535469055176,0.0757082924246788,5
mnist,kl,0.3,101,45,0.42640113830566406,-0.06690561771392822,3
mnist,kl,0.3,101,46,-1.5258193016052246,0.05003426969051361,1
mnist,kl,0.3,101,47,1.7454004287719727,-0.1622939109802246,2
mnist,kl,0.3,101,48,-1.6232309341430664,0.17436066269874573,4
mnist,kl,0.3,101,49,-3.4945263862609863,-0.0147218257188797,1
mnist,kl,0.3,101,50,-3.6495866775512695,-0.008736252784729004,1
mnist,kl,0.3,101,51,-4.457498550415039,0.05141793191432953,1
mnist,kl,0.3,101,52,0.4700632095336914,-0.10253751277923584,1
mnist,kl,0.3,101,53,2.1837539672851562,-0.16104376316070557,8
mnist,kl,0.3,101,54,2.7233963012695312,-0.09092661738395691,6
mnist,kl,0.3,101,55,0.2612485885620117,0.16755004227161407,2
mnist,kl,0.3,101,56,-2.224003791809082,-0.07422038912773132,1
mnist,kl,0.3,101,57,-0.2617011070251465,-0.11701419949531555,6
mnist,kl,0.3,101,58,-2.808648109436035,-0.05741986632347107,7
mnist,kl,0.3,101,59,-3.023591995239258,-0.057267069816589355,1
mnist,kl,0.3,101,60,0.11597728729248047,0.14834164083003998,6
mnist,kl,0.3,101,61,0.4165306091308594,-0.010010749101638794,7
mnist,kl,0.3,101,62,2.337235450744629,0.13275203108787537,2
mnist,kl,0.3,101,63,-1.5040688514709473,-0.048104166984558105,3
mnist,kl,0.3,101,64,2.7630672454833984,-0.013926178216934204,3
mnist,kl,0.3,101,65,-3.2568583488464355,-0.024202585220336914,4
mnist,kl,0.3,101,66,4.078981399536133,0.026362627744674683,5
mnist,kl,0.3,101,67,-3.0923352241516113,-0.037427082657814026,1
mnist,kl,0.3,101,68,-0.9683394432067871,0.10024701803922653,5
mnist,kl,0.3,101,69,-2.743504524230957,-0.05036328732967377,1
mnist,kl,0.3,101,70,-1.090463638305664,-0.0510483980178833,8
mnist,kl,0.3,101,71,-1.415360927581787,-0.009194523096084595,9
mnist,kl,0.3,101,72,0.14555835723876953,-0.06077820062637329,8
mnist,kl,0.3,101,73,2.414854049682617,0.20210102200508118,2
mnist,kl,0.3,101,74,-0.04923200607299805,0.012658432126045227,4
mnist,kl,0.3,101,75,-0.3398141860961914,0.21643595397472382,0
mnist,kl,0.3,101,76,0.006814002990722656,-0.023089200258255005,5
mnist,kl,0.3,101,77,0.735194206237793,-0.20459455251693726,4
mnist,kl,0.3,101,78,-1.76945161819458,-0.07209008932113647,1
mnist,kl,0.3,101,79,0.09834003448486328,-0.07378730177879333,3
mnist,kl,0.3,101,80,-1.4192233085632324,0.11164304614067078,8
mnist,kl,0.3,101,81,-2.3759188652038574,0.03213910758495331,9
mnist,kl,0.3,101,82,-4.689694404602051,0.02535177767276764,1
mnist,kl,0.3,101,83,1.322591781616211,-0.25069916248321533,7
mnist,kl,0.3,101,84,-3.5833282470703125,0.18211592733860016,1
mnist,kl,0.3,101,85,-0.18545293807983398,-0.02519536018371582,4
mnist,kl,0.3,101,86,-0.050548553466796875,-0.03842078149318695,9
mnist,kl,0.3,101,87,1.8852338790893555,-0.09952831268310547,6
mnist,kl,0.3,101,88,0.30715084075927734,-0.10771676898002625,9
mnist,kl,0.3,101,89,2.1770200729370117,0.0062903910875320435,4
mnist,kl,0.3,101,90,-0.11748266220092773,-0.0034848004579544067,4
mnist,kl,0.3,101,91,-0.6000957489013672,-0.11089646816253662,3
mnist,kl,0.3,101,92,-2.538163661956787,-0.05709874629974365,1
mnist,kl,0.3,101,93,1.6385345458984375,-0.17366409301757812,3
mnist,kl,0.3,101,94,2.6610422134399414,-0.0397176593542099,9
mnist,kl,0.3,101,95,-2.1141395568847656,-0.018478453159332275,9
mnist,kl,0.3,101,96,1.0720129013061523,-0.17954686284065247,4
mnist,kl,0.3,101,97,-2.8925156593322754,0.02478708326816559,7
mnist,kl,0.3,101,98,3.5207958221435547,-0.1712866723537445,3
mnist,kl,0.3,101,99,-0.5664710998535156,0.07260102778673172,3
mnist,kl,0.3,101,100,1.6345958709716797,-0.2064579427242279,7
mnist,kl,0.3,101,101,-0.3991231918334961,-0.19403374195098877,3
mnist,kl,0.3,101,102,-1.0175161361694336,-0.054218828678131104,6
mnist,kl,0.3,101,103,0.22161197662353516,0.011696398258209229,6
mnist,kl,0.3,101,104,-2.797959327697754,0.037316516041755676,3
mnist,kl,0.3,101,105,-0.7235336303710938,-0.09961721301078796,3
mnist,kl,0.3,101,106,-1.440701961517334,0.10837636888027191,4
mnist,kl,0.3,101,107,-1.849276065826416,-0.07885035872459412,1
mnist,kl,0.3,101,108,-1.4189014434814453,0.005991727113723755,0
mnist,kl,0.3,101,109,1.478001594543457,-0.06705567240715027,8
mnist,kl,0.3,101,110,0.8635110855102539,0.13576745986938477,2
mnist,kl,0.3,101,111,-1.514693260192871,0.14553876221179962,0
mnist,kl,0.3,101,112,1.9236669540405273,-0.08829271793365479,5
mnist,kl,0.3,101,113,-0.05500984191894531,-0.1122748851776123,9
mnist,kl,0.3,101,114,-0.7845859527587891,-0.12814167141914368,1
mnist,kl,0.3,101,115,-1.3363690376281738,-0.0570121705532074,6
mnist,kl,0.3,101,116,2.4038209915161133,0.031117260456085205,2
mnist,kl,0.3,101,117,-4.430274963378906,0.11612474918365479,6
mnist,kl,0.3,101,118,4.822911262512207,0.2809358239173889,0
mnist,kl,0.3,101,119,-4.161993503570557,0.015376821160316467,1
mnist,kl,0.3,101,120,-2.145602226257324,-0.07315152883529663,1
mnist,kl,0.3,101,121,1.528951644897461,-0.17204198241233826,9
mnist,kl,0.3,101,122,-0.1523451805114746,-0.0490373820066452,2
mnist,kl,0.3,101,123,-4.083487510681152,0.04182446002960205,2
mnist,kl,0.3,101,124,-1.2339000701904297,-0.16975200176239014,7
mnist,kl,0.3,101,125,-3.5465517044067383,-0.04784634709358215,1
mnist,kl,0.3,101,126,-1.4621968269348145,0.3328148126602173,0
mnist,kl,0.3,101,127,3.8572635650634766,-0.046091869473457336,5
mnist,kl,0.3,101,128,0.7891674041748047,-0.10299545526504517,7
mnist,kl,0.3,101,129,-2.3586220741271973,0.07128666341304779,1
mnist,kl,0.3,101,130,4.654134750366211,0.0744873657822609,5
mnist,kl,0.3,101,131,2.568406105041504,-0.08839201927185059,5
mnist,kl,0.3,101,132,0.016939163208007812,-0.16466954350471497,9
mnist,kl,0.3,101,133,-2.046844959259033,0.10248412936925888,4
mnist,kl,0.3,101,134,-0.8737702369689941,-0.10334426164627075,8
mnist,kl,0.3,101,135,-1.7998976707458496,-0.11364802718162537,3
mnist,kl,0.3,101,136,-0.24397706985473633,-0.03292006254196167,4
mnist,kl,0.3,101,137,-2.803145408630371,0.0586940199136734,0
mnist,kl,0.3,101,138,-3.560189723968506,0.06604485213756561,2
mnist,kl,0.3,101,139,-1.9781289100646973,0.19699864089488983,6
mnist,kl,0.3,101,140,1.6991844177246094,-0.054355427622795105,2
mnist,kl,0.3,101,141,1.0622587203979492,-0.018512696027755737,8
mnist,kl,0.3,101,142,0.08095121383666992,-0.23054566979408264,7
mnist,kl,0.3,101,143,-0.014518260955810547,0.0474589467048645,5
mnist,kl,0.3,101,144,8.344006538391113,-0.022125452756881714,6
mnist,kl,0.3,101,145,-0.39774513244628906,-0.027737081050872803,5
mnist,kl,0.3,101,146,-0.7327990531921387,-0.09965577721595764,7
mnist,kl,0.3,101,147,0.5568170547485352,0.39404937624931335,0
mnist,kl,0.3,101,148,1.8876895904541016,0.13472120463848114,2
mnist,kl,0.3,101,149,-2.567056655883789,-0.001994222402572632,2
mnist,kl,0.3,101,150,-0.9665160179138184,0.3974951505661011,0
mnist,kl,0.3,101,151,1.4734601974487305,-0.01441684365272522,5
mnist,kl,0.3,101,152,0.554295539855957,-0.1872478425502777,1
mnist,kl,0.3,101,153,1.17791748046875,-0.09113174676895142,8
mnist,kl,0.3,101,154,-0.2916569709777832,-0.0606139600276947,8
mnist,kl,0.3,101,155,-3.33853816986084,-0.008724331855773926,1
mnist,kl,0.3,101,156,1.0350666046142578,-0.04927350580692291,9
mnist,kl,0.3,101,157,0.749049186706543,0.09975995123386383,5
mnist,kl,0.3,101,158,0.17154359817504883,-0.05671226978302002,3
mnist,kl,0.3,101,159,2.4935302734375,0.34710878133773804,0
mnist,kl,0.3,101,160,-1.0805230140686035,0.1493498682975769,5
mnist,kl,0.3,101,161,-1.6907658576965332,-0.048253223299980164,1
mnist,kl,0.3,101,162,-1.207770824432373,-0.11247685551643372,1
mnist,kl,0.3,101,163,4.230438232421875,0.278990238904953,0
mnist,kl,0.3,101,164,5.886318206787109,-0.0662606954574585,5
mnist,kl,0.3,101,165,-1.3334479331970215,-0.050666823983192444,5
mnist,kl,0.3,101,166,-1.4794855117797852,-0.08243981003761292,7
mnist,kl,0.3,101,167,2.07565975189209,-0.07506868243217468,6
mnist,kl,0.3,101,168,1.2576913833618164,0.009270161390304565,3
mnist,kl,0.3,101,169,-3.549807071685791,0.07916394621133804,4
mnist,kl,0.3,101,170,0.35622215270996094,0.023044660687446594,2
mnist,kl,0.3,101,171,-0.019894123077392578,-0.06689640879631042,8
mnist,kl,0.3,101,172,-0.5087199211120605,-0.04978175461292267,8
mnist,kl,0.3,101,173,2.1354570388793945,0.2602151930332184,0
mnist,kl,0.3,101,174,0.1993846893310547,-0.08176043629646301,8
mnist,kl,0.3,101,175,3.0796661376953125,-0.2837296426296234,3
mnist,kl,0.3,101,176,-0.6212339401245117,0.06872272491455078,2
mnist,kl,0.3,101,177,2.7706212997436523,-0.06764057278633118,2
mnist,kl,0.3,101,178,1.2951488494873047,-0.12483802437782288,8
mnist,kl,0.3,101,179,-1.7799501419067383,-0.09323948621749878,3
mnist,kl,0.3,101,180,3.738069534301758,-0.37758398056030273,7
mnist,kl,0.3,101,181,1.6192541122436523,0.2238197922706604,0
mnist,kl,0.3,101,182,-0.8369946479797363,-0.06643402576446533,6
mnist,kl,0.3,101,183,-1.1450161933898926,-0.043244868516922,9
mnist,kl,0.3,101,184,-0.7164978981018066,0.1262192726135254,3
mnist,kl,0.3,101,185,-4.140186309814453,0.05806533992290497,1
mnist,kl,0.3,101,186,1.1230745315551758,0.011359825730323792,6
mnist,kl,0.3,101,187,1.4030170440673828,0.10037507861852646,6
mnist,kl,0.3,101,188,0.5561418533325195,-0.15452149510383606,9
mnist,kl,0.3,101,189,-3.250485420227051,0.13721910119056702,5
mnist,kl,0.3,101,190,-2.6474337577819824,-0.04289467632770538,1
mnist,kl,0.3,101,191,0.4525718688964844,-0.10109755396842957,6
mnist,kl,0.3,101,192,2.173208236694336,0.2296953946352005,6
mnist,kl,0.3,101,193,1.2315616607666016,-0.021179288625717163,4
mnist,kl,0.3,101,194,-2.133537769317627,0.05181148648262024,6
mnist,kl,0.3,101,195,-3.2132248878479004,-0.0276324599981308,1
mnist,kl,0.3,101,196,-1.3203043937683105,0.019996896386146545,5
mnist,kl,0.3,101,197,-1.6912589073181152,-0.06221255660057068,4
mnist,kl,0.3,101,198,0.9523191452026367,-0.0878089964389801,4
mnist,kl,0.3,101,199,-0.9319686889648438,0.08813527226448059,8
mnist,kl,0.3,101,200,-0.7381634712219238,0.1282452642917633,2
mnist,kl,0.3,101,201,-2.092210292816162,0.13822688162326813,1
mnist,kl,0.3,101,202,-0.24059581756591797,-0.16387733817100525,7
mnist,kl,0.3,101,203,-0.3528170585632324,-0.151883065700531,9
mnist,kl,0.3,101,204,1.2839279174804688,0.0003405958414077759,2
mnist,kl,0.3,101,205,-0.7652926445007324,-0.034646958112716675,6
mnist,kl,0.3,101,206,0.8177614212036133,0.07256624847650528,1
mnist,kl,0.3,101,207,-1.9711966514587402,0.1259952336549759,1
mnist,kl,0.3,101,208,-1.790910243988037,0.006576940417289734,6
mnist,kl,0.3,101,209,-1.3355259895324707,0.14865772426128387,8
mnist,kl,0.3,101,210,-1.5046954154968262,-0.10886943340301514,1
mnist,kl,0.3,101,211,0.2060718536376953,0.35815542936325073,0
mnist,kl,0.3,101,212,3.1169347763061523,-0.10396265983581543,8
mnist,kl,0.3,101,213,0.9589242935180664,-0.1657589077949524,3
mnist,kl,0.3,101,214,0.38514137268066406,0.029482394456863403,6
mnist,kl,0.3,101,215,-0.3454108238220215,-0.04263192415237427,5
mnist,kl,0.3,101,216,2.1759185791015625,0.0900641456246376,0
mnist,kl,0.3,101,217,3.7154922485351562,-0.16065511107444763,7
mnist,kl,0.3,101,218,3.3554763793945312,-0.10769930481910706,6
mnist,kl,0.3,101,219,0.9708070755004883,0.03550910949707031,5
mnist,kl,0.3,101,220,1.910029411315918,0.36766934394836426,0
mnist,kl,0.3,101,221,-0.5020327568054199,-0.05371430516242981,2
mnist,kl,0.3,101,222,0.555755615234375,0.05442619323730469,5
mnist,kl,0.3,101,223,-1.009355068206787,0.37361136078834534,0
mnist,kl,0.3,101,224,-0.8556370735168457,0.02508343756198883,2
mnist,kl,0.3,101,225,-4.46647834777832,0.021944448351860046,1
mnist,kl,0.3,101,226,0.8142490386962891,-0.11123237013816833,3
mnist,kl,0.3,101,227,-0.39716148376464844,0.11415394395589828,5
mnist,kl,0.3,101,228,0.8090667724609375,0.04605831205844879,4
mnist,kl,0.3,101,229,-0.4244990348815918,0.02400156855583191,5
mnist,kl,0.3,101,230,2.532735824584961,-0.0732637345790863,4
mnist,kl,0.3,101,231,-1.4042506217956543,0.0011669695377349854,1
mnist,kl,0.3,101,232,2.5771913528442383,0.1193867102265358,6
mnist,kl,0.3,101,233,1.5325279235839844,-0.02795282006263733,5
mnist,kl,0.3,101,234,-1.2042860984802246,-0.09594106674194336,3
mnist,kl,0.3,101,235,-1.818575382232666,-0.14724114537239075,7
mnist,kl,0.3,101,236,0.6870269775390625,-0.023872390389442444,4
mnist,kl,0.3,101,237,2.216832160949707,0.21507087349891663,0
mnist,kl,0.3,101,238,-3.8828961849212646,-0.009750515222549438,1
mnist,kl,0.3,101,239,0.4931640625,-0.12107640504837036,3
mnist,kl,0.3,101,240,0.1606273651123047,-0.23048332333564758,7
mnist,kl,0.3,101,241,2.8944778442382812,-0.1237647533416748,3
mnist,kl,0.3,101,242,2.098576545715332,-0.0052401721477508545,6
mnist,kl,0.3,101,243,3.941908836364746,-8.165836334228516e-05,0
mnist,kl,0.3,101,244,3.3896074295043945,-0.045741721987724304,2
mnist,kl,0.3,101,245,3.8032379150390625,0.05044049024581909,8
mnist,kl,0.3,101,246,-1.0295681953430176,-0.08180946111679077,5
mnist,kl,0.3,101,247,3.3650894165039062,-0.20275616645812988,3
mnist,kl,0.3,101,248,-4.577056884765625,0.052882641553878784,1
mnist,kl,0.3,101,249,4.455624580383301,-0.13360661268234253,2
mnist,kl,0.3,101,250,-0.7261943817138672,0.37189239263534546,0
mnist,kl,0.3,101,251,-2.10044002532959,-0.01176394522190094,3
mnist,kl,0.3,101,252,-0.5658106803894043,-0.11927959322929382,8
mnist,kl,0.3,101,253,-4.070367813110352,-0.0016467273235321045,1
mnist,kl,0.3,101,254,3.2972917556762695,-0.17992570996284485,9
mnist,kl,0.3,101,255,0.023528099060058594,0.12361305952072144,9
mnist,kl,0.3,101,256,-1.062729835510254,-0.10688591003417969,3
mnist,kl,0.3,101,257,-1.592381477355957,-0.016018792986869812,7
mnist,kl,0.3,101,258,-1.5450334548950195,-0.1361694037914276,7
mnist,kl,0.3,101,259,0.6661596298217773,-0.09316146373748779,9
mnist,kl,0.3,101,260,-2.6601743698120117,-0.0922786295413971,1
mnist,kl,0.3,101,261,-1.9963650703430176,-0.04620738327503204,6
mnist,kl,0.3,101,262,-3.057318687438965,0.01895087957382202,9
mnist,kl,0.3,101,263,1.823531150817871,-0.0024948716163635254,6
mnist,kl,0.3,101,264,1.5259571075439453,-0.16056224703788757,8
mnist,kl,0.3,101,265,-2.2179465293884277,-0.03636571764945984,3
mnist,kl,0.3,101,266,-2.0299196243286133,0.005109027028083801,6
mnist,kl,0.3,101,267,-3.2029037475585938,0.04090939462184906,1
mnist,kl,0.3,101,268,-1.9853315353393555,-0.03208106756210327,3
mnist,kl,0.3,101,269,-0.09642267227172852,-0.0529371052980423,4
mnist,kl,0.3,101,270,-0.7712693214416504,-0.03406839072704315,8
mnist,kl,0.3,101,271,-0.6846880912780762,0.06045769155025482,4
mnist,kl,0.3,101,272,-2.146756172180176,0.019028231501579285,5
mnist,kl,0.3,101,273,-3.0203166007995605,-0.04585382342338562,1
mnist,kl,0.3,101,274,-1.6678853034973145,-0.10306811332702637,1
mnist,kl,0.3,101,275,-1.8217740058898926,0.02001175284385681,1
mnist,kl,0.3,101,276,2.308934211730957,-0.046160683035850525,5
mnist,kl,0.3,101,277,4.526097297668457,-0.12209755182266235,3
mnist,kl,0.3,101,278,-1.9275670051574707,-0.07768797874450684,7
mnist,kl,0.3,101,279,3.388796806335449,-0.013471275568008423,5
mnist,kl,0.3,101,280,-0.6932559013366699,-0.1164233386516571,4
mnist,kl,0.3,101,281,4.318940162658691,-0.07400161027908325,3
mnist,kl,0.3,101,282,-1.179366111755371,-0.08109548687934875,7
mnist,kl,0.3,101,283,1.583841323852539,0.05995343625545502,1
mnist,kl,0.3,101,284,1.0893621444702148,0.005303800106048584,2
mnist,kl,0.3,101,285,3.376922607421875,-0.04688490927219391,2
mnist,kl,0.3,101,286,2.1786909103393555,0.050977274775505066,5
mnist,kl,0.3,101,287,3.794236183166504,0.11029494553804398,6
mnist,kl,0.3,101,288,-1.6888012886047363,-0.0580613911151886,7
mnist,kl,0.3,101,289,1.0848569869995117,-0.14059340953826904,9
mnist,kl,0.3,101,290,-1.5961956977844238,-0.10066819190979004,3
mnist,kl,0.3,101,291,-1.0310993194580078,-0.05292344093322754,4
mnist,kl,0.3,101,292,-3.1518168449401855,-0.1461772918701172,2
mnist,kl,0.3,101,293,1.0711183547973633,-0.04151487350463867,6
mnist,kl,0.3,101,294,6.327145576477051,0.26384884119033813,0
mnist,kl,0.3,101,295,-0.4255523681640625,0.03929437696933746,6
mnist,kl,0.3,101,296,0.27095508575439453,-0.06877624988555908,3
mnist,kl,0.3,101,297,4.2591352462768555,-0.14169743657112122,6
mnist,kl,0.3,101,298,1.6907377243041992,0.03672952950000763,8
mnist,kl,0.3,101,299,5.398231506347656,0.31248462200164795,2
mnist,kl,0.3,101,300,0.9564313888549805,-0.17303425073623657,2
mnist,kl,0.3,101,301,1.936833381652832,0.11297981441020966,3
mnist,kl,0.3,101,302,0.36936283111572266,0.09990296512842178,5
mnist,kl,0.3,101,303,1.0580120086669922,-0.11233535408973694,4
mnist,kl,0.3,101,304,-2.5296711921691895,-0.035918623208999634,1
mnist,kl,0.3,101,305,4.881486892700195,-0.011357173323631287,3
mnist,kl,0.3,101,306,-2.523585796356201,0.061488986015319824,4
mnist,kl,0.3,101,307,-3.3317160606384277,-0.11969015002250671,7
mnist,kl,0.3,101,308,-0.31512880325317383,-0.07590854167938232,1
mnist,kl,0.3,101,309,-0.5818114280700684,-0.037050649523735046,9
mnist,kl,0.3,101,310,-0.8603396415710449,-0.14481055736541748,9
mnist,kl,0.3,101,311,-1.1834468841552734,-0.07442161440849304,4
mnist,kl,0.3,101,312,1.3647127151489258,-0.029975607991218567,4
mnist,kl,0.3,101,313,2.194930076599121,0.014882996678352356,2
mnist,kl,0.3,101,314,-3.9188945293426514,-0.004317641258239746,1
mnist,kl,0.3,101,315,0.8219022750854492,0.051181405782699585,6
mnist,kl,0.3,101,316,-0.6144595146179199,0.029146283864974976,5
mnist,kl,0.3,101,317,-3.9281511306762695,0.01715846359729767,1
mnist,kl,0.3,101,318,1.2518911361694336,-0.09931740164756775,8
mnist,kl,0.3,101,319,1.0090703964233398,0.0651848167181015,2
mnist,kl,0.3,101,320,-0.5060076713562012,0.11939797550439835,0
mnist,kl,0.3,101,321,-3.9198832511901855,0.13598836958408356,8
mnist,kl,0.3,101,322,-0.3200187683105469,0.2592895030975342,5
mnist,kl,0.3,101,323,-1.096780776977539,-0.11980298161506653,4
mnist,kl,0.3,101,324,-2.1447763442993164,0.017452284693717957,2
mnist,kl,0.3,101,325,-2.4459280967712402,0.06708016991615295,5
mnist,kl,0.3,101,326,-0.8991279602050781,-0.03879380226135254,6
mnist,kl,0.3,101,327,0.008633136749267578,-0.12388420104980469,9
mnist,kl,0.3,101,328,-0.7267765998840332,-0.07888573408126831,4
mnist,kl,0.3,101,329,-1.6371936798095703,0.02881869673728943,1
mnist,kl,0.3,101,330,-1.9126081466674805,0.27933651208877563,0
mnist,kl,0.3,101,331,1.455179214477539,0.17554059624671936,2
mnist,kl,0.3,101,332,6.34754753112793,0.07594247162342072,2
mnist,kl,0.3,101,333,0.047428131103515625,0.0015163719654083252,5
mnist,kl,0.3,101,334,-1.2045221328735352,-0.13903748989105225,7
mnist,kl,0.3,101,335,-1.3908514976501465,0.34847986698150635,0
mnist,kl,0.3,101,336,-1.826530933380127,-0.055501580238342285,3
mnist,kl,0.3,101,337,-1.2853493690490723,0.2227349430322647,6
mnist,kl,0.3,101,338,-3.5635666847229004,0.01058584451675415,1
mnist,kl,0.3,101,339,1.4932126998901367,-0.0591447651386261,7
mnist,kl,0.3,101,340,0.122802734375,0.009437918663024902,7
mnist,kl,0.3,101,341,-0.1931133270263672,0.1285756230354309,6
mnist,kl,0.3,101,342,0.7567014694213867,0.0472109317779541,3
mnist,kl,0.3,101,343,-3.3542113304138184,-0.0337192565202713,7
mnist,kl,0.3,101,344,0.24128055572509766,-0.06827795505523682,9
mnist,kl,0.3,101,345,0.7766637802124023,0.14801208674907684,5
mnist,kl,0.3,101,346,0.4079742431640625,0.0598607212305069,8
mnist,kl,0.3,101,347,3.410996437072754,0.18461409211158752,2
mnist,kl,0.3,101,348,-0.44068336486816406,-0.11290216445922852,3
mnist,kl,0.3,101,349,0.6813783645629883,-0.005116403102874756,6
mnist,kl,0.3,101,350,0.889338493347168,0.416034460067749,0
mnist,kl,0.3,101,351,0.09292221069335938,0.13962748646736145,0
mnist,kl,0.3,101,352,5.850491523742676,-0.21909114718437195,8
mnist,kl,0.3,101,353,-2.062302589416504,0.0016309916973114014,4
mnist,kl,0.3,101,354,0.18897676467895508,0.014444112777709961,4
mnist,kl,0.3,101,355,-0.34983348846435547,0.057844460010528564,5
mnist,kl,0.3,101,356,-0.8743906021118164,-0.08596765995025635,6
mnist,kl,0.3,101,357,0.2320079803466797,0.11358697712421417,0
mnist,kl,0.3,101,358,3.592097282409668,0.4479610323905945,0
mnist,kl,0.3,101,359,-1.8003754615783691,-0.09382215142250061,1
mnist,kl,0.3,101,360,-4.346948146820068,0.18429099023342133,5
mnist,kl,0.3,101,361,6.400937080383301,-0.22737771272659302,8
mnist,kl,0.3,101,362,-1.8665218353271484,-0.09930413961410522,1
mnist,kl,0.3,101,363,1.133275032043457,-0.013302385807037354,9
mnist,kl,0.3,101,364,2.074154853820801,-0.008948102593421936,6
mnist,kl,0.3,101,365,-0.6200189590454102,-0.016922369599342346,5
mnist,kl,0.3,101,366,4.891294479370117,-0.15068551898002625,3
mnist,kl,0.3,101,367,1.3736419677734375,0.10593174397945404,8
mnist,kl,0.3,101,368,-0.28618907928466797,0.00012473762035369873,8
mnist,kl,0.3,101,369,4.921011924743652,0.1477261185646057,2
mnist,kl,0.3,101,370,1.7030982971191406,0.21372371912002563,6
mnist,kl,0.3,101,371,1.0181550979614258,0.010901138186454773,6
mnist,kl,0.3,101,372,1.0716161727905273,0.23714780807495117,2
mnist,kl,0.3,101,373,1.4013376235961914,0.026529237627983093,9
mnist,kl,0.3,101,374,2.0767898559570312,0.06582336127758026,8
mnist,kl,0.3,101,375,-3.732083797454834,-0.054241180419921875,1
mnist,kl,0.3,101,376,0.3950376510620117,-0.1289028525352478,9
mnist,kl,0.3,101,377,-0.7012629508972168,0.03353390097618103,2
mnist,kl,0.3,101,378,2.040811538696289,0.11905118077993393,3
mnist,kl,0.3,101,379,-4.243119716644287,0.07179887592792511,1
mnist,kl,0.3,101,380,-3.0314674377441406,0.0441303551197052,5
mnist,kl,0.3,101,381,3.914552688598633,-0.035843342542648315,2
mnist,kl,0.3,101,382,0.5662012100219727,-0.1836918592453003,9
mnist,kl,0.3,101,383,0.7063875198364258,-0.12980902194976807,6
mnist,kl,0.3,101,384,-3.3742475509643555,0.011720627546310425,1
mnist,kl,0.3,101,385,4.421413421630859,0.019353657960891724,8
mnist,kl,0.3,101,386,3.3712663650512695,-0.20667609572410583,9
mnist,kl,0.3,101,387,-2.710167407989502,-0.06231054663658142,1
mnist,kl,0.3,101,388,-1.80155611038208,-0.0884474515914917,3
mnist,kl,0.3,101,389,2.986166000366211,0.07365540415048599,8
mnist,kl,0.3,101,390,-3.4478607177734375,0.015090256929397583,3
mnist,kl,0.3,101,391,-0.3066749572753906,0.1268068552017212,7
mnist,kl,0.3,101,392,3.023336410522461,0.1308385729789734,0
mnist,kl,0.3,101,393,1.9916715621948242,0.1491389125585556,2
mnist,kl,0.3,101,394,2.145419120788574,-0.07437586784362793,3
mnist,kl,0.3,101,395,1.8306550979614258,-0.17284458875656128,3
mnist,kl,0.3,101,396,-1.0832571983337402,-0.10944271087646484,4
mnist,kl,0.3,101,397,4.74843692779541,0.3865717053413391,0
mnist,kl,0.3,101,398,-0.15189313888549805,-0.06075170636177063,4
mnist,kl,0.3,101,399,0.7885618209838867,-0.17853522300720215,7
mnist,kl,0.3,101,400,7.724992752075195,0.0005369335412979126,8
mnist,kl,0.3,101,401,0.35132884979248047,-0.014264553785324097,9
mnist,kl,0.3,101,402,-0.42840576171875,-0.21257653832435608,3
mnist,kl,0.3,101,403,0.7611427307128906,-0.06432634592056274,8
mnist,kl,0.3,101,404,-2.3728299140930176,-0.09191006422042847,7
mnist,kl,0.3,101,405,0.8277530670166016,0.03432130813598633,2
mnist,kl,0.3,101,406,1.1831750869750977,-0.08124977350234985,4
mnist,kl,0.3,101,407,1.0733728408813477,-0.09335675835609436,9
mnist,kl,0.3,101,408,-1.743748664855957,-0.02110382914543152,3
mnist,kl,0.3,101,409,-1.7323975563049316,-0.03491431474685669,3
mnist,kl,0.3,101,410,1.0864934921264648,0.10794639587402344,8
mnist,kl,0.3,101,411,1.6981086730957031,0.04449474811553955,4
mnist,kl,0.3,101,412,-1.357377529144287,0.05680370330810547,2
mnist,kl,0.3,101,413,2.6519927978515625,-0.09956613183021545,6
mnist,kl,0.3,101,414,7.038592338562012,0.18998979032039642,0
mnist,kl,0.3,101,415,-1.3740744590759277,-0.049043506383895874,8
mnist,kl,0.3,101,416,-0.7768774032592773,-0.1530698835849762,9
mnist,kl,0.3,101,417,1.0082054138183594,-0.09840583801269531,9
mnist,kl,0.3,101,418,-0.48221826553344727,-0.16015514731407166,7
mnist,kl,0.3,101,419,-2.5558180809020996,-0.07594078779220581,1
mnist,kl,0.3,101,420,0.9669227600097656,-0.1696881353855133,8
mnist,kl,0.3,101,421,-0.6997365951538086,-0.05855923891067505,5
mnist,kl,0.3,101,422,-1.9106922149658203,0.11704959720373154,9
mnist,kl,0.3,101,423,-1.431105613708496,-0.1737993061542511,9
mnist,kl,0.3,101,424,-0.36401939392089844,-0.09000605344772339,8
mnist,kl,0.3,101,425,1.7254257202148438,0.3368067443370819,0
mnist,kl,0.3,101,426,0.19337081909179688,0.005585461854934692,5
mnist,kl,0.3,101,427,4.003998756408691,0.24782152473926544,0
mnist,kl,0.3,101,428,2.560906410217285,0.2091347575187683,6
mnist,kl,0.3,101,429,3.698650360107422,-0.1552533507347107,3
mnist,kl,0.3,101,430,4.050992012023926,0.3043360710144043,0
mnist,kl,0.3,101,431,-0.8682479858398438,-0.06628358364105225,6
mnist,kl,0.3,101,432,-3.029242515563965,-0.04835592210292816,1
mnist,kl,0.3,101,433,-1.6882233619689941,-0.014997050166130066,6
mnist,kl,0.3,101,434,-0.4251837730407715,-0.0764775276184082,8
mnist,kl,0.3,101,435,-2.4096293449401855,-0.010432794690132141,3
mnist,kl,0.3,101,436,1.7788267135620117,0.10909830033779144,9
mnist,kl,0.3,101,437,-2.8781871795654297,0.09680020064115524,4
mnist,kl,0.3,101,438,-1.033177375793457,-0.0015176087617874146,2
mnist,kl,0.3,101,439,0.14278459548950195,0.044102758169174194,5
mnist,kl,0.3,101,440,-3.189459800720215,-0.03069409728050232,3
mnist,kl,0.3,101,441,1.6919469833374023,-0.22591790556907654,9
mnist,kl,0.3,101,442,-3.6250524520874023,-0.0003060251474380493,1
mnist,kl,0.3,101,443,-2.628389358520508,-0.09070733189582825,1
mnist,kl,0.3,101,444,1.3693838119506836,0.07658568024635315,6
mnist,kl,0.3,101,445,-1.0808563232421875,-0.1094198226928711,7
mnist,kl,0.3,101,446,-0.9697227478027344,0.09394768625497818,8
mnist,kl,0.3,101,447,-2.496274948120117,-0.0431915819644928,4
mnist,kl,0.3,101,448,-0.86444091796875,-0.05595053732395172,2
mnist,kl,0.3,101,449,-2.0732617378234863,0.08194687962532043,5
mnist,kl,0.3,101,450,-1.7428689002990723,0.06907963007688522,4
mnist,kl,0.3,101,451,-2.5033187866210938,0.04125697910785675,4
mnist,kl,0.3,101,452,-0.22577238082885742,0.20753774046897888,0
mnist,kl,0.3,101,453,-0.9307489395141602,-0.15991345047950745,9
mnist,kl,0.3,101,454,-0.34169816970825195,0.42335522174835205,0
mnist,kl,0.3,101,455,-3.093784809112549,-0.03421369194984436,4
mnist,kl,0.3,101,456,2.029977798461914,0.016303300857543945,3
mnist,kl,0.3,101,457,5.05488395690918,-0.058962881565093994,8
mnist,kl,0.3,101,458,-0.25173282623291016,-0.08601334691047668,6
mnist,kl,0.3,101,459,0.43757152557373047,-0.15049803256988525,4
mnist,kl,0.3,101,460,-1.7854843139648438,0.08238563686609268,5
mnist,kl,0.3,101,461,2.2684593200683594,-0.18224483728408813,7
mnist,kl,0.3,101,462,-1.4573907852172852,0.04728780686855316,2
mnist,kl,0.3,101,463,-2.1375904083251953,-0.023198097944259644,5
mnist,kl,0.3,101,464,-2.5023961067199707,0.15079772472381592,0
mnist,kl,0.3,101,465,-0.152191162109375,-0.0024359524250030518,9
mnist,kl,0.3,101,466,0.8317928314208984,0.007772713899612427,3
mnist,kl,0.3,101,467,-0.8784909248352051,-0.10655614733695984,2
mnist,kl,0.3,101,468,0.19103527069091797,-0.05759990215301514,4
mnist,kl,0.3,101,469,-0.40100526809692383,0.20499470829963684,2
mnist,kl,0.3,101,470,0.5956096649169922,-0.08952027559280396,4
mnist,kl,0.3,101,471,0.31208038330078125,0.2512960433959961,6
mnist,kl,0.3,101,472,1.6642885208129883,0.11251180619001389,6
mnist,kl,0.3,101,473,-0.6043105125427246,0.1101856678724289,8
mnist,kl,0.3,101,474,-0.2642855644226074,-0.06234219670295715,7
mnist,kl,0.3,101,475,-2.3657593727111816,0.022447824478149414,3
mnist,kl,0.3,101,476,-1.2190723419189453,0.033645570278167725,3
mnist,kl,0.3,101,477,2.976687431335449,-0.07656067609786987,4
mnist,kl,0.3,101,478,0.870819091796875,0.21673889458179474,0
mnist,kl,0.3,101,479,0.3795051574707031,0.03105655312538147,5
mnist,kl,0.3,101,480,-3.184715747833252,-0.024642765522003174,1
mnist,kl,0.3,101,481,2.994673728942871,-0.0035925954580307007,5
mnist,kl,0.3,101,482,-1.13673734664917,-0.0670185387134552,4
mnist,kl,0.3,101,483,0.3855457305908203,-0.06263977289199829,8
mnist,kl,0.3,101,484,0.9487619400024414,0.04780064523220062,2
mnist,kl,0.3,101,485,-2.094089984893799,-0.03822930157184601,9
mnist,kl,0.3,101,486,3.379068374633789,-0.00440920889377594,2
mnist,kl,0.3,101,487,-2.0742759704589844,-0.03536926209926605,9
mnist,kl,0.3,101,488,-2.170060157775879,-0.06684243679046631,1
mnist,kl,0.3,101,489,-0.48375749588012695,-0.08432215452194214,6
mnist,kl,0.3,101,490,2.0422630310058594,-0.1104993224143982,8
mnist,kl,0.3,101,491,2.0801658630371094,0.23891741037368774,0
mnist,kl,0.3,101,492,1.8561468124389648,-0.05606140196323395,6
mnist,kl,0.3,101,493,-0.9549002647399902,-0.06018742918968201,4
mnist,kl,0.3,101,494,0.04827404022216797,-0.12480127811431885,3
mnist,kl,0.3,101,495,-1.7516980171203613,-0.05421043932437897,1
mnist,kl,0.3,101,496,1.307906150817871,-0.003992319107055664,2
mnist,kl,0.3,101,497,-1.2441420555114746,-0.01148255169391632,5
mnist,kl,0.3,101,498,-2.877227783203125,-0.06805074214935303,4
mnist,kl,0.3,101,499,-1.7869033813476562,-0.1471042037010193,7
